codEmpresa;nomEmpresa;numReserva;codEmpenho;anoEmpenho;mesEmpenho;datEmpenho;codProcesso;numCpfCnpj;txtRazaoSocial;numContrato;anoContrato;codOrgao;orgao;txDescricaoOrgao;codUnidade;txDescricaoUnidade;codFuncao;txDescricaoFuncao;codSubFuncao;txDescricaoSubFuncao;codPrograma;txDescricaoPrograma;codProjetoAtividade;txDescricaoProjetoAtividade;coordenacao;politicas_para;acao_programatica;codCategoria;txDescricaoCategoriaEconomica;codGrupo;txDescricaoGrupoDespesa;codModalidade;txDescricaoModalidade;codElemento;txDescricaoElemento;codDespesa;codFonteRecurso;txDescricaoFonteRecurso;codItemDespesa;txDescricaoItemDespesa;codSubElemento;txDescricaoSubElementoDespesa;dotacao_completa;valTotalEmpenhado;valAnuladoEmpenho;valEmpenhadoLiquido;valLiquidado;valPagoExercicio;valPagoRestos;codReferencia;codDestinacaoRecurso;codVinculacaoRecurso;codExeFonte;data_hora_extracao;numeroOriginalContrato;Fonte;cod_orgao;num_elemento;nome_elemento;acao;anexo_siglaUnidadeMedida;anexo_descricaoAnexo;anexo_qtdeAnexo;anexo_valorUnitarioAnexo
01;PREFEITURA DO MUNICÍPIO DE SÃO PAULO;260;637;2026;1;19/01/2026 00:00:00;6074.2023/0000430-2;60978723000191;UNIAO BRASILEIRO ISRAELITA DO BEM ESTAR SOCIAL UNIBES;1011;2026;8;FMID;Fundo Municipal do Idoso;10;Fundo Municipal do Idoso;14;Direitos da Cidadania;241;Assistência ao Idoso;4023;Políticas para População Idosa;2813;Ações Permanentes de Promoção dos Direitos da População Idosa;FMID;Idoso;FMID;3;Despesas Correntes;3;Outras Despesas Correntes;50;Transferências a Instituições Privadas sem Fins Lucrativos;39;Serviços de Assistência Social;30305003900;08.1.759.1183;PMSP-SMDHC/FUNDO MUNICIPAL DO IDOSO-FMID;2;Outras Despesas;5;Outros Serviços de Terceiros - Pessoa Jurídica;08.010.014.0241.04023.02813.030305003900.008.1.759.1183;50400.0;0.0;50400.0;25200.0;25200.0;0.0;;759;1183;1;02/03/2026 09:48:48;;08;8;;;2813;UN;"Projeto ""Espaço Conviver""";1;50400.0
01;PREFEITURA DO MUNICÍPIO DE SÃO PAULO;260;641;2026;1;19/01/2026 00:00:00;6074.2023/0000430-2;60978723000191;UNIAO BRASILEIRO ISRAELITA DO BEM ESTAR SOCIAL UNIBES;1011;2026;8;FMID;Fundo Municipal do Idoso;10;Fundo Municipal do Idoso;14;Direitos da Cidadania;241;Assistência ao Idoso;4023;Políticas para População Idosa;2813;Ações Permanentes de Promoção dos Direitos da População Idosa;FMID;Idoso;FMID;3;Despesas Correntes;3;Outras Despesas Correntes;50;Transferências a Instituições Privadas sem Fins Lucrativos;39;Serviços de Assistência Social;30305003900;08.1.759.1183;PMSP-SMDHC/FUNDO MUNICIPAL DO IDOSO-FMID;2;Remuneração de Pessoal;5;Outros Serviços de Terceiros - Pessoa Jurídica;08.010.014.0241.04023.02813.030305003900.008.1.759.1183;62860.08;0.0;62860.08;31430.04;31430.04;0.0;;759;1183;1;02/03/2026 09:48:48;;08;8;;;2813;UN;"Projeto ""Espaço Conviver""";1;62860.08
01;PREFEITURA DO MUNICÍPIO DE SÃO PAULO;218;2117;2026;1;20/01/2026 00:00:00;6074.2023/0000376-4;10288958000183;ASSOCIACAO BRASILEIRA DE APOIO A TERCEIRA IDADE  ABRATI;1199;2026;8;FMID;Fundo Municipal do Idoso;10;Fundo Municipal do Idoso;14;Direitos da Cidadania;241;Assistência ao Idoso;4023;Políticas para População Idosa;2813;Ações Permanentes de Promoção dos Direitos da População Idosa;FMID;Idoso;FMID;3;Despesas Correntes;3;Outras Despesas Correntes;50;Transferências a Instituições Privadas sem Fins Lucrativos;39;Serviços de Assistência Social;30305003900;08.1.759.1183;PMSP-SMDHC/FUNDO MUNICIPAL DO IDOSO-FMID;2;Outras Despesas;5;Outros Serviços de Terceiros - Pessoa Jurídica;08.010.014.0241.04023.02813.030305003900.008.1.759.1183;183127.34;0.0;183127.34;99887.64;99887.64;0.0;;759;1183;1;02/03/2026 09:48:48;;08;8;;;2813;UN;"Projeto ""ABRATI Cultura +60""";1;183127.34
01;PREFEITURA DO MUNICÍPIO DE SÃO PAULO;267;6562;2026;1;22/01/2026 00:00:00;6074.2023/0000490-6;27079486000151;INSTITUTO CASA COMUM;1009;2026;8;FMID;Fundo Municipal do Idoso;10;Fundo Municipal do Idoso;14;Direitos da Cidadania;241;Assistência ao Idoso;4023;Políticas para População Idosa;2813;Ações Permanentes de Promoção dos Direitos da População Idosa;FMID;Idoso;FMID;3;Despesas Correntes;3;Outras Despesas Correntes;50;Transferências a Instituições Privadas sem Fins Lucrativos;39;Serviços de Assistência Social;30305003900;08.1.759.1183;PMSP-SMDHC/FUNDO MUNICIPAL DO IDOSO-FMID;2;Outras Despesas;5;Outros Serviços de Terceiros - Pessoa Jurídica;08.010.014.0241.04023.02813.030305003900.008.1.759.1183;236310.0;0.0;236310.0;108088.0;108088.0;0.0;;759;1183;1;02/03/2026 09:48:48;;08;8;;;2813;UN;"TFM/091/2025/SMDHC/FMID - Projeto ""Kujua Wazee nas escolas – memorar e existir, histórias afro atlanticas"" ";1;236310.0
01;PREFEITURA DO MUNICÍPIO DE SÃO PAULO;8789;8211;2026;1;23/01/2026 00:00:00;6074.2023/0000504-0;08279661000100;INOVHA  INSTITUTO NACIONAL DE VALORIZACAO HUMANA E AMBIENTAL;17837;2024;8;FMID;Fundo Municipal do Idoso;10;Fundo Municipal do Idoso;14;Direitos da Cidadania;241;Assistência ao Idoso;4023;Políticas para População Idosa;2813;Ações Permanentes de Promoção dos Direitos da População Idosa;FMID;Idoso;FMID;3;Despesas Correntes;3;Outras Despesas Correntes;50;Transferências a Instituições Privadas sem Fins Lucrativos;39;Serviços de Assistência Social;30305003900;08.1.759.1183;PMSP-SMDHC/FUNDO MUNICIPAL DO IDOSO-FMID;2;Outras Despesas;5;Outros Serviços de Terceiros - Pessoa Jurídica;08.010.014.0241.04023.02813.030305003900.008.1.759.1183;86958.0;0.0;86958.0;86958.0;0.0;0.0;;759;1183;1;02/03/2026 09:48:48;;08;8;;;2813;UN;"TFM/084/2024/SMDHC/FMID - Projeto ""Cuidando e capacitando"".";1;86958.0
01;PREFEITURA DO MUNICÍPIO DE SÃO PAULO;8803;8236;2026;1;23/01/2026 00:00:00;6074.2023/0000314-4;04589879000100;ASSOCIACAO DE AMPARO AO IDOSO;18012;2024;8;FMID;Fundo Municipal do Idoso;10;Fundo Municipal do Idoso;14;Direitos da Cidadania;241;Assistência ao Idoso;4023;Políticas para População Idosa;2813;Ações Permanentes de Promoção dos Direitos da População Idosa;FMID;Idoso;FMID;3;Despesas Correntes;3;Outras Despesas Correntes;50;Transferências a Instituições Privadas sem Fins Lucrativos;39;Serviços de Assistência Social;30305003900;08.1.759.1183;PMSP-SMDHC/FUNDO MUNICIPAL DO IDOSO-FMID;2;Outras Despesas;5;Outros Serviços de Terceiros - Pessoa Jurídica;08.010.014.0241.04023.02813.030305003900.008.1.759.1183;15750.0;0.0;15750.0;15750.0;0.0;0.0;;759;1183;1;02/03/2026 09:48:48;;08;8;;;2813;UN;"TFM/105/2024/SMDHC/FMID - Projeto ""Agente de Cidadania 60+""";1;15750.0
01;PREFEITURA DO MUNICÍPIO DE SÃO PAULO;8803;8240;2026;1;23/01/2026 00:00:00;6074.2023/0000314-4;04589879000100;ASSOCIACAO DE AMPARO AO IDOSO;18012;2024;8;FMID;Fundo Municipal do Idoso;10;Fundo Municipal do Idoso;14;Direitos da Cidadania;241;Assistência ao Idoso;4023;Políticas para População Idosa;2813;Ações Permanentes de Promoção dos Direitos da População Idosa;FMID;Idoso;FMID;3;Despesas Correntes;3;Outras Despesas Correntes;50;Transferências a Instituições Privadas sem Fins Lucrativos;39;Serviços de Assistência Social;30305003900;08.1.759.1183;PMSP-SMDHC/FUNDO MUNICIPAL DO IDOSO-FMID;2;Remuneração de Pessoal;5;Outros Serviços de Terceiros - Pessoa Jurídica;08.010.014.0241.04023.02813.030305003900.008.1.759.1183;89798.34;0.0;89798.34;89798.34;0.0;0.0;;759;1183;1;02/03/2026 09:48:48;;08;8;;;2813;UN;"TFM/105/2024/SMDHC/FMID - Projeto ""Agente de Cidadania 60+""";1;89798.34
01;PREFEITURA DO MUNICÍPIO DE SÃO PAULO;8810;8259;2026;1;23/01/2026 00:00:00;6074.2023/0000468-0;62805759000107;FUNDACAO JULITA;19016;2024;8;FMID;Fundo Municipal do Idoso;10;Fundo Municipal do Idoso;14;Direitos da Cidadania;241;Assistência ao Idoso;4023;Políticas para População Idosa;2813;Ações Permanentes de Promoção dos Direitos da População Idosa;FMID;Idoso;FMID;3;Despesas Correntes;3;Outras Despesas Correntes;50;Transferências a Instituições Privadas sem Fins Lucrativos;39;Serviços de Assistência Social;30305003900;08.1.759.1183;PMSP-SMDHC/FUNDO MUNICIPAL DO IDOSO-FMID;2;Outras Despesas;5;Outros Serviços de Terceiros - Pessoa Jurídica;08.010.014.0241.04023.02813.030305003900.008.1.759.1183;36964.58;0.0;36964.58;36964.58;36964.58;0.0;;759;1183;1;02/03/2026 09:48:48;;08;8;;;2813;UN;"TFM/094/2024/SMDHC/FMID - Projeto ""Terceiro Sinal: Promovendo o protagonismo da pessoa idosa em produções artísticas e culturais.""";1;36964.58
01;PREFEITURA DO MUNICÍPIO DE SÃO PAULO;8810;8261;2026;1;23/01/2026 00:00:00;6074.2023/0000468-0;62805759000107;FUNDACAO JULITA;19016;2024;8;FMID;Fundo Municipal do Idoso;10;Fundo Municipal do Idoso;14;Direitos da Cidadania;241;Assistência ao Idoso;4023;Políticas para População Idosa;2813;Ações Permanentes de Promoção dos Direitos da População Idosa;FMID;Idoso;FMID;3;Despesas Correntes;3;Outras Despesas Correntes;50;Transferências a Instituições Privadas sem Fins Lucrativos;39;Serviços de Assistência Social;30305003900;08.1.759.1183;PMSP-SMDHC/FUNDO MUNICIPAL DO IDOSO-FMID;2;Remuneração de Pessoal;5;Outros Serviços de Terceiros - Pessoa Jurídica;08.010.014.0241.04023.02813.030305003900.008.1.759.1183;34202.74;0.0;34202.74;34202.74;34202.74;0.0;;759;1183;1;02/03/2026 09:48:48;;08;8;;;2813;UN;"TFM/094/2024/SMDHC/FMID - Projeto ""Terceiro Sinal: Promovendo o protagonismo da pessoa idosa em produções artísticas e culturais.""";1;34202.74
01;PREFEITURA DO MUNICÍPIO DE SÃO PAULO;8824;8274;2026;1;23/01/2026 00:00:00;6074.2023/0000470-1;06373008000180;ASSOCIACAO CULTURAL ARTISTICA CINE FAVELA;35234;2024;8;FMID;Fundo Municipal do Idoso;10;Fundo Municipal do Idoso;14;Direitos da Cidadania;241;Assistência ao Idoso;4023;Políticas para População Idosa;2813;Ações Permanentes de Promoção dos Direitos da População Idosa;FMID;Idoso;FMID;3;Despesas Correntes;3;Outras Despesas Correntes;50;Transferências a Instituições Privadas sem Fins Lucrativos;39;Serviços de Assistência Social;30305003900;08.1.759.1183;PMSP-SMDHC/FUNDO MUNICIPAL DO IDOSO-FMID;2;Outras Despesas;5;Outros Serviços de Terceiros - Pessoa Jurídica;08.010.014.0241.04023.02813.030305003900.008.1.759.1183;327000.0;0.0;327000.0;139400.0;0.0;0.0;;759;1183;1;02/03/2026 09:48:48;;08;8;;;2813;UN;"TFM/189/2024/SMDHC/FMID - Projeto ""Inclusão Digital de Pessoas Idosas no Cine Favela Heliópolis"".";1;327000.0
01;PREFEITURA DO MUNICÍPIO DE SÃO PAULO;8824;8277;2026;1;23/01/2026 00:00:00;6074.2023/0000470-1;06373008000180;ASSOCIACAO CULTURAL ARTISTICA CINE FAVELA;35234;2024;8;FMID;Fundo Municipal do Idoso;10;Fundo Municipal do Idoso;14;Direitos da Cidadania;241;Assistência ao Idoso;4023;Políticas para População Idosa;2813;Ações Permanentes de Promoção dos Direitos da População Idosa;FMID;Idoso;FMID;3;Despesas Correntes;3;Outras Despesas Correntes;50;Transferências a Instituições Privadas sem Fins Lucrativos;39;Serviços de Assistência Social;30305003900;08.1.759.1183;PMSP-SMDHC/FUNDO MUNICIPAL DO IDOSO-FMID;2;Remuneração de Pessoal;5;Outros Serviços de Terceiros - Pessoa Jurídica;08.010.014.0241.04023.02813.030305003900.008.1.759.1183;390063.91;0.0;390063.91;156025.6;0.0;0.0;;759;1183;1;02/03/2026 09:48:48;;08;8;;;2813;UN;"TFM/189/2024/SMDHC/FMID - Projeto ""Inclusão Digital de Pessoas Idosas no Cine Favela Heliópolis"".";1;390063.91
01;PREFEITURA DO MUNICÍPIO DE SÃO PAULO;8835;8293;2026;1;23/01/2026 00:00:00;6074.2023/0000495-7;18110558000195;ASSOCIACAO ATADOS;1852;2025;8;FMID;Fundo Municipal do Idoso;10;Fundo Municipal do Idoso;14;Direitos da Cidadania;241;Assistência ao Idoso;4023;Políticas para População Idosa;2813;Ações Permanentes de Promoção dos Direitos da População Idosa;FMID;Idoso;FMID;3;Despesas Correntes;3;Outras Despesas Correntes;50;Transferências a Instituições Privadas sem Fins Lucrativos;39;Serviços de Assistência Social;30305003900;08.1.759.1183;PMSP-SMDHC/FUNDO MUNICIPAL DO IDOSO-FMID;2;Outras Despesas;5;Outros Serviços de Terceiros - Pessoa Jurídica;08.010.014.0241.04023.02813.030305003900.008.1.759.1183;77750.0;0.0;77750.0;77750.0;77750.0;0.0;;759;1183;1;02/03/2026 09:48:48;;08;8;;;2813;UN;"TFM/199/2024/SMDHC/FMID - Projeto ""Universidade da Vida""";1;77750.0
01;PREFEITURA DO MUNICÍPIO DE SÃO PAULO;8845;8299;2026;1;23/01/2026 00:00:00;6074.2023/0000375-6;10288958000183;ASSOCIACAO BRASILEIRA DE APOIO A TERCEIRA IDADE  ABRATI;9538;2025;8;FMID;Fundo Municipal do Idoso;10;Fundo Municipal do Idoso;14;Direitos da Cidadania;241;Assistência ao Idoso;4023;Políticas para População Idosa;2813;Ações Permanentes de Promoção dos Direitos da População Idosa;FMID;Idoso;FMID;3;Despesas Correntes;3;Outras Despesas Correntes;50;Transferências a Instituições Privadas sem Fins Lucrativos;39;Serviços de Assistência Social;30305003900;08.1.759.1183;PMSP-SMDHC/FUNDO MUNICIPAL DO IDOSO-FMID;2;Outras Despesas;5;Outros Serviços de Terceiros - Pessoa Jurídica;08.010.014.0241.04023.02813.030305003900.008.1.759.1183;133317.09;0.0;133317.09;44439.03;44439.03;0.0;;759;1183;1;02/03/2026 09:48:48;;08;8;;;2813;UN;"TFM/024/2025/SMDHC/FMID - Projeto ""Capacitação Turbinada""";1;133317.09
01;PREFEITURA DO MUNICÍPIO DE SÃO PAULO;8852;8304;2026;1;23/01/2026 00:00:00;6074.2023/0000374-8;10288958000183;ASSOCIACAO BRASILEIRA DE APOIO A TERCEIRA IDADE  ABRATI;10026;2025;8;FMID;Fundo Municipal do Idoso;10;Fundo Municipal do Idoso;14;Direitos da Cidadania;241;Assistência ao Idoso;4023;Políticas para População Idosa;2813;Ações Permanentes de Promoção dos Direitos da População Idosa;FMID;Idoso;FMID;3;Despesas Correntes;3;Outras Despesas Correntes;50;Transferências a Instituições Privadas sem Fins Lucrativos;39;Serviços de Assistência Social;30305003900;08.1.759.1183;PMSP-SMDHC/FUNDO MUNICIPAL DO IDOSO-FMID;2;Outras Despesas;5;Outros Serviços de Terceiros - Pessoa Jurídica;08.010.014.0241.04023.02813.030305003900.008.1.759.1183;146630.1;0.0;146630.1;58652.04;58652.04;0.0;;759;1183;1;02/03/2026 09:48:48;;08;8;;;2813;UN;"TFM/031/2025/SMDHC/FMID - Projeto ""ENVELHECER COM NOTA MÁXIMA"" ";1;146630.1
01;PREFEITURA DO MUNICÍPIO DE SÃO PAULO;8862;8312;2026;1;23/01/2026 00:00:00;6074.2023/0000469-8;62788484000132;CASA DOS VELHINHOS DE ONDINA LOBO;15037;2025;8;FMID;Fundo Municipal do Idoso;10;Fundo Municipal do Idoso;14;Direitos da Cidadania;241;Assistência ao Idoso;4023;Políticas para População Idosa;2813;Ações Permanentes de Promoção dos Direitos da População Idosa;FMID;Idoso;FMID;3;Despesas Correntes;3;Outras Despesas Correntes;50;Transferências a Instituições Privadas sem Fins Lucrativos;39;Serviços de Assistência Social;30305003900;08.1.759.1183;PMSP-SMDHC/FUNDO MUNICIPAL DO IDOSO-FMID;2;Outras Despesas;5;Outros Serviços de Terceiros - Pessoa Jurídica;08.010.014.0241.04023.02813.030305003900.008.1.759.1183;821048.83;0.0;821048.83;491821.92;491821.92;0.0;;759;1183;1;02/03/2026 09:48:48;;08;8;;;2813;UN;"TFM/039/2025/SMDHC/FMID - Projeto ""Espaço Intergeracional e Educacional para Alimentação Saudável de Pessoas Idosas - Ondina Lobo (Gastronômico 2.0)""";1;821048.83
01;PREFEITURA DO MUNICÍPIO DE SÃO PAULO;8862;8314;2026;1;23/01/2026 00:00:00;6074.2023/0000469-8;62788484000132;CASA DOS VELHINHOS DE ONDINA LOBO;15037;2025;8;FMID;Fundo Municipal do Idoso;10;Fundo Municipal do Idoso;14;Direitos da Cidadania;241;Assistência ao Idoso;4023;Políticas para População Idosa;2813;Ações Permanentes de Promoção dos Direitos da População Idosa;FMID;Idoso;FMID;3;Despesas Correntes;3;Outras Despesas Correntes;50;Transferências a Instituições Privadas sem Fins Lucrativos;39;Serviços de Assistência Social;30305003900;08.1.759.1183;PMSP-SMDHC/FUNDO MUNICIPAL DO IDOSO-FMID;2;Remuneração de Pessoal;5;Outros Serviços de Terceiros - Pessoa Jurídica;08.010.014.0241.04023.02813.030305003900.008.1.759.1183;300597.79;0.0;300597.79;175348.71;175348.71;0.0;;759;1183;1;02/03/2026 09:48:48;;08;8;;;2813;UN;"TFM/039/2025/SMDHC/FMID - Projeto ""Espaço Intergeracional e Educacional para Alimentação Saudável de Pessoas Idosas - Ondina Lobo (Gastronômico 2.0)""";1;300597.79
01;PREFEITURA DO MUNICÍPIO DE SÃO PAULO;8871;8323;2026;1;23/01/2026 00:00:00;6074.2023/0000506-6;62788484000132;CASA DOS VELHINHOS DE ONDINA LOBO;22690;2025;8;FMID;Fundo Municipal do Idoso;10;Fundo Municipal do Idoso;14;Direitos da Cidadania;241;Assistência ao Idoso;4023;Políticas para População Idosa;2813;Ações Permanentes de Promoção dos Direitos da População Idosa;FMID;Idoso;FMID;3;Despesas Correntes;3;Outras Despesas Correntes;50;Transferências a Instituições Privadas sem Fins Lucrativos;39;Serviços de Assistência Social;30305003900;08.1.759.1183;PMSP-SMDHC/FUNDO MUNICIPAL DO IDOSO-FMID;2;Outras Despesas;5;Outros Serviços de Terceiros - Pessoa Jurídica;08.010.014.0241.04023.02813.030305003900.008.1.759.1183;793404.08;0.0;793404.08;0.0;0.0;0.0;;759;1183;1;02/03/2026 09:48:48;;08;8;;;2813;UN;"TFM/055/2025/SMDHC/FMID - Projeto ""Espaço Intergeracional Educacional Itinerante para Inclusão Digital da Pessoa Idosa (Comunicação em Movimento)""";1;793404.08
01;PREFEITURA DO MUNICÍPIO DE SÃO PAULO;8871;8325;2026;1;23/01/2026 00:00:00;6074.2023/0000506-6;62788484000132;CASA DOS VELHINHOS DE ONDINA LOBO;22690;2025;8;FMID;Fundo Municipal do Idoso;10;Fundo Municipal do Idoso;14;Direitos da Cidadania;241;Assistência ao Idoso;4023;Políticas para População Idosa;2813;Ações Permanentes de Promoção dos Direitos da População Idosa;FMID;Idoso;FMID;3;Despesas Correntes;3;Outras Despesas Correntes;50;Transferências a Instituições Privadas sem Fins Lucrativos;39;Serviços de Assistência Social;30305003900;08.1.759.1183;PMSP-SMDHC/FUNDO MUNICIPAL DO IDOSO-FMID;2;Remuneração de Pessoal;5;Outros Serviços de Terceiros - Pessoa Jurídica;08.010.014.0241.04023.02813.030305003900.008.1.759.1183;186996.66;0.0;186996.66;0.0;0.0;0.0;;759;1183;1;02/03/2026 09:48:48;;08;8;;;2813;UN;"TFM/055/2025/SMDHC/FMID - Projeto ""Espaço Intergeracional Educacional Itinerante para Inclusão Digital da Pessoa Idosa (Comunicação em Movimento)""";1;186996.66
01;PREFEITURA DO MUNICÍPIO DE SÃO PAULO;8883;8331;2026;1;23/01/2026 00:00:00;6074.2023/0000429-9;60978723000191;UNIAO BRASILEIRO ISRAELITA DO BEM ESTAR SOCIAL UNIBES;23271;2025;8;FMID;Fundo Municipal do Idoso;10;Fundo Municipal do Idoso;14;Direitos da Cidadania;241;Assistência ao Idoso;4023;Políticas para População Idosa;2813;Ações Permanentes de Promoção dos Direitos da População Idosa;FMID;Idoso;FMID;3;Despesas Correntes;3;Outras Despesas Correntes;50;Transferências a Instituições Privadas sem Fins Lucrativos;39;Serviços de Assistência Social;30305003900;08.1.759.1183;PMSP-SMDHC/FUNDO MUNICIPAL DO IDOSO-FMID;2;Outras Despesas;5;Outros Serviços de Terceiros - Pessoa Jurídica;08.010.014.0241.04023.02813.030305003900.008.1.759.1183;29400.0;0.0;29400.0;29400.0;29400.0;0.0;;759;1183;1;02/03/2026 09:48:48;;08;8;;;2813;UN;"TFM/061/2025/SMDHC/FMID - Projeto ""Transformar para Cuidar""";1;29400.0
01;PREFEITURA DO MUNICÍPIO DE SÃO PAULO;8883;8332;2026;1;23/01/2026 00:00:00;6074.2023/0000429-9;60978723000191;UNIAO BRASILEIRO ISRAELITA DO BEM ESTAR SOCIAL UNIBES;23271;2025;8;FMID;Fundo Municipal do Idoso;10;Fundo Municipal do Idoso;14;Direitos da Cidadania;241;Assistência ao Idoso;4023;Políticas para População Idosa;2813;Ações Permanentes de Promoção dos Direitos da População Idosa;FMID;Idoso;FMID;3;Despesas Correntes;3;Outras Despesas Correntes;50;Transferências a Instituições Privadas sem Fins Lucrativos;39;Serviços de Assistência Social;30305003900;08.1.759.1183;PMSP-SMDHC/FUNDO MUNICIPAL DO IDOSO-FMID;2;Remuneração de Pessoal;5;Outros Serviços de Terceiros - Pessoa Jurídica;08.010.014.0241.04023.02813.030305003900.008.1.759.1183;36668.38;0.0;36668.38;36668.38;36668.38;0.0;;759;1183;1;02/03/2026 09:48:48;;08;8;;;2813;UN;"TFM/061/2025/SMDHC/FMID - Projeto ""Transformar para Cuidar""";1;36668.38
01;PREFEITURA DO MUNICÍPIO DE SÃO PAULO;8892;8338;2026;1;23/01/2026 00:00:00;6074.2023/0000425-6;06110809000152;VEM SER - ASSOC DE APOIO A INCLU.SOCIAL E ASSIST.AO IND. COM NECES ESP;30125;2025;8;FMID;Fundo Municipal do Idoso;10;Fundo Municipal do Idoso;14;Direitos da Cidadania;241;Assistência ao Idoso;4023;Políticas para População Idosa;2813;Ações Permanentes de Promoção dos Direitos da População Idosa;FMID;Idoso;FMID;3;Despesas Correntes;3;Outras Despesas Correntes;50;Transferências a Instituições Privadas sem Fins Lucrativos;39;Serviços de Assistência Social;30305003900;08.1.759.1183;PMSP-SMDHC/FUNDO MUNICIPAL DO IDOSO-FMID;2;Outras Despesas;5;Outros Serviços de Terceiros - Pessoa Jurídica;08.010.014.0241.04023.02813.030305003900.008.1.759.1183;377320.87;0.0;377320.87;149695.45;149695.45;0.0;;759;1183;1;02/03/2026 09:48:48;;08;8;;;2813;UN;"TFM/092/2025/SMDHC/FMID - Projeto ""Academia da Longevidade""";1;377320.87
01;PREFEITURA DO MUNICÍPIO DE SÃO PAULO;8892;8340;2026;1;23/01/2026 00:00:00;6074.2023/0000425-6;06110809000152;VEM SER - ASSOC DE APOIO A INCLU.SOCIAL E ASSIST.AO IND. COM NECES ESP;30125;2025;8;FMID;Fundo Municipal do Idoso;10;Fundo Municipal do Idoso;14;Direitos da Cidadania;241;Assistência ao Idoso;4023;Políticas para População Idosa;2813;Ações Permanentes de Promoção dos Direitos da População Idosa;FMID;Idoso;FMID;3;Despesas Correntes;3;Outras Despesas Correntes;50;Transferências a Instituições Privadas sem Fins Lucrativos;39;Serviços de Assistência Social;30305003900;08.1.759.1183;PMSP-SMDHC/FUNDO MUNICIPAL DO IDOSO-FMID;2;Remuneração de Pessoal;5;Outros Serviços de Terceiros - Pessoa Jurídica;08.010.014.0241.04023.02813.030305003900.008.1.759.1183;33056.1;0.0;33056.1;13222.44;13222.44;0.0;;759;1183;1;02/03/2026 09:48:48;;08;8;;;2813;UN;"TFM/092/2025/SMDHC/FMID - Projeto ""Academia da Longevidade""";1;33056.1
01;PREFEITURA DO MUNICÍPIO DE SÃO PAULO;8902;8346;2026;1;23/01/2026 00:00:00;6074.2023/0000436-1;60990751000124;FUNDACAO SAO PAULO;10356;2025;8;FMID;Fundo Municipal do Idoso;10;Fundo Municipal do Idoso;14;Direitos da Cidadania;241;Assistência ao Idoso;4023;Políticas para População Idosa;2813;Ações Permanentes de Promoção dos Direitos da População Idosa;FMID;Idoso;FMID;3;Despesas Correntes;3;Outras Despesas Correntes;50;Transferências a Instituições Privadas sem Fins Lucrativos;39;Serviços de Assistência Social;30305003900;08.1.759.1183;PMSP-SMDHC/FUNDO MUNICIPAL DO IDOSO-FMID;2;Outras Despesas;5;Outros Serviços de Terceiros - Pessoa Jurídica;08.010.014.0241.04023.02813.030305003900.008.1.759.1183;1800.0;0.0;1800.0;0.0;0.0;0.0;;759;1183;1;02/03/2026 09:48:48;;08;8;;;2813;UN;"TFM/025/2025/SMDHC/FMID - Projeto ""Curso EAD: Participação Social e Cidadania ao Longo da Vida""";1;1800.0
01;PREFEITURA DO MUNICÍPIO DE SÃO PAULO;8902;8347;2026;1;23/01/2026 00:00:00;6074.2023/0000436-1;60990751000124;FUNDACAO SAO PAULO;10356;2025;8;FMID;Fundo Municipal do Idoso;10;Fundo Municipal do Idoso;14;Direitos da Cidadania;241;Assistência ao Idoso;4023;Políticas para População Idosa;2813;Ações Permanentes de Promoção dos Direitos da População Idosa;FMID;Idoso;FMID;3;Despesas Correntes;3;Outras Despesas Correntes;50;Transferências a Instituições Privadas sem Fins Lucrativos;39;Serviços de Assistência Social;30305003900;08.1.759.1183;PMSP-SMDHC/FUNDO MUNICIPAL DO IDOSO-FMID;2;Remuneração de Pessoal;5;Outros Serviços de Terceiros - Pessoa Jurídica;08.010.014.0241.04023.02813.030305003900.008.1.759.1183;58270.32;0.0;58270.32;0.0;0.0;0.0;;759;1183;1;02/03/2026 09:48:48;;08;8;;;2813;UN;"TFM/025/2025/SMDHC/FMID - Projeto ""Curso EAD: Participação Social e Cidadania ao Longo da Vida""";1;58270.32
01;PREFEITURA DO MUNICÍPIO DE SÃO PAULO;15137;16567;2026;2;04/02/2026 00:00:00;6074.2023/0000320-9;08732822000179;INSTITUTO NACIONAL CIDADANIA E TRABALHOINCT;4664;2025;8;FMID;Fundo Municipal do Idoso;10;Fundo Municipal do Idoso;14;Direitos da Cidadania;241;Assistência ao Idoso;4023;Políticas para População Idosa;2813;Ações Permanentes de Promoção dos Direitos da População Idosa;FMID;Idoso;FMID;3;Despesas Correntes;3;Outras Despesas Correntes;50;Transferências a Instituições Privadas sem Fins Lucrativos;39;Serviços de Assistência Social;30305003900;08.1.759.1183;PMSP-SMDHC/FUNDO MUNICIPAL DO IDOSO-FMID;2;Outras Despesas;5;Outros Serviços de Terceiros - Pessoa Jurídica;08.010.014.0241.04023.02813.030305003900.008.1.759.1183;30400.0;0.0;30400.0;30400.0;30400.0;0.0;;759;1183;1;02/03/2026 09:48:48;;08;8;;;2813;UN;"TFM/224/2024/SMDHC/FMID - Projeto ""Horta Orgânica, Alimentação Saudável""";1;30400.0
01;PREFEITURA DO MUNICÍPIO DE SÃO PAULO;14674;17199;2026;2;06/02/2026 00:00:00;6074.2023/0000313-6;04589879000100;ASSOCIACAO DE AMPARO AO IDOSO;4166;2026;8;FMID;Fundo Municipal do Idoso;10;Fundo Municipal do Idoso;14;Direitos da Cidadania;241;Assistência ao Idoso;4023;Políticas para População Idosa;2813;Ações Permanentes de Promoção dos Direitos da População Idosa;FMID;Idoso;FMID;3;Despesas Correntes;3;Outras Despesas Correntes;50;Transferências a Instituições Privadas sem Fins Lucrativos;39;Serviços de Assistência Social;30305003900;08.1.759.1183;PMSP-SMDHC/FUNDO MUNICIPAL DO IDOSO-FMID;2;Outras Despesas;5;Outros Serviços de Terceiros - Pessoa Jurídica;08.010.014.0241.04023.02813.030305003900.008.1.759.1183;142894.3;0.0;142894.3;0.0;0.0;0.0;;759;1183;1;02/03/2026 09:48:48;;08;8;;;2813;UN;"Projeto ""Empreende 60+""";1;142894.3
01;PREFEITURA DO MUNICÍPIO DE SÃO PAULO;14674;17201;2026;2;06/02/2026 00:00:00;6074.2023/0000313-6;04589879000100;ASSOCIACAO DE AMPARO AO IDOSO;4166;2026;8;FMID;Fundo Municipal do Idoso;10;Fundo Municipal do Idoso;14;Direitos da Cidadania;241;Assistência ao Idoso;4023;Políticas para População Idosa;2813;Ações Permanentes de Promoção dos Direitos da População Idosa;FMID;Idoso;FMID;3;Despesas Correntes;3;Outras Despesas Correntes;50;Transferências a Instituições Privadas sem Fins Lucrativos;39;Serviços de Assistência Social;30305003900;08.1.759.1183;PMSP-SMDHC/FUNDO MUNICIPAL DO IDOSO-FMID;2;Remuneração de Pessoal;5;Outros Serviços de Terceiros - Pessoa Jurídica;08.010.014.0241.04023.02813.030305003900.008.1.759.1183;68365.05;0.0;68365.05;0.0;0.0;0.0;;759;1183;1;02/03/2026 09:48:48;;08;8;;;2813;UN;"Projeto ""Empreende 60+"" ";1;68365.05
01;PREFEITURA DO MUNICÍPIO DE SÃO PAULO;14680;17549;2026;2;06/02/2026 00:00:00;6074.2023/0000312-8;04589879000100;ASSOCIACAO DE AMPARO AO IDOSO;4336;2026;8;FMID;Fundo Municipal do Idoso;10;Fundo Municipal do Idoso;14;Direitos da Cidadania;241;Assistência ao Idoso;4023;Políticas para População Idosa;2813;Ações Permanentes de Promoção dos Direitos da População Idosa;FMID;Idoso;FMID;3;Despesas Correntes;3;Outras Despesas Correntes;50;Transferências a Instituições Privadas sem Fins Lucrativos;39;Serviços de Assistência Social;30305003900;08.1.759.1183;PMSP-SMDHC/FUNDO MUNICIPAL DO IDOSO-FMID;2;Outras Despesas;5;Outros Serviços de Terceiros - Pessoa Jurídica;08.010.014.0241.04023.02813.030305003900.008.1.759.1183;92700.0;0.0;92700.0;0.0;0.0;0.0;;759;1183;1;02/03/2026 09:48:48;;08;8;;;2813;UN;"Projeto ""Velho é o seu Preconceito""";1;92700.0
01;PREFEITURA DO MUNICÍPIO DE SÃO PAULO;14680;17554;2026;2;06/02/2026 00:00:00;6074.2023/0000312-8;04589879000100;ASSOCIACAO DE AMPARO AO IDOSO;4336;2026;8;FMID;Fundo Municipal do Idoso;10;Fundo Municipal do Idoso;14;Direitos da Cidadania;241;Assistência ao Idoso;4023;Políticas para População Idosa;2813;Ações Permanentes de Promoção dos Direitos da População Idosa;FMID;Idoso;FMID;3;Despesas Correntes;3;Outras Despesas Correntes;50;Transferências a Instituições Privadas sem Fins Lucrativos;39;Serviços de Assistência Social;30305003900;08.1.759.1183;PMSP-SMDHC/FUNDO MUNICIPAL DO IDOSO-FMID;2;Remuneração de Pessoal;5;Outros Serviços de Terceiros - Pessoa Jurídica;08.010.014.0241.04023.02813.030305003900.008.1.759.1183;100184.62;0.0;100184.62;0.0;0.0;0.0;;759;1183;1;02/03/2026 09:48:48;;08;8;;;2813;UN;"Projeto ""Velho é o seu Preconceito"" ";1;100184.62
01;PREFEITURA DO MUNICÍPIO DE SÃO PAULO;261;98;2026;1;16/01/2026 00:00:00;6074.2025/0009943-9;56122580000144;INSTITUTO BRASIL PLANEJA LTDA;951;2026;34;SMDHC;Secretaria Municipal de Direitos Humanos e Cidadania;10;Gabinete do Secretário;14;Direitos da Cidadania;122;Administração Geral;4001;Suporte Administrativo;2100;Administração da Unidade;ADM;Administração;ADM;3;Despesas Correntes;3;Outras Despesas Correntes;90;Aplicações Diretas;39;Serviços de Seleção e Treinamento;33903900;00.1.500.9001;Recursos não vinculados de Impostos;0;Cursos de Especialização e Treinamento;4;Outros Serviços de Terceiros - Pessoa Jurídica;34.10.14.122.4001.2100.33903900.00.1.500.9001;4100.0;0.0;4100.0;4100.0;0.0;0.0;;500;9001;1;02/03/2026 09:48:49;;00;34;33903900;Contratação PJ com Fins Lucrativos;2100;UND;"Contratação por inexigibilidade para realização de curso ""Ordenadores de Despesas"" - a ser realizado nos dia 21 a 23 de janeiro de 2026 - Brasília - DF";1;4100.0
01;PREFEITURA DO MUNICÍPIO DE SÃO PAULO;146;111;2026;1;16/01/2026 00:00:00;6074.2026/0000065-5;34924171832;STELLA VERZOLLA TANGERINO;-1;-1;34;SMDHC;Secretaria Municipal de Direitos Humanos e Cidadania;10;Gabinete do Secretário;14;Direitos da Cidadania;122;Administração Geral;4001;Suporte Administrativo;2100;Administração da Unidade;ADM;Administração;ADM;3;Despesas Correntes;3;Outras Despesas Correntes;90;Aplicações Diretas;14;Diárias no País;33901400;00.1.500.9001;Recursos não vinculados de Impostos;0;Viagens Temporárias de Serv. no Interesse da Adm.- Art 2º Lei 10513/88;1;Diárias - Civil;34.10.14.122.4001.2100.33901400.00.1.500.9001;1424.0;0.0;1424.0;1424.0;1424.0;0.0;;500;9001;1;02/03/2026 09:48:49;;00;34;33901400;Diárias - Civil;2100;UND;Diárias para Secretária Adjunta - participação em Visita Institucional - 19 a 20 de janeiro de 2026, na cidade de Brasília/DF;1;1424.0
01;PREFEITURA DO MUNICÍPIO DE SÃO PAULO;182;221;2026;1;19/01/2026 00:00:00;6074.2026/0000054-0;21727306880;ROBERTO CARDOSO FERREIRA;-1;-1;34;SMDHC;Secretaria Municipal de Direitos Humanos e Cidadania;10;Gabinete do Secretário;14;Direitos da Cidadania;122;Administração Geral;4001;Suporte Administrativo;2100;Administração da Unidade;ADM;Administração;ADM;3;Despesas Correntes;3;Outras Despesas Correntes;90;Aplicações Diretas;14;Diárias no País;33901400;00.1.500.9001;Recursos não vinculados de Impostos;0;Viagens Temporárias de Serv. no Interesse da Adm.- Art 2º Lei 10513/88;1;Diárias - Civil;34.10.14.122.4001.2100.33901400.00.1.500.9001;3560.0;0.0;3560.0;3560.0;3560.0;0.0;;500;9001;1;02/03/2026 09:48:49;;00;34;33901400;Diárias - Civil;2100;UND;Diária para participar nos dias 19 e 20 de janeiro de 2026 de reuniões institucionais, bem como para participação no curso “Capacitação de Ordenadores de Despesas”, a ser realizado nos dias 21, 22 e 23 de janeiro de 2026, na cidade de Brasília/DF.;1;3560.0
01;PREFEITURA DO MUNICÍPIO DE SÃO PAULO;1612;763;2026;1;19/01/2026 00:00:00;6074.2025/0009403-8;00350152000000;PMSP-SMDHC/AUXÍLIO AMPARA;1032;2026;34;SMDHC;Secretaria Municipal de Direitos Humanos e Cidadania;10;Gabinete do Secretário;14;Direitos da Cidadania;422;Direitos Individuais, Coletivos e Difusos;4019;Proteção a Crianças e Adolescentes;4328;Políticas, Programas e Ações Para Criança e Adolescente;CPCA;Criança e Adolescente;CPCA - Políticas;3;Despesas Correntes;3;Outras Despesas Correntes;90;Aplicações Diretas;48;Auxílios a Pessoas Físicas;33904800;00.1.500.9001;Recursos não vinculados de Impostos;9;Outros Auxílios a Pessoas Físicas;0;Outros Auxílios Financeiros a Pessoas Físicas;34.10.14.422.4019.4328.33904800.00.1.500.9001;122450.0;0.0;122450.0;122450.0;122450.0;0.0;;500;9001;1;02/03/2026 09:48:49;;00;34;33904800;Outros Auxílios Financeiros - Pessoas Físicas;4328;UN;Pagamento do Auxílio Ampara - Janeiro/2026.;1;122450.0
01;PREFEITURA DO MUNICÍPIO DE SÃO PAULO;1717;818;2026;1;19/01/2026 00:00:00;6074.2025/0009601-4;00000000000191;BANCO DO BRASIL SA;1037;2026;34;SMDHC;Secretaria Municipal de Direitos Humanos e Cidadania;10;Gabinete do Secretário;14;Direitos da Cidadania;422;Direitos Individuais, Coletivos e Difusos;4025;Políticas para Mulheres;4329;Políticas, Programas e Ações para Mulheres;CPM;Mulheres;CPM - Políticas;3;Despesas Correntes;3;Outras Despesas Correntes;90;Aplicações Diretas;48;Auxílios a Pessoas Físicas;33904800;00.1.500.9001;Recursos não vinculados de Impostos;0;Auxílio Aluguel;0;Outros Auxílios Financeiros a Pessoas Físicas;34.10.14.422.4025.4329.33904800.00.1.500.9001;779600.0;779600.0;0.0;0.0;0.0;0.0;;500;9001;1;02/03/2026 09:48:49;;00;34;33904800;Outros Auxílios Financeiros - Pessoas Físicas;4329;UN;Auxílio Aluguel para Mulheres Vítimas de Violência - janeiro/2026.;1;779600.0
01;PREFEITURA DO MUNICÍPIO DE SÃO PAULO;1717;854;2026;1;19/01/2026 00:00:00;6074.2025/0009601-4;00307018000000;PMSP-SMDHC/AUXÍLIO EMERGENCIAL DE ALUGUEL;1049;2026;34;SMDHC;Secretaria Municipal de Direitos Humanos e Cidadania;10;Gabinete do Secretário;14;Direitos da Cidadania;422;Direitos Individuais, Coletivos e Difusos;4025;Políticas para Mulheres;4329;Políticas, Programas e Ações para Mulheres;CPM;Mulheres;CPM - Políticas;3;Despesas Correntes;3;Outras Despesas Correntes;90;Aplicações Diretas;48;Auxílios a Pessoas Físicas;33904800;00.1.500.9001;Recursos não vinculados de Impostos;0;Auxílio Aluguel;0;Outros Auxílios Financeiros a Pessoas Físicas;34.10.14.422.4025.4329.33904800.00.1.500.9001;779600.0;0.0;779600.0;779600.0;779600.0;0.0;;500;9001;1;02/03/2026 09:48:49;;00;34;33904800;Outros Auxílios Financeiros - Pessoas Físicas;4329;UN;"Auxílio Aluguel para Mulheres Vítimas de Violência - janeiro/2026.
";1;779600.0
01;PREFEITURA DO MUNICÍPIO DE SÃO PAULO;139;1444;2026;1;20/01/2026 00:00:00;6074.2025/0007558-0;34040173000155;LEAFAR SOLUCOES CONSTRUTIVAS LTDA;1098;2026;34;SMDHC;Secretaria Municipal de Direitos Humanos e Cidadania;10;Gabinete do Secretário;14;Direitos da Cidadania;422;Direitos Individuais, Coletivos e Difusos;4025;Políticas para Mulheres;2053;Manutenção e Operação da Casa da Mulher Brasileira;CPM;Mulheres;CPM - Casa da Mulher Brasileira;3;Despesas Correntes;3;Outras Despesas Correntes;90;Aplicações Diretas;39;Manutenção e Conservação de Bens Imóveis;33903900;00.1.500.9001;Recursos não vinculados de Impostos;1;Manutenção e Conservação de Bens Imóveis;1;Outros Serviços de Terceiros - Pessoa Jurídica;34.10.14.422.4025.2053.33903900.00.1.500.9001;133775.0;0.0;133775.0;0.0;0.0;0.0;;500;9001;1;02/03/2026 09:48:49;;00;34;33903900;Contratação PJ com Fins Lucrativos;2053;UND | UND;Confecção, fornecimento, e instalação de concertina em tubos metálicos, conforme descrito no Termo de Referência Anexo II. | Mão de obra;1 | 1;87000.0 | 46775.0
01;PREFEITURA DO MUNICÍPIO DE SÃO PAULO;2973;1556;2026;1;20/01/2026 00:00:00;6074.2024/0006739-0;26727694000157;AWK AMBIENTAL LTDA;37929;2024;34;SMDHC;Secretaria Municipal de Direitos Humanos e Cidadania;10;Gabinete do Secretário;14;Direitos da Cidadania;422;Direitos Individuais, Coletivos e Difusos;4010;Segurança Alimentar e Nutricional;4470;Manutenção e Operação de Centro de Referência de Segurança Alimentar e;SESANA;Segurança Alimentar;SESANA - CRESAN;3;Despesas Correntes;3;Outras Despesas Correntes;90;Aplicações Diretas;39;Limpeza e Conservação;33903900;00.1.500.9001;Recursos não vinculados de Impostos;0;Dedetização, Descupinização e Outros;7;Outros Serviços de Terceiros - Pessoa Jurídica;34.10.14.422.4010.4470.33903900.00.1.500.9001;13899.96;0.0;13899.96;1158.33;0.0;0.0;;500;9001;1;02/03/2026 09:48:49;;00;34;33903900;Contratação PJ com Fins Lucrativos;4470;UND;TC 429/SMDHC/2024 - Contratação de empresa especializada na prestação de serviços de controle sanitário integrado no combate a vetores e pragas urbanas - COSAN Vila Maria e Butantã.;1;13899.96
01;PREFEITURA DO MUNICÍPIO DE SÃO PAULO;4786;2303;2026;1;20/01/2026 00:00:00;6074.2024/0008444-8;74087081000145;APOIOASSOCIACAO DE AUXILIO MUTUO DA REGIAO LESTE;34998;2024;34;SMDHC;Secretaria Municipal de Direitos Humanos e Cidadania;10;Gabinete do Secretário;14;Direitos da Cidadania;422;Direitos Individuais, Coletivos e Difusos;4023;Políticas para População Idosa;4330;Manutenção e Operação dos Equipamentos Públicos Voltados para Pessoa I;CPPI;Idoso;CPPI - Equipamentos;3;Despesas Correntes;3;Outras Despesas Correntes;50;Transferências a Instituições Privadas sem Fins Lucrativos;39;Serviços de Assistência Social;33503900;00.1.500.9001;Recursos não vinculados de Impostos;2;Outras Despesas;5;Outros Serviços de Terceiros - Pessoa Jurídica;34.10.14.422.4023.4330.33503900.00.1.500.9001;927085.18;0.0;927085.18;0.0;0.0;0.0;;500;9001;1;02/03/2026 09:48:49;;00;34;33503900;Contratação PJ sem Fins Lucrativos;4330;UN;Termo de Colaboração TCL/018/2024/SMDHC/CPPI.;1;927085.18
01;PREFEITURA DO MUNICÍPIO DE SÃO PAULO;4830;2346;2026;1;20/01/2026 00:00:00;6074.2020/0001218-0;11861086001135;ASSOCIACAO FRANCISCANA DE SOLIDARIEDADE;8367;2020;34;SMDHC;Secretaria Municipal de Direitos Humanos e Cidadania;10;Gabinete do Secretário;14;Direitos da Cidadania;422;Direitos Individuais, Coletivos e Difusos;4024;Promoção da Cidadania e da Diversidade;2051;Manutenção e Operação de Equipamentos Públicos Voltados ao Atendimento;CPIPTD;Imigrantes;CPIPTD - Equipamentos;3;Despesas Correntes;3;Outras Despesas Correntes;50;Transferências a Instituições Privadas sem Fins Lucrativos;39;Serviços de Assistência Social;33503900;00.1.500.9001;Recursos não vinculados de Impostos;2;Outras Despesas;5;Outros Serviços de Terceiros - Pessoa Jurídica;34.10.14.422.4024.2051.33503900.00.1.500.9001;67073.67;0.0;67073.67;0.0;0.0;0.0;;500;9001;1;02/03/2026 09:48:49;;00;34;33503900;Contratação PJ sem Fins Lucrativos;2051;UN;TCL/002/2020/SMDHC/CPIPTD;1;67073.67
01;PREFEITURA DO MUNICÍPIO DE SÃO PAULO;4830;2357;2026;1;20/01/2026 00:00:00;6074.2020/0001218-0;11861086001135;ASSOCIACAO FRANCISCANA DE SOLIDARIEDADE;8367;2020;34;SMDHC;Secretaria Municipal de Direitos Humanos e Cidadania;10;Gabinete do Secretário;14;Direitos da Cidadania;422;Direitos Individuais, Coletivos e Difusos;4024;Promoção da Cidadania e da Diversidade;2051;Manutenção e Operação de Equipamentos Públicos Voltados ao Atendimento;CPIPTD;Imigrantes;CPIPTD - Equipamentos;3;Despesas Correntes;3;Outras Despesas Correntes;50;Transferências a Instituições Privadas sem Fins Lucrativos;39;Serviços de Assistência Social;33503900;00.1.500.9001;Recursos não vinculados de Impostos;2;Remuneração de Pessoal;5;Outros Serviços de Terceiros - Pessoa Jurídica;34.10.14.422.4024.2051.33503900.00.1.500.9001;612103.45;0.0;612103.45;0.0;0.0;0.0;;500;9001;1;02/03/2026 09:48:49;;00;34;33503900;Contratação PJ sem Fins Lucrativos;2051;UN;TCL/002/2020/SMDHC/CPIPTD;1;612103.45
01;PREFEITURA DO MUNICÍPIO DE SÃO PAULO;4857;2400;2026;1;20/01/2026 00:00:00;6074.2017/0000708-4;02072483000165;ASSOCIAÇÃO  PRÓ-HOPE - APOIO À CRIANÇA COM CÂNCER;18372;2018;34;SMDHC;Secretaria Municipal de Direitos Humanos e Cidadania;10;Gabinete do Secretário;14;Direitos da Cidadania;422;Direitos Individuais, Coletivos e Difusos;4019;Proteção a Crianças e Adolescentes;4328;Políticas, Programas e Ações Para Criança e Adolescente;CPCA;Criança e Adolescente;CPCA - Políticas;3;Despesas Correntes;3;Outras Despesas Correntes;50;Transferências a Instituições Privadas sem Fins Lucrativos;39;Serviços de Assistência Social;33503900;00.1.500.9001;Recursos não vinculados de Impostos;2;Outras Despesas;5;Outros Serviços de Terceiros - Pessoa Jurídica;34.10.14.422.4019.4328.33503900.00.1.500.9001;505988.7;0.0;505988.7;0.0;0.0;0.0;;500;9001;1;02/03/2026 09:48:49;;00;34;33503900;Contratação PJ sem Fins Lucrativos;4328;UN;TCL/001/2018/SMDHC/CPCA;1;505988.7
01;PREFEITURA DO MUNICÍPIO DE SÃO PAULO;4857;2403;2026;1;20/01/2026 00:00:00;6074.2017/0000708-4;02072483000165;ASSOCIAÇÃO  PRÓ-HOPE - APOIO À CRIANÇA COM CÂNCER;18372;2018;34;SMDHC;Secretaria Municipal de Direitos Humanos e Cidadania;10;Gabinete do Secretário;14;Direitos da Cidadania;422;Direitos Individuais, Coletivos e Difusos;4019;Proteção a Crianças e Adolescentes;4328;Políticas, Programas e Ações Para Criança e Adolescente;CPCA;Criança e Adolescente;CPCA - Políticas;3;Despesas Correntes;3;Outras Despesas Correntes;50;Transferências a Instituições Privadas sem Fins Lucrativos;39;Serviços de Assistência Social;33503900;00.1.500.9001;Recursos não vinculados de Impostos;2;Remuneração de Pessoal;5;Outros Serviços de Terceiros - Pessoa Jurídica;34.10.14.422.4019.4328.33503900.00.1.500.9001;121668.3;0.0;121668.3;0.0;0.0;0.0;;500;9001;1;02/03/2026 09:48:49;;00;34;33503900;Contratação PJ sem Fins Lucrativos;4328;UN;TCL/001/2018/SMDHC/CPCA;1;121668.3
01;PREFEITURA DO MUNICÍPIO DE SÃO PAULO;4786;2440;2026;1;20/01/2026 00:00:00;6074.2024/0008444-8;74087081000145;APOIOASSOCIACAO DE AUXILIO MUTUO DA REGIAO LESTE;34998;2024;34;SMDHC;Secretaria Municipal de Direitos Humanos e Cidadania;10;Gabinete do Secretário;14;Direitos da Cidadania;422;Direitos Individuais, Coletivos e Difusos;4023;Políticas para População Idosa;4330;Manutenção e Operação dos Equipamentos Públicos Voltados para Pessoa I;CPPI;Idoso;CPPI - Equipamentos;3;Despesas Correntes;3;Outras Despesas Correntes;50;Transferências a Instituições Privadas sem Fins Lucrativos;39;Serviços de Assistência Social;33503900;00.1.500.9001;Recursos não vinculados de Impostos;2;Remuneração de Pessoal;5;Outros Serviços de Terceiros - Pessoa Jurídica;34.10.14.422.4023.4330.33503900.00.1.500.9001;266365.82;0.0;266365.82;245581.64;245581.64;0.0;;500;9001;1;02/03/2026 09:48:49;;00;34;33503900;Contratação PJ sem Fins Lucrativos;4330;UN;Termo de Colaboração TCL/018/2024/SMDHC/CPPI.;1;266365.82
01;PREFEITURA DO MUNICÍPIO DE SÃO PAULO;5410;3144;2026;1;21/01/2026 00:00:00;6074.2022/0004843-0;07105443000196;INSTITUTO BESOURO DE FOMENTO SOCIAL E PESQUISA;36535;2022;34;SMDHC;Secretaria Municipal de Direitos Humanos e Cidadania;10;Gabinete do Secretário;14;Direitos da Cidadania;422;Direitos Individuais, Coletivos e Difusos;4024;Promoção da Cidadania e da Diversidade;4318;Políticas, Programas e Ações para Juventude;CPJ;Juventude;CPJ - Políticas;3;Despesas Correntes;3;Outras Despesas Correntes;50;Transferências a Instituições Privadas sem Fins Lucrativos;39;Serviços de Assistência Social;33503900;00.1.500.9001;Recursos não vinculados de Impostos;2;Outras Despesas;5;Outros Serviços de Terceiros - Pessoa Jurídica;34.10.14.422.4024.4318.33503900.00.1.500.9001;2459898.9;0.0;2459898.9;2459898.9;2459898.9;0.0;;500;9001;1;02/03/2026 09:48:49;;00;34;33503900;Contratação PJ sem Fins Lucrativos;4318;UN;Termo de Colaboração nº 007/2022/SMDHC/CPJ;1;2459898.9
01;PREFEITURA DO MUNICÍPIO DE SÃO PAULO;5552;3304;2026;1;21/01/2026 00:00:00;6074.2024/0008553-3;33945209000187;INSTITUTO HERA ARTEMISUL;35771;2024;34;SMDHC;Secretaria Municipal de Direitos Humanos e Cidadania;10;Gabinete do Secretário;14;Direitos da Cidadania;422;Direitos Individuais, Coletivos e Difusos;4025;Políticas para Mulheres;2053;Manutenção e Operação da Casa da Mulher Brasileira;CPM;Mulheres;CPM - Casa da Mulher Brasileira;3;Despesas Correntes;3;Outras Despesas Correntes;50;Transferências a Instituições Privadas sem Fins Lucrativos;39;Serviços de Assistência Social;33503900;00.1.500.9001;Recursos não vinculados de Impostos;2;Outras Despesas;5;Outros Serviços de Terceiros - Pessoa Jurídica;34.10.14.422.4025.2053.33503900.00.1.500.9001;570062.42;0.0;570062.42;188450.4;188450.4;0.0;;500;9001;1;02/03/2026 09:48:49;;00;34;33503900;Contratação PJ sem Fins Lucrativos;2053;UN;Termo de Colaboração nº TCL/019/2024/SMDHC/CPM.;1;570062.42
01;PREFEITURA DO MUNICÍPIO DE SÃO PAULO;5552;3317;2026;1;21/01/2026 00:00:00;6074.2024/0008553-3;33945209000187;INSTITUTO HERA ARTEMISUL;35771;2024;34;SMDHC;Secretaria Municipal de Direitos Humanos e Cidadania;10;Gabinete do Secretário;14;Direitos da Cidadania;422;Direitos Individuais, Coletivos e Difusos;4025;Políticas para Mulheres;2053;Manutenção e Operação da Casa da Mulher Brasileira;CPM;Mulheres;CPM - Casa da Mulher Brasileira;3;Despesas Correntes;3;Outras Despesas Correntes;50;Transferências a Instituições Privadas sem Fins Lucrativos;39;Serviços de Assistência Social;33503900;00.1.500.9001;Recursos não vinculados de Impostos;2;Remuneração de Pessoal;5;Outros Serviços de Terceiros - Pessoa Jurídica;34.10.14.422.4025.2053.33503900.00.1.500.9001;4317229.58;393733.59;3923495.99;2119560.11;1033372.6;0.0;;500;9001;1;02/03/2026 09:48:49;;00;34;33503900;Contratação PJ sem Fins Lucrativos;2053;UN;Termo de Colaboração nº TCL/019/2024/SMDHC/CPM.;1;4317229.58
01;PREFEITURA DO MUNICÍPIO DE SÃO PAULO;5842;3540;2026;1;21/01/2026 00:00:00;6074.2023/0009767-0;47908668000103;INSTITUTO ATUAR SOCIAL SAO PAULO;33112;2023;34;SMDHC;Secretaria Municipal de Direitos Humanos e Cidadania;10;Gabinete do Secretário;14;Direitos da Cidadania;422;Direitos Individuais, Coletivos e Difusos;4024;Promoção da Cidadania e da Diversidade;4332;Manutenção da Ouvidoria de Direitos Humanos;ODH;Ouvidoria;ODH - Manutenção;3;Despesas Correntes;3;Outras Despesas Correntes;50;Transferências a Instituições Privadas sem Fins Lucrativos;39;Serviços de Assistência Social;33503900;00.1.500.9001;Recursos não vinculados de Impostos;2;Outras Despesas;5;Outros Serviços de Terceiros - Pessoa Jurídica;34.10.14.422.4024.4332.33503900.00.1.500.9001;111379.53;0.0;111379.53;37126.51;37126.51;0.0;;500;9001;1;02/03/2026 09:48:49;;00;34;33503900;Contratação PJ sem Fins Lucrativos;4332;UNI;Termo de Colaboração nº TCL/061/2023/SMDHC/ODH - Gestão do Núcleos de Atendimentos em Direitos Humanos da Lapa, Santana e Ipiranga, vinculado à Ouvidoria da SMDHC - Referente a 5º e 6º Parcelas.;1;111379.53
01;PREFEITURA DO MUNICÍPIO DE SÃO PAULO;5842;3546;2026;1;21/01/2026 00:00:00;6074.2023/0009767-0;47908668000103;INSTITUTO ATUAR SOCIAL SAO PAULO;33112;2023;34;SMDHC;Secretaria Municipal de Direitos Humanos e Cidadania;10;Gabinete do Secretário;14;Direitos da Cidadania;422;Direitos Individuais, Coletivos e Difusos;4024;Promoção da Cidadania e da Diversidade;4332;Manutenção da Ouvidoria de Direitos Humanos;ODH;Ouvidoria;ODH - Manutenção;3;Despesas Correntes;3;Outras Despesas Correntes;50;Transferências a Instituições Privadas sem Fins Lucrativos;39;Serviços de Assistência Social;33503900;00.1.500.9001;Recursos não vinculados de Impostos;2;Remuneração de Pessoal;5;Outros Serviços de Terceiros - Pessoa Jurídica;34.10.14.422.4024.4332.33503900.00.1.500.9001;1338505.27;0.0;1338505.27;446168.42;446168.42;0.0;;500;9001;1;02/03/2026 09:48:49;;00;34;33503900;Contratação PJ sem Fins Lucrativos;4332;UNI;Termo de Colaboração nº TCL/061/2023/SMDHC/ODH - Gestão do Núcleos de Atendimentos em Direitos Humanos da Lapa, Santana e Ipiranga, vinculado à Ouvidoria da SMDHC - Referente a 5º e 6º Parcelas.;1;1338505.27
01;PREFEITURA DO MUNICÍPIO DE SÃO PAULO;6046;3795;2026;1;21/01/2026 00:00:00;6074.2023/0009768-8;03542616000182;ASSOCIACAO CULTURAL PODER NEGRO;33095;2023;34;SMDHC;Secretaria Municipal de Direitos Humanos e Cidadania;10;Gabinete do Secretário;14;Direitos da Cidadania;422;Direitos Individuais, Coletivos e Difusos;4024;Promoção da Cidadania e da Diversidade;4332;Manutenção da Ouvidoria de Direitos Humanos;ODH;Ouvidoria;ODH - Manutenção;3;Despesas Correntes;3;Outras Despesas Correntes;50;Transferências a Instituições Privadas sem Fins Lucrativos;39;Serviços de Assistência Social;33503900;00.1.500.9001;Recursos não vinculados de Impostos;2;Outras Despesas;5;Outros Serviços de Terceiros - Pessoa Jurídica;34.10.14.422.4024.4332.33503900.00.1.500.9001;88601.53;0.0;88601.53;26580.46;26580.46;0.0;;500;9001;1;02/03/2026 09:48:49;;00;34;33503900;Contratação PJ sem Fins Lucrativos;4332;UNI;Termo de Colaboração nº TCL/062/2023/SMDHC/ODH - Gestão do Núcleos de Atendimentos em Direitos Humanos NDH(s) da Penha, São Mateus, São Miguel Paulista e Cidade Tiradentes, vinculado à Ouvidoria da SMDHC - Referente a 5º e 6º Parcelas.;1;88601.53
01;PREFEITURA DO MUNICÍPIO DE SÃO PAULO;6046;3845;2026;1;21/01/2026 00:00:00;6074.2023/0009768-8;03542616000182;ASSOCIACAO CULTURAL PODER NEGRO;33095;2023;34;SMDHC;Secretaria Municipal de Direitos Humanos e Cidadania;10;Gabinete do Secretário;14;Direitos da Cidadania;422;Direitos Individuais, Coletivos e Difusos;4024;Promoção da Cidadania e da Diversidade;4332;Manutenção da Ouvidoria de Direitos Humanos;ODH;Ouvidoria;ODH - Manutenção;3;Despesas Correntes;3;Outras Despesas Correntes;50;Transferências a Instituições Privadas sem Fins Lucrativos;39;Serviços de Assistência Social;33503900;00.1.500.9001;Recursos não vinculados de Impostos;2;Remuneração de Pessoal;5;Outros Serviços de Terceiros - Pessoa Jurídica;34.10.14.422.4024.4332.33503900.00.1.500.9001;1907755.47;0.0;1907755.47;381551.1;381551.1;0.0;;500;9001;1;02/03/2026 09:48:49;;00;34;33503900;Contratação PJ sem Fins Lucrativos;4332;UNI;Termo de Colaboração nº TCL/062/2023/SMDHC/ODH - Gestão do Núcleos de Atendimentos em Direitos Humanos NDH(s) da Penha, São Mateus, São Miguel Paulista e Cidade Tiradentes, vinculado à Ouvidoria da SMDHC - Referente a 5º e 6º Parcelas.;1;1907755.47
01;PREFEITURA DO MUNICÍPIO DE SÃO PAULO;6168;4025;2026;1;21/01/2026 00:00:00;6074.2023/0009768-8;20720459000177;INSTITUTO DE PESQUISA POPULAR MEU LUGAR;33101;2023;34;SMDHC;Secretaria Municipal de Direitos Humanos e Cidadania;10;Gabinete do Secretário;14;Direitos da Cidadania;422;Direitos Individuais, Coletivos e Difusos;4024;Promoção da Cidadania e da Diversidade;4332;Manutenção da Ouvidoria de Direitos Humanos;ODH;Ouvidoria;ODH - Manutenção;3;Despesas Correntes;3;Outras Despesas Correntes;50;Transferências a Instituições Privadas sem Fins Lucrativos;39;Serviços de Assistência Social;33503900;00.1.500.9001;Recursos não vinculados de Impostos;2;Remuneração de Pessoal;5;Outros Serviços de Terceiros - Pessoa Jurídica;34.10.14.422.4024.4332.33503900.00.1.500.9001;1792449.2;1792449.2;0.0;0.0;0.0;0.0;;500;9001;1;02/03/2026 09:48:49;;00;34;33503900;Contratação PJ sem Fins Lucrativos;4332;UNI;"Termo de Colaboração nº TCL/063/2023/SMDHC/ODH - Gestão do Núcleos de Atendimentos em Direitos Humanos NDH(s) do Butantã, Campo Limpo, Jabaquara e Capela do Socorro, vinculado à Ouvidoria da SMDHC - Referente a 5º e 6º Parcelas.
";1;1792449.2
01;PREFEITURA DO MUNICÍPIO DE SÃO PAULO;6259;4092;2026;1;21/01/2026 00:00:00;6074.2024/0010528-3;41994323000125;ASSOCIACAO LYRA;40431;2024;34;SMDHC;Secretaria Municipal de Direitos Humanos e Cidadania;10;Gabinete do Secretário;14;Direitos da Cidadania;422;Direitos Individuais, Coletivos e Difusos;4024;Promoção da Cidadania e da Diversidade;4326;Manutenção e Operação dos Equipamentos Públicos Voltados ao Atendiment;CPLGBTI;LGBTI;CPLGBTI - Equipamentos;3;Despesas Correntes;3;Outras Despesas Correntes;50;Transferências a Instituições Privadas sem Fins Lucrativos;39;Serviços de Assistência Social;33503900;00.1.500.9001;Recursos não vinculados de Impostos;2;Outras Despesas;5;Outros Serviços de Terceiros - Pessoa Jurídica;34.10.14.422.4024.4326.33503900.00.1.500.9001;515400.31;0.0;515400.31;128635.69;128635.69;0.0;;500;9001;1;02/03/2026 09:48:49;;00;34;33503900;Contratação PJ sem Fins Lucrativos;4326;uni;"Termo de Colaboração nº TCL/020/2024/SMDHC/CPLGBTI. -  Período de Janeiro/2026  a Dezembro/2026.
";1;515400.31
01;PREFEITURA DO MUNICÍPIO DE SÃO PAULO;6259;4122;2026;1;21/01/2026 00:00:00;6074.2024/0010528-3;41994323000125;ASSOCIACAO LYRA;40431;2024;34;SMDHC;Secretaria Municipal de Direitos Humanos e Cidadania;10;Gabinete do Secretário;14;Direitos da Cidadania;422;Direitos Individuais, Coletivos e Difusos;4024;Promoção da Cidadania e da Diversidade;4326;Manutenção e Operação dos Equipamentos Públicos Voltados ao Atendiment;CPLGBTI;LGBTI;CPLGBTI - Equipamentos;3;Despesas Correntes;3;Outras Despesas Correntes;50;Transferências a Instituições Privadas sem Fins Lucrativos;39;Serviços de Assistência Social;33503900;00.1.500.9001;Recursos não vinculados de Impostos;2;Remuneração de Pessoal;5;Outros Serviços de Terceiros - Pessoa Jurídica;34.10.14.422.4024.4326.33503900.00.1.500.9001;1522733.99;0.0;1522733.99;380050.08;380050.08;0.0;;500;9001;1;02/03/2026 09:48:49;;00;34;33503900;Contratação PJ sem Fins Lucrativos;4326;uni;"Termo de Colaboração nº TCL/020/2024/SMDHC/CPLGBTI. -  Período de Janeiro/2026  a Dezembro/2026.
";1;1522733.99
01;PREFEITURA DO MUNICÍPIO DE SÃO PAULO;6328;4213;2026;1;21/01/2026 00:00:00;6074.2024/0010530-5;38883732000140;UNAS  UNIAO DE NUCLEOS ASSOCIACOES DOS MORADORES DE HELIOPOLIS E REGIAO;40416;2024;34;SMDHC;Secretaria Municipal de Direitos Humanos e Cidadania;10;Gabinete do Secretário;14;Direitos da Cidadania;422;Direitos Individuais, Coletivos e Difusos;4024;Promoção da Cidadania e da Diversidade;4326;Manutenção e Operação dos Equipamentos Públicos Voltados ao Atendiment;CPLGBTI;LGBTI;CPLGBTI - Equipamentos;3;Despesas Correntes;3;Outras Despesas Correntes;50;Transferências a Instituições Privadas sem Fins Lucrativos;39;Serviços de Assistência Social;33503900;00.1.500.9001;Recursos não vinculados de Impostos;2;Outras Despesas;5;Outros Serviços de Terceiros - Pessoa Jurídica;34.10.14.422.4024.4326.33503900.00.1.500.9001;637160.08;0.0;637160.08;158629.06;158629.06;0.0;;500;9001;1;02/03/2026 09:48:49;;00;34;33503900;Contratação PJ sem Fins Lucrativos;4326;uni;"Termo de Colaboração nº TCL/021/2024/SMDHC/CPLGBTI. -  Período de Janeiro/2026  a Dezembro/2026.
";1;637160.08
01;PREFEITURA DO MUNICÍPIO DE SÃO PAULO;6328;4238;2026;1;21/01/2026 00:00:00;6074.2024/0010530-5;38883732000140;UNAS  UNIAO DE NUCLEOS ASSOCIACOES DOS MORADORES DE HELIOPOLIS E REGIAO;40416;2024;34;SMDHC;Secretaria Municipal de Direitos Humanos e Cidadania;10;Gabinete do Secretário;14;Direitos da Cidadania;422;Direitos Individuais, Coletivos e Difusos;4024;Promoção da Cidadania e da Diversidade;4326;Manutenção e Operação dos Equipamentos Públicos Voltados ao Atendiment;CPLGBTI;LGBTI;CPLGBTI - Equipamentos;3;Despesas Correntes;3;Outras Despesas Correntes;50;Transferências a Instituições Privadas sem Fins Lucrativos;39;Serviços de Assistência Social;33503900;00.1.500.9001;Recursos não vinculados de Impostos;2;Remuneração de Pessoal;5;Outros Serviços de Terceiros - Pessoa Jurídica;34.10.14.422.4024.4326.33503900.00.1.500.9001;1397534.24;0.0;1397534.24;347933.86;347933.86;0.0;;500;9001;1;02/03/2026 09:48:49;;00;34;33503900;Contratação PJ sem Fins Lucrativos;4326;uni;"Termo de Colaboração nº TCL/020/2024/SMDHC/CPLGBTI. -  Período de Janeiro/2026  a Dezembro/2026.
";1;1397534.24
01;PREFEITURA DO MUNICÍPIO DE SÃO PAULO;6168;4239;2026;1;21/01/2026 00:00:00;6074.2023/0009768-8;20720459000177;INSTITUTO DE PESQUISA POPULAR MEU LUGAR;33101;2023;34;SMDHC;Secretaria Municipal de Direitos Humanos e Cidadania;10;Gabinete do Secretário;14;Direitos da Cidadania;422;Direitos Individuais, Coletivos e Difusos;4024;Promoção da Cidadania e da Diversidade;4332;Manutenção da Ouvidoria de Direitos Humanos;ODH;Ouvidoria;ODH - Manutenção;3;Despesas Correntes;3;Outras Despesas Correntes;50;Transferências a Instituições Privadas sem Fins Lucrativos;39;Serviços de Assistência Social;33503900;00.1.500.9001;Recursos não vinculados de Impostos;2;Outras Despesas;5;Outros Serviços de Terceiros - Pessoa Jurídica;34.10.14.422.4024.4332.33503900.00.1.500.9001;88601.53;88601.53;0.0;0.0;0.0;0.0;;500;9001;1;02/03/2026 09:48:49;;00;34;33503900;Contratação PJ sem Fins Lucrativos;4332;UNI;Termo de Colaboração nº TCL/063/2023/SMDHC/ODH - Gestão do Núcleos de Atendimentos em Direitos Humanos NDH(s) do Butantã, Campo Limpo, Jabaquara e Capela do Socorro, vinculado à Ouvidoria da SMDHC - Referente a 5º e 6º Parcelas.;1;88601.53
01;PREFEITURA DO MUNICÍPIO DE SÃO PAULO;6168;4266;2026;1;21/01/2026 00:00:00;6074.2023/0009768-8;20720459000177;INSTITUTO DE PESQUISA POPULAR MEU LUGAR;33101;2023;34;SMDHC;Secretaria Municipal de Direitos Humanos e Cidadania;10;Gabinete do Secretário;14;Direitos da Cidadania;422;Direitos Individuais, Coletivos e Difusos;4024;Promoção da Cidadania e da Diversidade;4332;Manutenção da Ouvidoria de Direitos Humanos;ODH;Ouvidoria;ODH - Manutenção;3;Despesas Correntes;3;Outras Despesas Correntes;50;Transferências a Instituições Privadas sem Fins Lucrativos;39;Serviços de Assistência Social;33503900;00.1.500.9001;Recursos não vinculados de Impostos;2;Remuneração de Pessoal;5;Outros Serviços de Terceiros - Pessoa Jurídica;34.10.14.422.4024.4332.33503900.00.1.500.9001;1703847.67;1703847.67;0.0;0.0;0.0;0.0;;500;9001;1;02/03/2026 09:48:49;;00;34;33503900;Contratação PJ sem Fins Lucrativos;4332;UNI;"Termo de Colaboração nº TCL/063/2023/SMDHC/ODH - Gestão do Núcleos de Atendimentos em Direitos Humanos NDH(s) do Butantã, Campo Limpo, Jabaquara e Capela do Socorro, vinculado à Ouvidoria da SMDHC - Referente a 5º e 6º Parcelas.
";1;1703847.67
01;PREFEITURA DO MUNICÍPIO DE SÃO PAULO;6370;4304;2026;1;21/01/2026 00:00:00;6074.2024/0010531-3;07157970000144;ASSOCIACAO CULTURAL EDUCACIONAL E SOCIAL DYNAMITE  ACESD;40399;2024;34;SMDHC;Secretaria Municipal de Direitos Humanos e Cidadania;10;Gabinete do Secretário;14;Direitos da Cidadania;422;Direitos Individuais, Coletivos e Difusos;4024;Promoção da Cidadania e da Diversidade;4326;Manutenção e Operação dos Equipamentos Públicos Voltados ao Atendiment;CPLGBTI;LGBTI;CPLGBTI - Equipamentos;3;Despesas Correntes;3;Outras Despesas Correntes;50;Transferências a Instituições Privadas sem Fins Lucrativos;39;Serviços de Assistência Social;33503900;00.1.500.9001;Recursos não vinculados de Impostos;2;Outras Despesas;5;Outros Serviços de Terceiros - Pessoa Jurídica;34.10.14.422.4024.4326.33503900.00.1.500.9001;535071.5;0.0;535071.5;0.0;0.0;0.0;;500;9001;1;02/03/2026 09:48:49;;00;34;33503900;Contratação PJ sem Fins Lucrativos;4326;uni;"Termo de Colaboração nº TCL/022/2024/SMDHC/CPLGBTI. -  Período  de Janeiro a Dezembro 2026 . 
";1;535071.5
01;PREFEITURA DO MUNICÍPIO DE SÃO PAULO;6370;4323;2026;1;21/01/2026 00:00:00;6074.2024/0010531-3;07157970000144;ASSOCIACAO CULTURAL EDUCACIONAL E SOCIAL DYNAMITE  ACESD;40399;2024;34;SMDHC;Secretaria Municipal de Direitos Humanos e Cidadania;10;Gabinete do Secretário;14;Direitos da Cidadania;422;Direitos Individuais, Coletivos e Difusos;4024;Promoção da Cidadania e da Diversidade;4326;Manutenção e Operação dos Equipamentos Públicos Voltados ao Atendiment;CPLGBTI;LGBTI;CPLGBTI - Equipamentos;3;Despesas Correntes;3;Outras Despesas Correntes;50;Transferências a Instituições Privadas sem Fins Lucrativos;39;Serviços de Assistência Social;33503900;00.1.500.9001;Recursos não vinculados de Impostos;2;Remuneração de Pessoal;5;Outros Serviços de Terceiros - Pessoa Jurídica;34.10.14.422.4024.4326.33503900.00.1.500.9001;1495592.44;0.0;1495592.44;0.0;0.0;0.0;;500;9001;1;02/03/2026 09:48:49;;00;34;33503900;Contratação PJ sem Fins Lucrativos;4326;uni;"Termo de Colaboração nº TCL/022/2024/SMDHC/CPLGBTI. -  Período  de Janeiro a Novembro 2026 -  Parcial dezembro.
";1;1495592.44
01;PREFEITURA DO MUNICÍPIO DE SÃO PAULO;6399;4376;2026;1;21/01/2026 00:00:00;6074.2024/0010532-1;03601723000134;INSTITUTO CLARET   SOLIDARIEDADE E DESENVOLVIMENTO HUMANO;40397;2024;34;SMDHC;Secretaria Municipal de Direitos Humanos e Cidadania;10;Gabinete do Secretário;14;Direitos da Cidadania;422;Direitos Individuais, Coletivos e Difusos;4024;Promoção da Cidadania e da Diversidade;4326;Manutenção e Operação dos Equipamentos Públicos Voltados ao Atendiment;CPLGBTI;LGBTI;CPLGBTI - Equipamentos;3;Despesas Correntes;3;Outras Despesas Correntes;50;Transferências a Instituições Privadas sem Fins Lucrativos;39;Serviços de Assistência Social;33503900;00.1.500.9001;Recursos não vinculados de Impostos;2;Outras Despesas;5;Outros Serviços de Terceiros - Pessoa Jurídica;34.10.14.422.4024.4326.33503900.00.1.500.9001;740132.82;0.0;740132.82;201854.4;201854.4;0.0;;500;9001;1;02/03/2026 09:48:49;;00;34;33503900;Contratação PJ sem Fins Lucrativos;4326;uni;"Termo de Colaboração nº TCL/023/2024/SMDHC/CPLGBTI. -  Período  de Janeiro a Novembro 2026.
";1;740132.82
01;PREFEITURA DO MUNICÍPIO DE SÃO PAULO;6399;4394;2026;1;21/01/2026 00:00:00;6074.2024/0010532-1;03601723000134;INSTITUTO CLARET   SOLIDARIEDADE E DESENVOLVIMENTO HUMANO;40397;2024;34;SMDHC;Secretaria Municipal de Direitos Humanos e Cidadania;10;Gabinete do Secretário;14;Direitos da Cidadania;422;Direitos Individuais, Coletivos e Difusos;4024;Promoção da Cidadania e da Diversidade;4326;Manutenção e Operação dos Equipamentos Públicos Voltados ao Atendiment;CPLGBTI;LGBTI;CPLGBTI - Equipamentos;3;Despesas Correntes;3;Outras Despesas Correntes;50;Transferências a Instituições Privadas sem Fins Lucrativos;39;Serviços de Assistência Social;33503900;00.1.500.9001;Recursos não vinculados de Impostos;2;Remuneração de Pessoal;5;Outros Serviços de Terceiros - Pessoa Jurídica;34.10.14.422.4024.4326.33503900.00.1.500.9001;1201259.13;0.0;1201259.13;327616.13;327616.13;0.0;;500;9001;1;02/03/2026 09:48:49;;00;34;33503900;Contratação PJ sem Fins Lucrativos;4326;uni;"Termo de Colaboração nº TCL/023/2024/SMDHC/CPLGBTI. -  Período  de Janeiro a Novembro 2026.
";1;1201259.13
01;PREFEITURA DO MUNICÍPIO DE SÃO PAULO;6428;4432;2026;1;21/01/2026 00:00:00;6074.2024/0010533-0;67836288000100;GRUPO PELA VALORIZACAO INTEGRACAO E DIGNIDADE DO DOENTE DE AIDS  DE SAO PAULO PELA VIDDA  SP;42334;2024;34;SMDHC;Secretaria Municipal de Direitos Humanos e Cidadania;10;Gabinete do Secretário;14;Direitos da Cidadania;422;Direitos Individuais, Coletivos e Difusos;4024;Promoção da Cidadania e da Diversidade;4326;Manutenção e Operação dos Equipamentos Públicos Voltados ao Atendiment;CPLGBTI;LGBTI;CPLGBTI - Equipamentos;3;Despesas Correntes;3;Outras Despesas Correntes;50;Transferências a Instituições Privadas sem Fins Lucrativos;39;Serviços de Assistência Social;33503900;00.1.500.9001;Recursos não vinculados de Impostos;2;Outras Despesas;5;Outros Serviços de Terceiros - Pessoa Jurídica;34.10.14.422.4024.4326.33503900.00.1.500.9001;703787.33;0.0;703787.33;191942.01;191942.01;0.0;;500;9001;1;02/03/2026 09:48:49;;00;34;33503900;Contratação PJ sem Fins Lucrativos;4326;uni;"Termo de Colaboração nº TCL/024/2024/SMDHC/CPLGBTI. -  Período  de Janeiro a Novembro 2026.
";1;703787.33
01;PREFEITURA DO MUNICÍPIO DE SÃO PAULO;6428;4459;2026;1;21/01/2026 00:00:00;6074.2024/0010533-0;67836288000100;GRUPO PELA VALORIZACAO INTEGRACAO E DIGNIDADE DO DOENTE DE AIDS  DE SAO PAULO PELA VIDDA  SP;42334;2024;34;SMDHC;Secretaria Municipal de Direitos Humanos e Cidadania;10;Gabinete do Secretário;14;Direitos da Cidadania;422;Direitos Individuais, Coletivos e Difusos;4024;Promoção da Cidadania e da Diversidade;4326;Manutenção e Operação dos Equipamentos Públicos Voltados ao Atendiment;CPLGBTI;LGBTI;CPLGBTI - Equipamentos;3;Despesas Correntes;3;Outras Despesas Correntes;50;Transferências a Instituições Privadas sem Fins Lucrativos;39;Serviços de Assistência Social;33503900;00.1.500.9001;Recursos não vinculados de Impostos;2;Remuneração de Pessoal;5;Outros Serviços de Terceiros - Pessoa Jurídica;34.10.14.422.4024.4326.33503900.00.1.500.9001;1304032.16;0.0;1304032.16;355645.14;355645.14;0.0;;500;9001;1;02/03/2026 09:48:49;;00;34;33503900;Contratação PJ sem Fins Lucrativos;4326;uni;"Termo de Colaboração nº TCL/024/2024/SMDHC/CPLGBTI. -  Período  de Janeiro a Novembro 2026.
";1;1304032.16
01;PREFEITURA DO MUNICÍPIO DE SÃO PAULO;6617;4849;2026;1;22/01/2026 00:00:00;6074.2025/0008668-0;61856571000621;COMPANHIA DE GAS DE SAO PAULO COMGAS;1558;2026;34;SMDHC;Secretaria Municipal de Direitos Humanos e Cidadania;10;Gabinete do Secretário;14;Direitos da Cidadania;122;Administração Geral;4001;Suporte Administrativo;2100;Administração da Unidade;ADM;Administração;ADM;3;Despesas Correntes;3;Outras Despesas Correntes;90;Aplicações Diretas;39;Serviços de Gás / São Paulo;33903900;00.1.500.9006;Recursos destinados ao pagamento de concessionárias;0;Gás Canalizado;4;Outros Serviços de Terceiros - Pessoa Jurídica;34.10.14.122.4001.2100.33903900.00.1.500.9006;20000.0;0.0;20000.0;0.0;0.0;0.0;;500;9006;1;02/03/2026 09:48:49;;00;34;33903900;Contratação PJ com Fins Lucrativos;2100;UND;Fornecimento de Gás Canalizado - COMGÁS, para atender o Edifício São Joaquim (SEDE);1;20000.0
01;PREFEITURA DO MUNICÍPIO DE SÃO PAULO;6633;4862;2026;1;22/01/2026 00:00:00;6074.2025/0008668-0;61856571000621;COMPANHIA DE GAS DE SAO PAULO COMGAS;1558;2026;34;SMDHC;Secretaria Municipal de Direitos Humanos e Cidadania;10;Gabinete do Secretário;14;Direitos da Cidadania;422;Direitos Individuais, Coletivos e Difusos;4024;Promoção da Cidadania e da Diversidade;4333;Manutenção e Operação do Centro Público de Economia Solidária e Direit;CPDDH;Centro Público;CPDDH;3;Despesas Correntes;3;Outras Despesas Correntes;90;Aplicações Diretas;39;Serviços de Gás / São Paulo;33903900;00.1.500.9006;Recursos destinados ao pagamento de concessionárias;0;Gás Canalizado;4;Outros Serviços de Terceiros - Pessoa Jurídica;34.10.14.422.4024.4333.33903900.00.1.500.9006;20000.0;1800.0;18200.0;0.0;0.0;0.0;;500;9006;1;02/03/2026 09:48:49;;00;34;33903900;Contratação PJ com Fins Lucrativos;4333;und;"Fornecimento de gás encanado para atender ao Centro Público de
Direitos Humanos e Economia Solidária para exercício 2026";1;20000.0
01;PREFEITURA DO MUNICÍPIO DE SÃO PAULO;6748;4932;2026;1;22/01/2026 00:00:00;6074.2025/0009986-2;61695227000193;ELETROPAULO METROPOLITANA ELETRICIDADE DE SAO PAULO SA;1552;2026;34;SMDHC;Secretaria Municipal de Direitos Humanos e Cidadania;10;Gabinete do Secretário;14;Direitos da Cidadania;422;Direitos Individuais, Coletivos e Difusos;4025;Políticas para Mulheres;2053;Manutenção e Operação da Casa da Mulher Brasileira;CPM;Mulheres;CPM - Casa da Mulher Brasileira;3;Despesas Correntes;3;Outras Despesas Correntes;90;Aplicações Diretas;39;Serviços de Energia Elétrica;33903900;00.1.500.9006;Recursos destinados ao pagamento de concessionárias;0;Energia Elétrica de Prédios Públicos;4;Outros Serviços de Terceiros - Pessoa Jurídica;34.10.14.422.4025.2053.33903900.00.1.500.9006;180000.0;0.0;180000.0;0.0;0.0;0.0;;500;9006;1;02/03/2026 09:48:49;;00;34;33903900;Contratação PJ com Fins Lucrativos;2053;und;"Prestação dos serviços de fornecimento de energia elétrica para
atender a Casa da Mulher Brasileira da Secretaria Municipal de Direitos
Humanos e Cidadania para exercício 2026.";1;180000.0
01;PREFEITURA DO MUNICÍPIO DE SÃO PAULO;6813;5033;2026;1;22/01/2026 00:00:00;6074.2025/0009985-4;43776517000180;COMPANHIA DE SANEAMENTO BASICO DO ESTADO DE SAO PAULO  SABESP;1521;2026;34;SMDHC;Secretaria Municipal de Direitos Humanos e Cidadania;10;Gabinete do Secretário;14;Direitos da Cidadania;422;Direitos Individuais, Coletivos e Difusos;4025;Políticas para Mulheres;2053;Manutenção e Operação da Casa da Mulher Brasileira;CPM;Mulheres;CPM - Casa da Mulher Brasileira;3;Despesas Correntes;3;Outras Despesas Correntes;90;Aplicações Diretas;39;Serviços de Água e Esgoto;33903900;00.1.500.9006;Recursos destinados ao pagamento de concessionárias;0;Água e Esgoto;4;Outros Serviços de Terceiros - Pessoa Jurídica;34.10.14.422.4025.2053.33903900.00.1.500.9006;102533.0;0.0;102533.0;0.0;0.0;0.0;;500;9006;1;02/03/2026 09:48:49;;00;34;33903900;Contratação PJ com Fins Lucrativos;2053;und;Consumo de serviços de Água e Esgoto para atender a Casa da Mulher Brasileira da Secretaria Municipal de Direitos Humanos e Cidadania para exercício 2026;1;102533.0
01;PREFEITURA DO MUNICÍPIO DE SÃO PAULO;6955;5311;2026;1;22/01/2026 00:00:00;6074.2025/0008665-5;43776517000180;COMPANHIA DE SANEAMENTO BASICO DO ESTADO DE SAO PAULO  SABESP;1491;2026;34;SMDHC;Secretaria Municipal de Direitos Humanos e Cidadania;10;Gabinete do Secretário;14;Direitos da Cidadania;422;Direitos Individuais, Coletivos e Difusos;4025;Políticas para Mulheres;6178;Manutenção e Operação de Equipamentos Públicos Voltados ao Atendimento;CPM;Mulheres;CPM - Equipamentos;3;Despesas Correntes;3;Outras Despesas Correntes;90;Aplicações Diretas;39;Serviços de Água e Esgoto;33903900;00.1.500.9006;Recursos destinados ao pagamento de concessionárias;0;Água e Esgoto;4;Outros Serviços de Terceiros - Pessoa Jurídica;34.10.14.422.4025.6178.33903900.00.1.500.9006;50000.0;0.0;50000.0;0.0;0.0;0.0;;500;9006;1;02/03/2026 09:48:49;;00;34;33903900;Contratação PJ com Fins Lucrativos;6178;und;Consumo de serviços de Água e Esgoto para atender Coordenação de Mulheres Exercício 2026.;1;50000.0
01;PREFEITURA DO MUNICÍPIO DE SÃO PAULO;6984;5345;2026;1;22/01/2026 00:00:00;6074.2025/0008665-5;43776517000180;COMPANHIA DE SANEAMENTO BASICO DO ESTADO DE SAO PAULO  SABESP;1491;2026;34;SMDHC;Secretaria Municipal de Direitos Humanos e Cidadania;10;Gabinete do Secretário;14;Direitos da Cidadania;422;Direitos Individuais, Coletivos e Difusos;4018;Assistência e Proteção Sociais;2431;Manutenção e Operação de Equipamentos Públicos Voltados ao Atendimento;CPPSR;População em Situação de Rua;CPPSR - Equipamentos;3;Despesas Correntes;3;Outras Despesas Correntes;90;Aplicações Diretas;39;Serviços de Água e Esgoto;33903900;00.1.500.9006;Recursos destinados ao pagamento de concessionárias;0;Água e Esgoto;4;Outros Serviços de Terceiros - Pessoa Jurídica;34.10.14.422.4018.2431.33903900.00.1.500.9006;25000.0;0.0;25000.0;0.0;0.0;0.0;;500;9006;1;02/03/2026 09:48:49;;00;34;33903900;Contratação PJ com Fins Lucrativos;2431;und;Consumo de serviços de Água e Esgoto para atender Pop Rua;1;25000.0
01;PREFEITURA DO MUNICÍPIO DE SÃO PAULO;7000;5365;2026;1;22/01/2026 00:00:00;6074.2025/0008665-5;43776517000180;COMPANHIA DE SANEAMENTO BASICO DO ESTADO DE SAO PAULO  SABESP;1491;2026;34;SMDHC;Secretaria Municipal de Direitos Humanos e Cidadania;10;Gabinete do Secretário;14;Direitos da Cidadania;422;Direitos Individuais, Coletivos e Difusos;4023;Políticas para População Idosa;4330;Manutenção e Operação dos Equipamentos Públicos Voltados para Pessoa I;CPPI;Idoso;CPPI - Equipamentos;3;Despesas Correntes;3;Outras Despesas Correntes;90;Aplicações Diretas;39;Serviços de Água e Esgoto;33903900;00.1.500.9006;Recursos destinados ao pagamento de concessionárias;0;Água e Esgoto;4;Outros Serviços de Terceiros - Pessoa Jurídica;34.10.14.422.4023.4330.33903900.00.1.500.9006;11270.0;450.0;10820.0;0.0;0.0;0.0;;500;9006;1;02/03/2026 09:48:49;;00;34;33903900;Contratação PJ com Fins Lucrativos;4330;und;Consumo de serviços de Água e Esgoto para atender Equipamentos Públicos Voltados para Pessoa Idosa Exercício 2026.;1;11270.0
01;PREFEITURA DO MUNICÍPIO DE SÃO PAULO;7016;5385;2026;1;22/01/2026 00:00:00;6074.2025/0008665-5;43776517000180;COMPANHIA DE SANEAMENTO BASICO DO ESTADO DE SAO PAULO  SABESP;1491;2026;34;SMDHC;Secretaria Municipal de Direitos Humanos e Cidadania;10;Gabinete do Secretário;14;Direitos da Cidadania;422;Direitos Individuais, Coletivos e Difusos;4010;Segurança Alimentar e Nutricional;4470;Manutenção e Operação de Centro de Referência de Segurança Alimentar e;SESANA;Segurança Alimentar;SESANA - CRESAN;3;Despesas Correntes;3;Outras Despesas Correntes;90;Aplicações Diretas;39;Serviços de Água e Esgoto;33903900;00.1.500.9006;Recursos destinados ao pagamento de concessionárias;0;Água e Esgoto;4;Outros Serviços de Terceiros - Pessoa Jurídica;34.10.14.422.4010.4470.33903900.00.1.500.9006;150000.0;0.0;150000.0;0.0;0.0;0.0;;500;9006;1;02/03/2026 09:48:49;;00;34;33903900;Contratação PJ com Fins Lucrativos;4470;und;Consumo de serviços de Água e Esgoto para atender  Cresan's;1;150000.0
01;PREFEITURA DO MUNICÍPIO DE SÃO PAULO;7046;5398;2026;1;22/01/2026 00:00:00;6074.2025/0008665-5;43776517000180;COMPANHIA DE SANEAMENTO BASICO DO ESTADO DE SAO PAULO  SABESP;1491;2026;34;SMDHC;Secretaria Municipal de Direitos Humanos e Cidadania;10;Gabinete do Secretário;14;Direitos da Cidadania;122;Administração Geral;4001;Suporte Administrativo;2100;Administração da Unidade;ADM;Administração;ADM;3;Despesas Correntes;3;Outras Despesas Correntes;90;Aplicações Diretas;39;Serviços de Água e Esgoto;33903900;00.1.500.9006;Recursos destinados ao pagamento de concessionárias;0;Água e Esgoto;4;Outros Serviços de Terceiros - Pessoa Jurídica;34.10.14.122.4001.2100.33903900.00.1.500.9006;210000.0;450.0;209550.0;1766.14;0.0;0.0;;500;9006;1;02/03/2026 09:48:49;;00;34;33903900;Contratação PJ com Fins Lucrativos;2100;und;Consumo de serviços de Água e Esgoto para atender Sede e Ouvidoria;1;210000.0
01;PREFEITURA DO MUNICÍPIO DE SÃO PAULO;7136;5484;2026;1;22/01/2026 00:00:00;6074.2025/0008664-7;43776517000180;COMPANHIA DE SANEAMENTO BASICO DO ESTADO DE SAO PAULO  SABESP;1517;2026;34;SMDHC;Secretaria Municipal de Direitos Humanos e Cidadania;10;Gabinete do Secretário;14;Direitos da Cidadania;243;Assistência à Criança e ao Adolescente;4019;Proteção a Crianças e Adolescentes;2157;Administração dos Conselhos Tutelares;CT;Conselho Tutelar;CT - Administração;3;Despesas Correntes;3;Outras Despesas Correntes;90;Aplicações Diretas;39;Serviços de Água e Esgoto;33903900;00.1.500.9006;Recursos destinados ao pagamento de concessionárias;0;Água e Esgoto;4;Outros Serviços de Terceiros - Pessoa Jurídica;34.10.14.243.4019.2157.33903900.00.1.500.9006;230000.0;0.0;230000.0;0.0;0.0;0.0;;500;9006;1;02/03/2026 09:48:49;;00;34;33903900;Contratação PJ com Fins Lucrativos;2157;und;Consumo de serviços de Água e Esgoto - Conselhos Tutelares pertencentes à SMDHC.;1;230000.0
01;PREFEITURA DO MUNICÍPIO DE SÃO PAULO;7222;5771;2026;1;22/01/2026 00:00:00;6074.2025/0008667-1;61695227000193;ELETROPAULO METROPOLITANA ELETRICIDADE DE SAO PAULO SA;1535;2026;34;SMDHC;Secretaria Municipal de Direitos Humanos e Cidadania;10;Gabinete do Secretário;14;Direitos da Cidadania;122;Administração Geral;4001;Suporte Administrativo;2100;Administração da Unidade;ADM;Administração;ADM;3;Despesas Correntes;3;Outras Despesas Correntes;90;Aplicações Diretas;39;Serviços de Energia Elétrica;33903900;00.1.500.9006;Recursos destinados ao pagamento de concessionárias;0;Energia Elétrica de Prédios Públicos;4;Outros Serviços de Terceiros - Pessoa Jurídica;34.10.14.122.4001.2100.33903900.00.1.500.9006;141611.0;0.0;141611.0;0.0;0.0;0.0;;500;9006;1;02/03/2026 09:48:49;;00;34;33903900;Contratação PJ com Fins Lucrativos;2100;und; Fornecimento de energia elétrica Sede e Ouvidoria;1;141611.0
01;PREFEITURA DO MUNICÍPIO DE SÃO PAULO;7362;5945;2026;1;22/01/2026 00:00:00;6012.2023/0011229-8;16642960000195;SNA PARTICIPACOES LTDA;-1;-1;34;SMDHC;Secretaria Municipal de Direitos Humanos e Cidadania;10;Gabinete do Secretário;14;Direitos da Cidadania;422;Direitos Individuais, Coletivos e Difusos;4010;Segurança Alimentar e Nutricional;4470;Manutenção e Operação de Centro de Referência de Segurança Alimentar e;SESANA;Segurança Alimentar;SESANA - CRESAN;3;Despesas Correntes;3;Outras Despesas Correntes;90;Aplicações Diretas;39;Locação de Imóveis;33903900;00.1.500.9001;Recursos não vinculados de Impostos;0;Despesas com Reembolso;1;Outros Serviços de Terceiros - Pessoa Jurídica;34.10.14.422.4010.4470.33903900.00.1.500.9001;67962.24;0.0;67962.24;11327.04;11327.04;0.0;;500;9001;1;02/03/2026 09:48:49;;00;34;33903900;Contratação PJ com Fins Lucrativos;4470;UND;Termo de Contrato nº 383/SMSUB/COGEL/2023 - Locação do Edifício Conde de Prates - Condomínio 2026;1;67962.24
01;PREFEITURA DO MUNICÍPIO DE SÃO PAULO;7227;5985;2026;1;22/01/2026 00:00:00;6074.2025/0008667-1;61695227000193;ELETROPAULO METROPOLITANA ELETRICIDADE DE SAO PAULO SA;1535;2026;34;SMDHC;Secretaria Municipal de Direitos Humanos e Cidadania;10;Gabinete do Secretário;14;Direitos da Cidadania;422;Direitos Individuais, Coletivos e Difusos;4025;Políticas para Mulheres;6178;Manutenção e Operação de Equipamentos Públicos Voltados ao Atendimento;CPM;Mulheres;CPM - Equipamentos;3;Despesas Correntes;3;Outras Despesas Correntes;90;Aplicações Diretas;39;Serviços de Energia Elétrica;33903900;00.1.500.9006;Recursos destinados ao pagamento de concessionárias;0;Energia Elétrica de Prédios Públicos;4;Outros Serviços de Terceiros - Pessoa Jurídica;34.10.14.422.4025.6178.33903900.00.1.500.9006;30000.0;0.0;30000.0;0.0;0.0;0.0;;500;9006;1;02/03/2026 09:48:49;;00;34;33903900;Contratação PJ com Fins Lucrativos;6178;und; Fornecimento de energia elétrica Mulheres;1;30000.0
01;PREFEITURA DO MUNICÍPIO DE SÃO PAULO;7234;6075;2026;1;22/01/2026 00:00:00;6074.2025/0008667-1;61695227000193;ELETROPAULO METROPOLITANA ELETRICIDADE DE SAO PAULO SA;1535;2026;34;SMDHC;Secretaria Municipal de Direitos Humanos e Cidadania;10;Gabinete do Secretário;14;Direitos da Cidadania;422;Direitos Individuais, Coletivos e Difusos;4024;Promoção da Cidadania e da Diversidade;4333;Manutenção e Operação do Centro Público de Economia Solidária e Direit;CPDDH;Centro Público;CPDDH;3;Despesas Correntes;3;Outras Despesas Correntes;90;Aplicações Diretas;39;Serviços de Energia Elétrica;33903900;00.1.500.9006;Recursos destinados ao pagamento de concessionárias;0;Energia Elétrica de Prédios Públicos;4;Outros Serviços de Terceiros - Pessoa Jurídica;34.10.14.422.4024.4333.33903900.00.1.500.9006;25670.0;0.0;25670.0;0.0;0.0;0.0;;500;9006;1;02/03/2026 09:48:49;;00;34;33903900;Contratação PJ com Fins Lucrativos;4333;und; Fornecimento de energia elétrica Centro Público;1;25670.0
01;PREFEITURA DO MUNICÍPIO DE SÃO PAULO;7373;6097;2026;1;22/01/2026 00:00:00;6012.2023/0011229-8;16642960000195;SNA PARTICIPACOES LTDA;-1;-1;34;SMDHC;Secretaria Municipal de Direitos Humanos e Cidadania;10;Gabinete do Secretário;14;Direitos da Cidadania;422;Direitos Individuais, Coletivos e Difusos;4010;Segurança Alimentar e Nutricional;4470;Manutenção e Operação de Centro de Referência de Segurança Alimentar e;SESANA;Segurança Alimentar;SESANA - CRESAN;3;Despesas Correntes;3;Outras Despesas Correntes;90;Aplicações Diretas;39;Locação de Imóveis;33903900;00.1.500.9001;Recursos não vinculados de Impostos;0;Locação de Imóveis;1;Outros Serviços de Terceiros - Pessoa Jurídica;34.10.14.422.4010.4470.33903900.00.1.500.9001;216000.0;0.0;216000.0;18000.0;18000.0;0.0;;500;9001;1;02/03/2026 09:48:49;;00;34;33903900;Contratação PJ com Fins Lucrativos;4470;UND;Termo de Contrato nº 383/SMSUB/COGEL/2023 - Locação do Edifício Conde de Prates - Principal.;12;18000.0
01;PREFEITURA DO MUNICÍPIO DE SÃO PAULO;7240;6136;2026;1;22/01/2026 00:00:00;6074.2025/0008667-1;61695227000193;ELETROPAULO METROPOLITANA ELETRICIDADE DE SAO PAULO SA;1535;2026;34;SMDHC;Secretaria Municipal de Direitos Humanos e Cidadania;10;Gabinete do Secretário;14;Direitos da Cidadania;422;Direitos Individuais, Coletivos e Difusos;4018;Assistência e Proteção Sociais;2431;Manutenção e Operação de Equipamentos Públicos Voltados ao Atendimento;CPPSR;População em Situação de Rua;CPPSR - Equipamentos;3;Despesas Correntes;3;Outras Despesas Correntes;90;Aplicações Diretas;39;Serviços de Energia Elétrica;33903900;00.1.500.9006;Recursos destinados ao pagamento de concessionárias;0;Energia Elétrica de Prédios Públicos;4;Outros Serviços de Terceiros - Pessoa Jurídica;34.10.14.422.4018.2431.33903900.00.1.500.9006;23307.0;0.0;23307.0;0.0;0.0;0.0;;500;9006;1;02/03/2026 09:48:49;;00;34;33903900;Contratação PJ com Fins Lucrativos;2431;und;"Fornecimento de energia elétrica Pop Rua
";1;23307.0
01;PREFEITURA DO MUNICÍPIO DE SÃO PAULO;7244;6179;2026;1;22/01/2026 00:00:00;6074.2025/0008667-1;61695227000193;ELETROPAULO METROPOLITANA ELETRICIDADE DE SAO PAULO SA;1535;2026;34;SMDHC;Secretaria Municipal de Direitos Humanos e Cidadania;10;Gabinete do Secretário;14;Direitos da Cidadania;422;Direitos Individuais, Coletivos e Difusos;4023;Políticas para População Idosa;4330;Manutenção e Operação dos Equipamentos Públicos Voltados para Pessoa I;CPPI;Idoso;CPPI - Equipamentos;3;Despesas Correntes;3;Outras Despesas Correntes;90;Aplicações Diretas;39;Serviços de Energia Elétrica;33903900;00.1.500.9006;Recursos destinados ao pagamento de concessionárias;0;Energia Elétrica de Prédios Públicos;4;Outros Serviços de Terceiros - Pessoa Jurídica;34.10.14.422.4023.4330.33903900.00.1.500.9006;10000.0;0.0;10000.0;0.0;0.0;0.0;;500;9006;1;02/03/2026 09:48:50;;00;34;33903900;Contratação PJ com Fins Lucrativos;4330;und; Fornecimento de energia elétrica Idoso;1;10000.0
01;PREFEITURA DO MUNICÍPIO DE SÃO PAULO;7373;6191;2026;1;22/01/2026 00:00:00;6012.2023/0011229-8;16642960000195;SNA PARTICIPACOES LTDA;-1;-1;34;SMDHC;Secretaria Municipal de Direitos Humanos e Cidadania;10;Gabinete do Secretário;14;Direitos da Cidadania;422;Direitos Individuais, Coletivos e Difusos;4010;Segurança Alimentar e Nutricional;4470;Manutenção e Operação de Centro de Referência de Segurança Alimentar e;SESANA;Segurança Alimentar;SESANA - CRESAN;3;Despesas Correntes;3;Outras Despesas Correntes;90;Aplicações Diretas;39;Locação de Imóveis;33903900;00.1.500.9001;Recursos não vinculados de Impostos;0;Locação de Imóveis;1;Outros Serviços de Terceiros - Pessoa Jurídica;34.10.14.422.4010.4470.33903900.00.1.500.9001;18145.56;0.0;18145.56;1512.13;1512.13;0.0;;500;9001;1;02/03/2026 09:48:50;;00;34;33903900;Contratação PJ com Fins Lucrativos;4470;UND;Termo de Contrato nº 383/SMSUB/COGEL/2023 - Locação do Edifício Conde de Prates - Reajuste.;12;1512.13
01;PREFEITURA DO MUNICÍPIO DE SÃO PAULO;7254;6213;2026;1;22/01/2026 00:00:00;6074.2025/0008667-1;61695227000193;ELETROPAULO METROPOLITANA ELETRICIDADE DE SAO PAULO SA;1535;2026;34;SMDHC;Secretaria Municipal de Direitos Humanos e Cidadania;10;Gabinete do Secretário;14;Direitos da Cidadania;422;Direitos Individuais, Coletivos e Difusos;4010;Segurança Alimentar e Nutricional;4470;Manutenção e Operação de Centro de Referência de Segurança Alimentar e;SESANA;Segurança Alimentar;SESANA - CRESAN;3;Despesas Correntes;3;Outras Despesas Correntes;90;Aplicações Diretas;39;Serviços de Energia Elétrica;33903900;00.1.500.9006;Recursos destinados ao pagamento de concessionárias;0;Energia Elétrica de Prédios Públicos;4;Outros Serviços de Terceiros - Pessoa Jurídica;34.10.14.422.4010.4470.33903900.00.1.500.9006;15000.0;0.0;15000.0;0.0;0.0;0.0;;500;9006;1;02/03/2026 09:48:50;;00;34;33903900;Contratação PJ com Fins Lucrativos;4470;und;Fornecimento de energia City Jaraguá (Box);1;15000.0
01;PREFEITURA DO MUNICÍPIO DE SÃO PAULO;7373;6236;2026;1;22/01/2026 00:00:00;6012.2023/0011229-8;16642960000195;SNA PARTICIPACOES LTDA;-1;-1;34;SMDHC;Secretaria Municipal de Direitos Humanos e Cidadania;10;Gabinete do Secretário;14;Direitos da Cidadania;422;Direitos Individuais, Coletivos e Difusos;4010;Segurança Alimentar e Nutricional;4470;Manutenção e Operação de Centro de Referência de Segurança Alimentar e;SESANA;Segurança Alimentar;SESANA - CRESAN;3;Despesas Correntes;3;Outras Despesas Correntes;90;Aplicações Diretas;39;Locação de Imóveis;33903900;00.1.500.9001;Recursos não vinculados de Impostos;0;Despesas com Reembolso;1;Outros Serviços de Terceiros - Pessoa Jurídica;34.10.14.422.4010.4470.33903900.00.1.500.9001;6025.8;0.0;6025.8;602.58;602.58;0.0;;500;9001;1;02/03/2026 09:48:50;;00;34;33903900;Contratação PJ com Fins Lucrativos;4470;UND;CADM - Reembolso IPTU - Locação de andar comercial para SMSUB/SELIMP- Edifício Conde de Prates;10;602.58
01;PREFEITURA DO MUNICÍPIO DE SÃO PAULO;7254;6262;2026;1;22/01/2026 00:00:00;6074.2025/0008667-1;61695227000193;ELETROPAULO METROPOLITANA ELETRICIDADE DE SAO PAULO SA;1535;2026;34;SMDHC;Secretaria Municipal de Direitos Humanos e Cidadania;10;Gabinete do Secretário;14;Direitos da Cidadania;422;Direitos Individuais, Coletivos e Difusos;4010;Segurança Alimentar e Nutricional;4470;Manutenção e Operação de Centro de Referência de Segurança Alimentar e;SESANA;Segurança Alimentar;SESANA - CRESAN;3;Despesas Correntes;3;Outras Despesas Correntes;90;Aplicações Diretas;39;Serviços de Energia Elétrica;33903900;00.1.500.9006;Recursos destinados ao pagamento de concessionárias;0;Energia Elétrica de Prédios Públicos;4;Outros Serviços de Terceiros - Pessoa Jurídica;34.10.14.422.4010.4470.33903900.00.1.500.9006;20000.0;0.0;20000.0;0.0;0.0;0.0;;500;9006;1;02/03/2026 09:48:50;;00;34;33903900;Contratação PJ com Fins Lucrativos;4470;und;Fornecimento de energia Sacolão;1;20000.0
01;PREFEITURA DO MUNICÍPIO DE SÃO PAULO;7254;6277;2026;1;22/01/2026 00:00:00;6074.2025/0008667-1;61695227000193;ELETROPAULO METROPOLITANA ELETRICIDADE DE SAO PAULO SA;1535;2026;34;SMDHC;Secretaria Municipal de Direitos Humanos e Cidadania;10;Gabinete do Secretário;14;Direitos da Cidadania;422;Direitos Individuais, Coletivos e Difusos;4010;Segurança Alimentar e Nutricional;4470;Manutenção e Operação de Centro de Referência de Segurança Alimentar e;SESANA;Segurança Alimentar;SESANA - CRESAN;3;Despesas Correntes;3;Outras Despesas Correntes;90;Aplicações Diretas;39;Serviços de Energia Elétrica;33903900;00.1.500.9006;Recursos destinados ao pagamento de concessionárias;0;Energia Elétrica de Prédios Públicos;4;Outros Serviços de Terceiros - Pessoa Jurídica;34.10.14.422.4010.4470.33903900.00.1.500.9006;60000.0;0.0;60000.0;3430.0;0.0;0.0;;500;9006;1;02/03/2026 09:48:50;;00;34;33903900;Contratação PJ com Fins Lucrativos;4470;und;Fornecimento de Energia Condes Prates ;1;60000.0
01;PREFEITURA DO MUNICÍPIO DE SÃO PAULO;7254;6317;2026;1;22/01/2026 00:00:00;6074.2025/0008667-1;61695227000193;ELETROPAULO METROPOLITANA ELETRICIDADE DE SAO PAULO SA;1535;2026;34;SMDHC;Secretaria Municipal de Direitos Humanos e Cidadania;10;Gabinete do Secretário;14;Direitos da Cidadania;422;Direitos Individuais, Coletivos e Difusos;4010;Segurança Alimentar e Nutricional;4470;Manutenção e Operação de Centro de Referência de Segurança Alimentar e;SESANA;Segurança Alimentar;SESANA - CRESAN;3;Despesas Correntes;3;Outras Despesas Correntes;90;Aplicações Diretas;39;Serviços de Energia Elétrica;33903900;00.1.500.9006;Recursos destinados ao pagamento de concessionárias;0;Energia Elétrica de Prédios Públicos;4;Outros Serviços de Terceiros - Pessoa Jurídica;34.10.14.422.4010.4470.33903900.00.1.500.9006;71616.0;0.0;71616.0;0.0;0.0;0.0;;500;9006;1;02/03/2026 09:48:50;;00;34;33903900;Contratação PJ com Fins Lucrativos;4470;und;Fornecimento de Energia Cresan's;1;71616.0
01;PREFEITURA DO MUNICÍPIO DE SÃO PAULO;5989;6776;2026;1;23/01/2026 00:00:00;6074.2021/0006581-2;11778059872;MANOEL DE ARAUJO NETO;-1;-1;34;SMDHC;Secretaria Municipal de Direitos Humanos e Cidadania;10;Gabinete do Secretário;14;Direitos da Cidadania;243;Assistência à Criança e ao Adolescente;4019;Proteção a Crianças e Adolescentes;2157;Administração dos Conselhos Tutelares;CT;Conselho Tutelar;CT - Administração;3;Despesas Correntes;3;Outras Despesas Correntes;90;Aplicações Diretas;36;Locação de Imóveis;33903600;00.1.500.9001;Recursos não vinculados de Impostos;0;Despesas com Reembolso;1;Outros Serviços de Terceiros - Pessoa Física;34.10.14.243.4019.2157.33903600.00.1.500.9001;100.95;100.95;0.0;0.0;0.0;0.0;;500;9001;1;02/03/2026 09:48:50;;00;34;33903600;Contratação PF;2157;UNI;"Seguro Contra Incêndio - Conselho Tutelar ""São Rafael"" - Contrato 338/SMDHC/2021, com Vigência a partir das 24 horas do dia 01/12/2025 até as 24h do dia 01/12/2026";1;100.95
01;PREFEITURA DO MUNICÍPIO DE SÃO PAULO;7934;6856;2026;1;23/01/2026 00:00:00;6074.2023/0011072-2;74087081000145;APOIOASSOCIACAO DE AUXILIO MUTUO DA REGIAO LESTE;37869;2023;34;SMDHC;Secretaria Municipal de Direitos Humanos e Cidadania;10;Gabinete do Secretário;14;Direitos da Cidadania;422;Direitos Individuais, Coletivos e Difusos;4026;Políticas de Igualdade Racial;4334;Manutenção e Operação de Equipamentos Públicos Voltados à Promoção da ;CPIR;Igualdade Racial;CPIR - Equipamentos;3;Despesas Correntes;3;Outras Despesas Correntes;50;Transferências a Instituições Privadas sem Fins Lucrativos;39;Serviços de Assistência Social;33503900;00.1.500.9001;Recursos não vinculados de Impostos;2;Outras Despesas;5;Outros Serviços de Terceiros - Pessoa Jurídica;34.10.14.422.4026.4334.33503900.00.1.500.9001;434635.49;0.0;434635.49;434635.49;0.0;0.0;;500;9001;1;02/03/2026 09:48:50;;00;34;33503900;Contratação PJ sem Fins Lucrativos;4334;UNI;Termo de Colaboração nº TCL/066/2023/SMDHC/CPIR - Gestão do Centro de Referência de Promoção da Igualdade Racial da Região Norte - Lote 1, vinculado à Coordenação de Promoção e Igualdade Racial da SMDHC - Exercício 2026 - Período de: JANEIRO a MAIO;1;434635.49
01;PREFEITURA DO MUNICÍPIO DE SÃO PAULO;7934;6865;2026;1;23/01/2026 00:00:00;6074.2023/0011072-2;74087081000145;APOIOASSOCIACAO DE AUXILIO MUTUO DA REGIAO LESTE;37869;2023;34;SMDHC;Secretaria Municipal de Direitos Humanos e Cidadania;10;Gabinete do Secretário;14;Direitos da Cidadania;422;Direitos Individuais, Coletivos e Difusos;4026;Políticas de Igualdade Racial;4334;Manutenção e Operação de Equipamentos Públicos Voltados à Promoção da ;CPIR;Igualdade Racial;CPIR - Equipamentos;3;Despesas Correntes;3;Outras Despesas Correntes;50;Transferências a Instituições Privadas sem Fins Lucrativos;39;Serviços de Assistência Social;33503900;00.1.500.9001;Recursos não vinculados de Impostos;2;Remuneração de Pessoal;5;Outros Serviços de Terceiros - Pessoa Jurídica;34.10.14.422.4026.4334.33503900.00.1.500.9001;457448.46;0.0;457448.46;457448.46;0.0;0.0;;500;9001;1;02/03/2026 09:48:50;;00;34;33503900;Contratação PJ sem Fins Lucrativos;4334;UNI;Termo de Colaboração nº TCL/066/2023/SMDHC/CPIR - Gestão do Centro de Referência de Promoção da Igualdade Racial da Região Norte - Lote 1, vinculado à Coordenação de Promoção e Igualdade Racial da SMDHC - Exercício 2026 - Período de: JANEIRO a MAIO;1;457448.46
01;PREFEITURA DO MUNICÍPIO DE SÃO PAULO;8002;6925;2026;1;23/01/2026 00:00:00;6074.2023/0011074-9;10749468000137;INSTITUTO SOCIAL ESPACO NEGRO;37726;2023;34;SMDHC;Secretaria Municipal de Direitos Humanos e Cidadania;10;Gabinete do Secretário;14;Direitos da Cidadania;422;Direitos Individuais, Coletivos e Difusos;4026;Políticas de Igualdade Racial;4334;Manutenção e Operação de Equipamentos Públicos Voltados à Promoção da ;CPIR;Igualdade Racial;CPIR - Equipamentos;3;Despesas Correntes;3;Outras Despesas Correntes;50;Transferências a Instituições Privadas sem Fins Lucrativos;39;Serviços de Assistência Social;33503900;00.1.500.9001;Recursos não vinculados de Impostos;2;Outras Despesas;5;Outros Serviços de Terceiros - Pessoa Jurídica;34.10.14.422.4026.4334.33503900.00.1.500.9001;223504.8;0.0;223504.8;223504.8;0.0;0.0;;500;9001;1;02/03/2026 09:48:50;;00;34;33503900;Contratação PJ sem Fins Lucrativos;4334;UNI;Termo de Colaboração nº TCL/068/2023/SMDHC/CPIR - Gestão do Centro de Referência de Promoção da Igualdade Racial  da Região Leste - Lote 3, vinculado à Coordenação de Promoção e Igualdade Racial da SMDHC - Exercício 2026 - Período de: JANEIRO a MAIO;1;223504.8
01;PREFEITURA DO MUNICÍPIO DE SÃO PAULO;8002;6934;2026;1;23/01/2026 00:00:00;6074.2023/0011074-9;10749468000137;INSTITUTO SOCIAL ESPACO NEGRO;37726;2023;34;SMDHC;Secretaria Municipal de Direitos Humanos e Cidadania;10;Gabinete do Secretário;14;Direitos da Cidadania;422;Direitos Individuais, Coletivos e Difusos;4026;Políticas de Igualdade Racial;4334;Manutenção e Operação de Equipamentos Públicos Voltados à Promoção da ;CPIR;Igualdade Racial;CPIR - Equipamentos;3;Despesas Correntes;3;Outras Despesas Correntes;50;Transferências a Instituições Privadas sem Fins Lucrativos;39;Serviços de Assistência Social;33503900;00.1.500.9001;Recursos não vinculados de Impostos;2;Remuneração de Pessoal;5;Outros Serviços de Terceiros - Pessoa Jurídica;34.10.14.422.4026.4334.33503900.00.1.500.9001;624568.8;0.0;624568.8;624568.8;0.0;0.0;;500;9001;1;02/03/2026 09:48:50;;00;34;33503900;Contratação PJ sem Fins Lucrativos;4334;UNI;Termo de Colaboração nº TCL/068/2023/SMDHC/CPIR - Gestão do Centro de Referência de Promoção da Igualdade Racial  da Região Leste - Lote 3, vinculado à Coordenação de Promoção e Igualdade Racial da SMDHC - Exercício 2026 - Período de: JANEIRO a MAIO;1;624568.8
01;PREFEITURA DO MUNICÍPIO DE SÃO PAULO;8101;7010;2026;1;23/01/2026 00:00:00;6074.2023/0011073-0;74087081000145;APOIOASSOCIACAO DE AUXILIO MUTUO DA REGIAO LESTE;37790;2023;34;SMDHC;Secretaria Municipal de Direitos Humanos e Cidadania;10;Gabinete do Secretário;14;Direitos da Cidadania;422;Direitos Individuais, Coletivos e Difusos;4026;Políticas de Igualdade Racial;4334;Manutenção e Operação de Equipamentos Públicos Voltados à Promoção da ;CPIR;Igualdade Racial;CPIR - Equipamentos;3;Despesas Correntes;3;Outras Despesas Correntes;50;Transferências a Instituições Privadas sem Fins Lucrativos;39;Serviços de Assistência Social;33503900;00.1.500.9001;Recursos não vinculados de Impostos;2;Outras Despesas;5;Outros Serviços de Terceiros - Pessoa Jurídica;34.10.14.422.4026.4334.33503900.00.1.500.9001;458888.26;0.0;458888.26;458888.26;0.0;0.0;;500;9001;1;02/03/2026 09:48:50;;00;34;33503900;Contratação PJ sem Fins Lucrativos;4334;UNI;"Termo de Colaboração nº TCL/067/2023/SMDHC/CPIR - Gestão do Centro de Referência de Promoção da Igualdade Racial da Região Sul - Lote 2, vinculado à Coordenação de Promoção e Igualdade Racial da SMDHC - Exercício 2026 - Período de: JANEIRO a MAIO
";1;458888.26
01;PREFEITURA DO MUNICÍPIO DE SÃO PAULO;8101;7019;2026;1;23/01/2026 00:00:00;6074.2023/0011073-0;74087081000145;APOIOASSOCIACAO DE AUXILIO MUTUO DA REGIAO LESTE;37790;2023;34;SMDHC;Secretaria Municipal de Direitos Humanos e Cidadania;10;Gabinete do Secretário;14;Direitos da Cidadania;422;Direitos Individuais, Coletivos e Difusos;4026;Políticas de Igualdade Racial;4334;Manutenção e Operação de Equipamentos Públicos Voltados à Promoção da ;CPIR;Igualdade Racial;CPIR - Equipamentos;3;Despesas Correntes;3;Outras Despesas Correntes;50;Transferências a Instituições Privadas sem Fins Lucrativos;39;Serviços de Assistência Social;33503900;00.1.500.9001;Recursos não vinculados de Impostos;2;Remuneração de Pessoal;5;Outros Serviços de Terceiros - Pessoa Jurídica;34.10.14.422.4026.4334.33503900.00.1.500.9001;457448.46;0.0;457448.46;457448.45;0.0;0.0;;500;9001;1;02/03/2026 09:48:50;;00;34;33503900;Contratação PJ sem Fins Lucrativos;4334;UNI;"Termo de Colaboração nº TCL/067/2023/SMDHC/CPIR - Gestão do Centro de Referência de Promoção da Igualdade Racial da Região Sul - Lote 2, vinculado à Coordenação de Promoção e Igualdade Racial da SMDHC - Exercício 2026 - Período de: JANEIRO a MAIO
";1;457448.46
01;PREFEITURA DO MUNICÍPIO DE SÃO PAULO;8311;7178;2026;1;23/01/2026 00:00:00;6074.2023/0011075-7;10749468000137;INSTITUTO SOCIAL ESPACO NEGRO;37613;2023;34;SMDHC;Secretaria Municipal de Direitos Humanos e Cidadania;10;Gabinete do Secretário;14;Direitos da Cidadania;422;Direitos Individuais, Coletivos e Difusos;4026;Políticas de Igualdade Racial;4334;Manutenção e Operação de Equipamentos Públicos Voltados à Promoção da ;CPIR;Igualdade Racial;CPIR - Equipamentos;3;Despesas Correntes;3;Outras Despesas Correntes;50;Transferências a Instituições Privadas sem Fins Lucrativos;39;Serviços de Assistência Social;33503900;00.1.500.9001;Recursos não vinculados de Impostos;2;Outras Despesas;5;Outros Serviços de Terceiros - Pessoa Jurídica;34.10.14.422.4026.4334.33503900.00.1.500.9001;314346.82;0.0;314346.82;314346.82;0.0;0.0;;500;9001;1;02/03/2026 09:48:50;;00;34;33503900;Contratação PJ sem Fins Lucrativos;4334;UNI;Termo de Colaboração nº TCL/069/2023/SMDHC/CPIR - Gestão do Centro de Referência de Promoção da Igualdade Racial da Região Centro e Oeste - Lote 4, vinculado à Coordenação de Promoção e Igualdade Racial da SMDHC - Exercício 2026 ;1;314346.82
01;PREFEITURA DO MUNICÍPIO DE SÃO PAULO;8311;7201;2026;1;23/01/2026 00:00:00;6074.2023/0011075-7;10749468000137;INSTITUTO SOCIAL ESPACO NEGRO;37613;2023;34;SMDHC;Secretaria Municipal de Direitos Humanos e Cidadania;10;Gabinete do Secretário;14;Direitos da Cidadania;422;Direitos Individuais, Coletivos e Difusos;4026;Políticas de Igualdade Racial;4334;Manutenção e Operação de Equipamentos Públicos Voltados à Promoção da ;CPIR;Igualdade Racial;CPIR - Equipamentos;3;Despesas Correntes;3;Outras Despesas Correntes;50;Transferências a Instituições Privadas sem Fins Lucrativos;39;Serviços de Assistência Social;33503900;00.1.500.9001;Recursos não vinculados de Impostos;2;Remuneração de Pessoal;5;Outros Serviços de Terceiros - Pessoa Jurídica;34.10.14.422.4026.4334.33503900.00.1.500.9001;498431.91;0.0;498431.91;498431.91;0.0;0.0;;500;9001;1;02/03/2026 09:48:50;;00;34;33503900;Contratação PJ sem Fins Lucrativos;4334;UNI;Termo de Colaboração nº TCL/069/2023/SMDHC/CPIR - Gestão do Centro de Referência de Promoção da Igualdade Racial da Região Centro e Oeste - Lote 4, vinculado à Coordenação de Promoção e Igualdade Racial da SMDHC - Exercício 2026 ;1;498431.91
01;PREFEITURA DO MUNICÍPIO DE SÃO PAULO;8285;7247;2026;1;23/01/2026 00:00:00;6074.2022/0000577-3;61600839000155;CENTRO DE INTEGRACAO EMPRESA ESCOLA CIE E;1378;2022;34;SMDHC;Secretaria Municipal de Direitos Humanos e Cidadania;10;Gabinete do Secretário;14;Direitos da Cidadania;122;Administração Geral;4001;Suporte Administrativo;2106;Manutenção e Operação do Programa de Estágios;ADM - CIEE;Administração;ADM - CIEE;3;Despesas Correntes;3;Outras Despesas Correntes;90;Aplicações Diretas;39;Instituições de Caráter Assistencial, Cultural e Educacional - Outros;33903900;00.1.500.9001;Recursos não vinculados de Impostos;0;Concessão de Auxílio-Transporte para Estagiários;0;Outros Serviços de Terceiros - Pessoa Jurídica;34.10.14.122.4001.2106.33903900.00.1.500.9001;19219.2;0.0;19219.2;14580.0;14580.0;0.0;;500;9001;1;02/03/2026 09:48:50;;00;34;33903900;Contratação PJ com Fins Lucrativos;2106;UND;Contrato nº 001/SMDHC/2022 -  Programa de Estágio - Auxilio Transporte - Janeiro/2026;1;19219.2
01;PREFEITURA DO MUNICÍPIO DE SÃO PAULO;8285;7255;2026;1;23/01/2026 00:00:00;6074.2022/0000577-3;61600839000155;CENTRO DE INTEGRACAO EMPRESA ESCOLA CIE E;1378;2022;34;SMDHC;Secretaria Municipal de Direitos Humanos e Cidadania;10;Gabinete do Secretário;14;Direitos da Cidadania;122;Administração Geral;4001;Suporte Administrativo;2106;Manutenção e Operação do Programa de Estágios;ADM - CIEE;Administração;ADM - CIEE;3;Despesas Correntes;3;Outras Despesas Correntes;90;Aplicações Diretas;39;Taxa de Administração;33903900;00.1.500.9001;Recursos não vinculados de Impostos;0;Taxa de Administração - Estagiários;8;Outros Serviços de Terceiros - Pessoa Jurídica;34.10.14.122.4001.2106.33903900.00.1.500.9001;425.88;0.0;425.88;380.25;380.25;0.0;;500;9001;1;02/03/2026 09:48:50;;00;34;33903900;Contratação PJ com Fins Lucrativos;2106;UND;Contrato nº 001/SMDHC/2022 -  Programa de Estágio - Taxa Administrativa - Janeiro/2026;1;425.88
01;PREFEITURA DO MUNICÍPIO DE SÃO PAULO;8285;7262;2026;1;23/01/2026 00:00:00;6074.2022/0000577-3;61600839000155;CENTRO DE INTEGRACAO EMPRESA ESCOLA CIE E;1378;2022;34;SMDHC;Secretaria Municipal de Direitos Humanos e Cidadania;10;Gabinete do Secretário;14;Direitos da Cidadania;122;Administração Geral;4001;Suporte Administrativo;2106;Manutenção e Operação do Programa de Estágios;ADM - CIEE;Administração;ADM - CIEE;3;Despesas Correntes;3;Outras Despesas Correntes;90;Aplicações Diretas;39;Instituições de Caráter Assistencial, Cultural e Educacional - Outros;33903900;00.1.500.9001;Recursos não vinculados de Impostos;0;Concessão de Auxílio-Refeição para Estagiários;0;Outros Serviços de Terceiros - Pessoa Jurídica;34.10.14.122.4001.2106.33903900.00.1.500.9001;25311.0;0.0;25311.0;21048.36;21048.36;0.0;;500;9001;1;02/03/2026 09:48:50;;00;34;33903900;Contratação PJ com Fins Lucrativos;2106;UND;Contrato nº 001/SMDHC/2022 -  Programa de Estágio - Auxílio Refeição - Janeiro/2026;1;25311.0
01;PREFEITURA DO MUNICÍPIO DE SÃO PAULO;8285;7285;2026;1;23/01/2026 00:00:00;6074.2022/0000577-3;61600839000155;CENTRO DE INTEGRACAO EMPRESA ESCOLA CIE E;1378;2022;34;SMDHC;Secretaria Municipal de Direitos Humanos e Cidadania;10;Gabinete do Secretário;14;Direitos da Cidadania;122;Administração Geral;4001;Suporte Administrativo;2106;Manutenção e Operação do Programa de Estágios;ADM - CIEE;Administração;ADM - CIEE;3;Despesas Correntes;3;Outras Despesas Correntes;90;Aplicações Diretas;39;Instituições de Caráter Assistencial, Cultural e Educacional - Outros;33903900;00.1.500.9001;Recursos não vinculados de Impostos;0;Concessão de Bolsa-Auxílio para Estagiários;0;Outros Serviços de Terceiros - Pessoa Jurídica;34.10.14.122.4001.2106.33903900.00.1.500.9001;103500.0;0.0;103500.0;88650.01;88650.01;0.0;;500;9001;1;02/03/2026 09:48:50;;00;34;33903900;Contratação PJ com Fins Lucrativos;2106;UND;Contrato nº 001/SMDHC/2022 -  Programa de Estágio - Bolsa Auxílio - Janeiro/2026;1;103500.0
01;PREFEITURA DO MUNICÍPIO DE SÃO PAULO;7810;7331;2026;1;23/01/2026 00:00:00;6031.2017/0000035-2;03150491000145;NOVA DIRETRIZ IMOVEIS LTDA;-1;-1;34;SMDHC;Secretaria Municipal de Direitos Humanos e Cidadania;10;Gabinete do Secretário;14;Direitos da Cidadania;243;Assistência à Criança e ao Adolescente;4019;Proteção a Crianças e Adolescentes;2157;Administração dos Conselhos Tutelares;CT;Conselho Tutelar;CT - Administração;3;Despesas Correntes;3;Outras Despesas Correntes;90;Aplicações Diretas;39;Locação de Imóveis;33903900;00.1.500.9001;Recursos não vinculados de Impostos;0;Locação de Imóveis;1;Outros Serviços de Terceiros - Pessoa Jurídica;34.10.14.243.4019.2157.33903900.00.1.500.9001;15428.0;0.0;15428.0;1330.0;1330.0;0.0;;500;9001;1;02/03/2026 09:48:50;;00;34;33903900;Contratação PJ com Fins Lucrativos;2157;UNI;"Locação do imóvel destinado ao Conselho Tutelar do Rio Pequeno - Exercício 2026 - Principal
";1;15428.0
01;PREFEITURA DO MUNICÍPIO DE SÃO PAULO;7810;7360;2026;1;23/01/2026 00:00:00;6031.2017/0000035-2;03150491000145;NOVA DIRETRIZ IMOVEIS LTDA;-1;-1;34;SMDHC;Secretaria Municipal de Direitos Humanos e Cidadania;10;Gabinete do Secretário;14;Direitos da Cidadania;243;Assistência à Criança e ao Adolescente;4019;Proteção a Crianças e Adolescentes;2157;Administração dos Conselhos Tutelares;CT;Conselho Tutelar;CT - Administração;3;Despesas Correntes;3;Outras Despesas Correntes;90;Aplicações Diretas;39;Locação de Imóveis;33903900;00.1.500.9001;Recursos não vinculados de Impostos;0;Locação de Imóveis;1;Outros Serviços de Terceiros - Pessoa Jurídica;34.10.14.243.4019.2157.33903900.00.1.500.9001;12681.81;0.0;12681.81;1093.26;1093.26;0.0;;500;9001;1;02/03/2026 09:48:50;;00;34;33903900;Contratação PJ com Fins Lucrativos;2157;UNI;"Locação do imóvel destinado ao Conselho Tutelar do Rio Pequeno - Exercício 2026 - Reajuste
";1;12681.81
01;PREFEITURA DO MUNICÍPIO DE SÃO PAULO;8351;7362;2026;1;23/01/2026 00:00:00;6074.2022/0000577-3;61600839000155;CENTRO DE INTEGRACAO EMPRESA ESCOLA CIE E;1378;2022;34;SMDHC;Secretaria Municipal de Direitos Humanos e Cidadania;10;Gabinete do Secretário;14;Direitos da Cidadania;122;Administração Geral;4001;Suporte Administrativo;2106;Manutenção e Operação do Programa de Estágios;ADM - CIEE;Administração;ADM - CIEE;3;Despesas Correntes;3;Outras Despesas Correntes;90;Aplicações Diretas;39;Instituições de Caráter Assistencial, Cultural e Educacional - Outros;33903900;00.1.500.9001;Recursos não vinculados de Impostos;0;Concessão de Bolsa-Auxílio para Estagiários;0;Outros Serviços de Terceiros - Pessoa Jurídica;34.10.14.122.4001.2106.33903900.00.1.500.9001;1138500.0;0.0;1138500.0;0.0;0.0;0.0;;500;9001;1;02/03/2026 09:48:50;;00;34;33903900;Contratação PJ com Fins Lucrativos;2106;UND;Contrato nº 001/SMDHC/2022 -  Programa de Estágio - Bolsa Auxílio - Fevereiro a Dezembro/2026;1;1138500.0
01;PREFEITURA DO MUNICÍPIO DE SÃO PAULO;7811;7402;2026;1;23/01/2026 00:00:00;6031.2017/0000035-2;03150491000145;NOVA DIRETRIZ IMOVEIS LTDA;-1;-1;34;SMDHC;Secretaria Municipal de Direitos Humanos e Cidadania;10;Gabinete do Secretário;14;Direitos da Cidadania;243;Assistência à Criança e ao Adolescente;4019;Proteção a Crianças e Adolescentes;2157;Administração dos Conselhos Tutelares;CT;Conselho Tutelar;CT - Administração;3;Despesas Correntes;3;Outras Despesas Correntes;90;Aplicações Diretas;47;Impostos;33904700;00.1.500.9001;Recursos não vinculados de Impostos;0;IPTU;0;Obrigações Tributárias e Contributivas;34.10.14.243.4019.2157.33904700.00.1.500.9001;3482.9;0.0;3482.9;348.29;348.29;0.0;;500;9001;1;02/03/2026 09:48:50;;00;34;33904700;Obrigações Tributárias e Contributivas;2157;UNI;"Locação do imóvel destinado ao Conselho Tutelar do Rio Pequeno - Exercício 2026 - IPTU
";1;3482.9
01;PREFEITURA DO MUNICÍPIO DE SÃO PAULO;8351;7595;2026;1;23/01/2026 00:00:00;6074.2022/0000577-3;61600839000155;CENTRO DE INTEGRACAO EMPRESA ESCOLA CIE E;1378;2022;34;SMDHC;Secretaria Municipal de Direitos Humanos e Cidadania;10;Gabinete do Secretário;14;Direitos da Cidadania;122;Administração Geral;4001;Suporte Administrativo;2106;Manutenção e Operação do Programa de Estágios;ADM - CIEE;Administração;ADM - CIEE;3;Despesas Correntes;3;Outras Despesas Correntes;90;Aplicações Diretas;39;Instituições de Caráter Assistencial, Cultural e Educacional - Outros;33903900;00.1.500.9001;Recursos não vinculados de Impostos;0;Concessão de Auxílio-Refeição para Estagiários;0;Outros Serviços de Terceiros - Pessoa Jurídica;34.10.14.122.4001.2106.33903900.00.1.500.9001;278421.0;0.0;278421.0;0.0;0.0;0.0;;500;9001;1;02/03/2026 09:48:50;;00;34;33903900;Contratação PJ com Fins Lucrativos;2106;UND;Contrato nº 001/SMDHC/2022 -  Programa de Estágio -  Auxílio Refeição - Fevereiro a Dezembro/2026;1;278421.0
01;PREFEITURA DO MUNICÍPIO DE SÃO PAULO;8351;7606;2026;1;23/01/2026 00:00:00;6074.2022/0000577-3;61600839000155;CENTRO DE INTEGRACAO EMPRESA ESCOLA CIE E;1378;2022;34;SMDHC;Secretaria Municipal de Direitos Humanos e Cidadania;10;Gabinete do Secretário;14;Direitos da Cidadania;122;Administração Geral;4001;Suporte Administrativo;2106;Manutenção e Operação do Programa de Estágios;ADM - CIEE;Administração;ADM - CIEE;3;Despesas Correntes;3;Outras Despesas Correntes;90;Aplicações Diretas;39;Taxa de Administração;33903900;00.1.500.9001;Recursos não vinculados de Impostos;0;Taxa de Administração - Estagiários;8;Outros Serviços de Terceiros - Pessoa Jurídica;34.10.14.122.4001.2106.33903900.00.1.500.9001;4684.68;0.0;4684.68;0.0;0.0;0.0;;500;9001;1;02/03/2026 09:48:50;;00;34;33903900;Contratação PJ com Fins Lucrativos;2106;UND;Contrato nº 001/SMDHC/2022 -  Programa de Estágio -  Taxa Administrativa - Fevereiro a Dezembro/2026;1;4684.68
01;PREFEITURA DO MUNICÍPIO DE SÃO PAULO;8351;7618;2026;1;23/01/2026 00:00:00;6074.2022/0000577-3;61600839000155;CENTRO DE INTEGRACAO EMPRESA ESCOLA CIE E;1378;2022;34;SMDHC;Secretaria Municipal de Direitos Humanos e Cidadania;10;Gabinete do Secretário;14;Direitos da Cidadania;122;Administração Geral;4001;Suporte Administrativo;2106;Manutenção e Operação do Programa de Estágios;ADM - CIEE;Administração;ADM - CIEE;3;Despesas Correntes;3;Outras Despesas Correntes;90;Aplicações Diretas;39;Instituições de Caráter Assistencial, Cultural e Educacional - Outros;33903900;00.1.500.9001;Recursos não vinculados de Impostos;0;Concessão de Auxílio-Transporte para Estagiários;0;Outros Serviços de Terceiros - Pessoa Jurídica;34.10.14.122.4001.2106.33903900.00.1.500.9001;211411.2;0.0;211411.2;0.0;0.0;0.0;;500;9001;1;02/03/2026 09:48:50;;00;34;33903900;Contratação PJ com Fins Lucrativos;2106;UND;Contrato nº 001/SMDHC/2022 -  Programa de Estágio -  Auxílio Transporte - Fevereiro a Dezembro/2026;1;211411.2
01;PREFEITURA DO MUNICÍPIO DE SÃO PAULO;7816;7642;2026;1;23/01/2026 00:00:00;6074.2023/0008573-6;09241703000186;ROBOTX ELETRONICOS LTDA;36584;2023;34;SMDHC;Secretaria Municipal de Direitos Humanos e Cidadania;10;Gabinete do Secretário;14;Direitos da Cidadania;422;Direitos Individuais, Coletivos e Difusos;4010;Segurança Alimentar e Nutricional;4470;Manutenção e Operação de Centro de Referência de Segurança Alimentar e;SESANA;Segurança Alimentar;SESANA - CRESAN;3;Despesas Correntes;3;Outras Despesas Correntes;90;Aplicações Diretas;39;Locação de Máquinas e Equipamentos;33903900;00.1.500.9001;Recursos não vinculados de Impostos;9;Outras Máquinas e Equipamentos em Geral;1;Outros Serviços de Terceiros - Pessoa Jurídica;34.10.14.422.4010.4470.33903900.00.1.500.9001;2305.1;0.0;2305.1;0.0;0.0;0.0;;500;9001;1;02/03/2026 09:48:50;;00;34;33903900;Contratação PJ com Fins Lucrativos;4470;UND;CT 404/SMDHC/2023 -Repelência de pombos - Principal a partir de 01/01 até 07/01/2026.;1;2305.1
01;PREFEITURA DO MUNICÍPIO DE SÃO PAULO;7816;7650;2026;1;23/01/2026 00:00:00;6074.2023/0008573-6;09241703000186;ROBOTX ELETRONICOS LTDA;36584;2023;34;SMDHC;Secretaria Municipal de Direitos Humanos e Cidadania;10;Gabinete do Secretário;14;Direitos da Cidadania;422;Direitos Individuais, Coletivos e Difusos;4010;Segurança Alimentar e Nutricional;4470;Manutenção e Operação de Centro de Referência de Segurança Alimentar e;SESANA;Segurança Alimentar;SESANA - CRESAN;3;Despesas Correntes;3;Outras Despesas Correntes;90;Aplicações Diretas;39;Locação de Máquinas e Equipamentos;33903900;00.1.500.9001;Recursos não vinculados de Impostos;9;Outras Máquinas e Equipamentos em Geral;1;Outros Serviços de Terceiros - Pessoa Jurídica;34.10.14.422.4010.4470.33903900.00.1.500.9001;109.03;0.0;109.03;0.0;0.0;0.0;;500;9001;1;02/03/2026 09:48:50;;00;34;33903900;Contratação PJ com Fins Lucrativos;4470;UND;CT 404/SMDHC/2023 -Repelência de pombos - Reajuste a partir de 01/01 até 07/01/2026.;1;109.03
01;PREFEITURA DO MUNICÍPIO DE SÃO PAULO;7817;7740;2026;1;23/01/2026 00:00:00;6074.2023/0008573-6;09241703000186;ROBOTX ELETRONICOS LTDA;36584;2023;34;SMDHC;Secretaria Municipal de Direitos Humanos e Cidadania;10;Gabinete do Secretário;14;Direitos da Cidadania;422;Direitos Individuais, Coletivos e Difusos;4010;Segurança Alimentar e Nutricional;4470;Manutenção e Operação de Centro de Referência de Segurança Alimentar e;SESANA;Segurança Alimentar;SESANA - CRESAN;3;Despesas Correntes;3;Outras Despesas Correntes;90;Aplicações Diretas;39;Locação de Máquinas e Equipamentos;33903900;00.1.500.9001;Recursos não vinculados de Impostos;9;Outras Máquinas e Equipamentos em Geral;1;Outros Serviços de Terceiros - Pessoa Jurídica;34.10.14.422.4010.4470.33903900.00.1.500.9001;116242.9;0.0;116242.9;0.0;0.0;0.0;;500;9001;1;02/03/2026 09:48:50;;00;34;33903900;Contratação PJ com Fins Lucrativos;4470;UND;CT 404/SMDHC/2023 - Repelência de pombos - Principal 08/01 á 07/01/2027.;1;116242.9
01;PREFEITURA DO MUNICÍPIO DE SÃO PAULO;7807;7764;2026;1;23/01/2026 00:00:00;6074.2021/0006624-0;00831677813;ADEMIR DO SACRAMENTO;-1;-1;34;SMDHC;Secretaria Municipal de Direitos Humanos e Cidadania;10;Gabinete do Secretário;14;Direitos da Cidadania;243;Assistência à Criança e ao Adolescente;4019;Proteção a Crianças e Adolescentes;2157;Administração dos Conselhos Tutelares;CT;Conselho Tutelar;CT - Administração;3;Despesas Correntes;3;Outras Despesas Correntes;90;Aplicações Diretas;36;Locação de Imóveis;33903600;00.1.500.9001;Recursos não vinculados de Impostos;0;Locação de Imóveis;1;Outros Serviços de Terceiros - Pessoa Física;34.10.14.243.4019.2157.33903600.00.1.500.9001;29760.0;0.0;29760.0;4800.0;4800.0;0.0;;500;9001;1;02/03/2026 09:48:50;;00;34;33903600;Contratação PF;2157;UNI;"Locação do imóvel destinado ao Conselho Tutelar Lajeado - Exercício 2026 - Principal
";1;29760.0
01;PREFEITURA DO MUNICÍPIO DE SÃO PAULO;7817;7778;2026;1;23/01/2026 00:00:00;6074.2023/0008573-6;09241703000186;ROBOTX ELETRONICOS LTDA;36584;2023;34;SMDHC;Secretaria Municipal de Direitos Humanos e Cidadania;10;Gabinete do Secretário;14;Direitos da Cidadania;422;Direitos Individuais, Coletivos e Difusos;4010;Segurança Alimentar e Nutricional;4470;Manutenção e Operação de Centro de Referência de Segurança Alimentar e;SESANA;Segurança Alimentar;SESANA - CRESAN;3;Despesas Correntes;3;Outras Despesas Correntes;90;Aplicações Diretas;39;Locação de Máquinas e Equipamentos;33903900;00.1.500.9001;Recursos não vinculados de Impostos;9;Outras Máquinas e Equipamentos em Geral;1;Outros Serviços de Terceiros - Pessoa Jurídica;34.10.14.422.4010.4470.33903900.00.1.500.9001;10185.35;0.0;10185.35;0.0;0.0;0.0;;500;9001;1;02/03/2026 09:48:50;;00;34;33903900;Contratação PJ com Fins Lucrativos;4470;UND;CT 404/SMDHC/2023 - Repelência de pombos - Principal 08/01/2026 á 07/01/2027.;1;10185.35
01;PREFEITURA DO MUNICÍPIO DE SÃO PAULO;7807;7790;2026;1;23/01/2026 00:00:00;6074.2021/0006624-0;00831677813;ADEMIR DO SACRAMENTO;-1;-1;34;SMDHC;Secretaria Municipal de Direitos Humanos e Cidadania;10;Gabinete do Secretário;14;Direitos da Cidadania;243;Assistência à Criança e ao Adolescente;4019;Proteção a Crianças e Adolescentes;2157;Administração dos Conselhos Tutelares;CT;Conselho Tutelar;CT - Administração;3;Despesas Correntes;3;Outras Despesas Correntes;90;Aplicações Diretas;36;Locação de Imóveis;33903600;00.1.500.9001;Recursos não vinculados de Impostos;0;Locação de Imóveis;1;Outros Serviços de Terceiros - Pessoa Física;34.10.14.243.4019.2157.33903600.00.1.500.9001;3660.48;0.0;3660.48;590.4;590.4;0.0;;500;9001;1;02/03/2026 09:48:50;;00;34;33903600;Contratação PF;2157;UNI;"Locação do imóvel destinado ao Conselho Tutelar Lajeado - Exercício 2026 - Reajuste
";1;3660.48
01;PREFEITURA DO MUNICÍPIO DE SÃO PAULO;7808;7853;2026;1;23/01/2026 00:00:00;6074.2021/0006624-0;00831677813;ADEMIR DO SACRAMENTO;-1;-1;34;SMDHC;Secretaria Municipal de Direitos Humanos e Cidadania;10;Gabinete do Secretário;14;Direitos da Cidadania;243;Assistência à Criança e ao Adolescente;4019;Proteção a Crianças e Adolescentes;2157;Administração dos Conselhos Tutelares;CT;Conselho Tutelar;CT - Administração;3;Despesas Correntes;3;Outras Despesas Correntes;90;Aplicações Diretas;36;Locação de Imóveis;33903600;00.1.500.9001;Recursos não vinculados de Impostos;0;Despesas com Reembolso;1;Outros Serviços de Terceiros - Pessoa Física;34.10.14.243.4019.2157.33903600.00.1.500.9001;522.8;0.0;522.8;0.0;0.0;0.0;;500;9001;1;02/03/2026 09:48:50;;00;34;33903600;Contratação PF;2157;UNI;"Locação do imóvel destinado ao Conselho Tutelar Lajeado - Exercício 2026 - IPTU
";1;522.8
01;PREFEITURA DO MUNICÍPIO DE SÃO PAULO;7805;8016;2026;1;23/01/2026 00:00:00;6055.2017/0000439-1;45108145853;JOSE ANTERO FILHO;-1;-1;34;SMDHC;Secretaria Municipal de Direitos Humanos e Cidadania;10;Gabinete do Secretário;14;Direitos da Cidadania;243;Assistência à Criança e ao Adolescente;4019;Proteção a Crianças e Adolescentes;2157;Administração dos Conselhos Tutelares;CT;Conselho Tutelar;CT - Administração;3;Despesas Correntes;3;Outras Despesas Correntes;90;Aplicações Diretas;36;Locação de Imóveis;33903600;00.1.500.9001;Recursos não vinculados de Impostos;0;Locação de Imóveis;1;Outros Serviços de Terceiros - Pessoa Física;34.10.14.243.4019.2157.33903600.00.1.500.9001;27866.7;0.0;27866.7;2786.67;2786.67;0.0;;500;9001;1;02/03/2026 09:48:50;;00;34;33903600;Contratação PF;2157;UNI;"Locação do imóvel destinado ao Conselho Tutelar Jardim Helena - Exercício 2026 - Principal
";1;27866.7
01;PREFEITURA DO MUNICÍPIO DE SÃO PAULO;7805;8033;2026;1;23/01/2026 00:00:00;6055.2017/0000439-1;45108145853;JOSE ANTERO FILHO;-1;-1;34;SMDHC;Secretaria Municipal de Direitos Humanos e Cidadania;10;Gabinete do Secretário;14;Direitos da Cidadania;243;Assistência à Criança e ao Adolescente;4019;Proteção a Crianças e Adolescentes;2157;Administração dos Conselhos Tutelares;CT;Conselho Tutelar;CT - Administração;3;Despesas Correntes;3;Outras Despesas Correntes;90;Aplicações Diretas;36;Locação de Imóveis;33903600;00.1.500.9001;Recursos não vinculados de Impostos;0;Locação de Imóveis;1;Outros Serviços de Terceiros - Pessoa Física;34.10.14.243.4019.2157.33903600.00.1.500.9001;8028.8;0.0;8028.8;802.88;802.88;0.0;;500;9001;1;02/03/2026 09:48:50;;00;34;33903600;Contratação PF;2157;UNI;"Locação do imóvel destinado ao Conselho Tutelar Jardim Helena - Exercício 2026 - Reajuste
";1;8028.8
01;PREFEITURA DO MUNICÍPIO DE SÃO PAULO;7814;8068;2026;1;23/01/2026 00:00:00;6060.2019/0002420-2;08255716000141;EVIDENCIA CORRETORA DE IMOVEIS E SEGUROS LTDA;-1;-1;34;SMDHC;Secretaria Municipal de Direitos Humanos e Cidadania;10;Gabinete do Secretário;14;Direitos da Cidadania;243;Assistência à Criança e ao Adolescente;4019;Proteção a Crianças e Adolescentes;2157;Administração dos Conselhos Tutelares;CT;Conselho Tutelar;CT - Administração;3;Despesas Correntes;3;Outras Despesas Correntes;90;Aplicações Diretas;39;Locação de Imóveis;33903900;00.1.500.9001;Recursos não vinculados de Impostos;0;Locação de Imóveis;1;Outros Serviços de Terceiros - Pessoa Jurídica;34.10.14.243.4019.2157.33903900.00.1.500.9001;52066.67;0.0;52066.67;5500.0;5500.0;0.0;;500;9001;1;02/03/2026 09:48:50;;00;34;33903900;Contratação PJ com Fins Lucrativos;2157;uni;Locação Conselho Tutelar Vila Prudente - Principal;1;52066.67
01;PREFEITURA DO MUNICÍPIO DE SÃO PAULO;7806;8084;2026;1;23/01/2026 00:00:00;6055.2017/0000439-1;45108145853;JOSE ANTERO FILHO;-1;-1;34;SMDHC;Secretaria Municipal de Direitos Humanos e Cidadania;10;Gabinete do Secretário;14;Direitos da Cidadania;243;Assistência à Criança e ao Adolescente;4019;Proteção a Crianças e Adolescentes;2157;Administração dos Conselhos Tutelares;CT;Conselho Tutelar;CT - Administração;3;Despesas Correntes;3;Outras Despesas Correntes;90;Aplicações Diretas;36;Locação de Imóveis;33903600;00.1.500.9001;Recursos não vinculados de Impostos;0;Despesas com Reembolso;1;Outros Serviços de Terceiros - Pessoa Física;34.10.14.243.4019.2157.33903600.00.1.500.9001;96.82;0.0;96.82;0.0;0.0;0.0;;500;9001;1;02/03/2026 09:48:50;;00;34;33903600;Contratação PF;2157;UNI;"Locação do imóvel destinado ao Conselho Tutelar Jardim Helena - Exercício 2026 - IPTU
";1;96.82
01;PREFEITURA DO MUNICÍPIO DE SÃO PAULO;7814;8091;2026;1;23/01/2026 00:00:00;6060.2019/0002420-2;08255716000141;EVIDENCIA CORRETORA DE IMOVEIS E SEGUROS LTDA;-1;-1;34;SMDHC;Secretaria Municipal de Direitos Humanos e Cidadania;10;Gabinete do Secretário;14;Direitos da Cidadania;243;Assistência à Criança e ao Adolescente;4019;Proteção a Crianças e Adolescentes;2157;Administração dos Conselhos Tutelares;CT;Conselho Tutelar;CT - Administração;3;Despesas Correntes;3;Outras Despesas Correntes;90;Aplicações Diretas;39;Locação de Imóveis;33903900;00.1.500.9001;Recursos não vinculados de Impostos;0;Locação de Imóveis;1;Outros Serviços de Terceiros - Pessoa Jurídica;34.10.14.243.4019.2157.33903900.00.1.500.9001;18488.23;0.0;18488.23;1952.98;1952.98;0.0;;500;9001;1;02/03/2026 09:48:50;;00;34;33903900;Contratação PJ com Fins Lucrativos;2157;uni;Locação Conselho Tutelar Vila Prudente - Reajuste;1;18488.23
01;PREFEITURA DO MUNICÍPIO DE SÃO PAULO;7815;8126;2026;1;23/01/2026 00:00:00;6060.2019/0002420-2;08255716000141;EVIDENCIA CORRETORA DE IMOVEIS E SEGUROS LTDA;-1;-1;34;SMDHC;Secretaria Municipal de Direitos Humanos e Cidadania;10;Gabinete do Secretário;14;Direitos da Cidadania;243;Assistência à Criança e ao Adolescente;4019;Proteção a Crianças e Adolescentes;2157;Administração dos Conselhos Tutelares;CT;Conselho Tutelar;CT - Administração;3;Despesas Correntes;3;Outras Despesas Correntes;90;Aplicações Diretas;47;Impostos;33904700;00.1.500.9001;Recursos não vinculados de Impostos;0;IPTU;0;Obrigações Tributárias e Contributivas;34.10.14.243.4019.2157.33904700.00.1.500.9001;9259.7;0.0;9259.7;925.97;925.97;0.0;;500;9001;1;02/03/2026 09:48:50;;00;34;33904700;Obrigações Tributárias e Contributivas;2157;uni;Locação Conselho Tutelar Vila Prudente - IPTU 2026;1;9259.7
01;PREFEITURA DO MUNICÍPIO DE SÃO PAULO;7801;8148;2026;1;23/01/2026 00:00:00;6049.2016/0000024-3;03194254871;EDSON DE MORAES;-1;-1;34;SMDHC;Secretaria Municipal de Direitos Humanos e Cidadania;10;Gabinete do Secretário;14;Direitos da Cidadania;243;Assistência à Criança e ao Adolescente;4019;Proteção a Crianças e Adolescentes;2157;Administração dos Conselhos Tutelares;CT;Conselho Tutelar;CT - Administração;3;Despesas Correntes;3;Outras Despesas Correntes;90;Aplicações Diretas;36;Locação de Imóveis;33903600;00.1.500.9001;Recursos não vinculados de Impostos;0;Locação de Imóveis;1;Outros Serviços de Terceiros - Pessoa Física;34.10.14.243.4019.2157.33903600.00.1.500.9001;25515.0;0.0;25515.0;3150.0;3150.0;0.0;;500;9001;1;02/03/2026 09:48:50;;00;34;33903600;Contratação PF;2157;UNI;"Locação do imóvel destinado ao Conselho Tutelar Anhanguera - Exercício 2026 - Principal
";1;25515.0
01;PREFEITURA DO MUNICÍPIO DE SÃO PAULO;7801;8173;2026;1;23/01/2026 00:00:00;6049.2016/0000024-3;03194254871;EDSON DE MORAES;-1;-1;34;SMDHC;Secretaria Municipal de Direitos Humanos e Cidadania;10;Gabinete do Secretário;14;Direitos da Cidadania;243;Assistência à Criança e ao Adolescente;4019;Proteção a Crianças e Adolescentes;2157;Administração dos Conselhos Tutelares;CT;Conselho Tutelar;CT - Administração;3;Despesas Correntes;3;Outras Despesas Correntes;90;Aplicações Diretas;36;Locação de Imóveis;33903600;00.1.500.9001;Recursos não vinculados de Impostos;0;Locação de Imóveis;1;Outros Serviços de Terceiros - Pessoa Física;34.10.14.243.4019.2157.33903600.00.1.500.9001;11729.37;0.0;11729.37;1448.07;1448.07;0.0;;500;9001;1;02/03/2026 09:48:50;;00;34;33903600;Contratação PF;2157;UNI;"Locação do imóvel destinado ao Conselho Tutelar Anhanguera - Exercício 2026 - Reajuste
";1;11729.37
01;PREFEITURA DO MUNICÍPIO DE SÃO PAULO;7802;8194;2026;1;23/01/2026 00:00:00;6049.2016/0000024-3;03194254871;EDSON DE MORAES;-1;-1;34;SMDHC;Secretaria Municipal de Direitos Humanos e Cidadania;10;Gabinete do Secretário;14;Direitos da Cidadania;243;Assistência à Criança e ao Adolescente;4019;Proteção a Crianças e Adolescentes;2157;Administração dos Conselhos Tutelares;CT;Conselho Tutelar;CT - Administração;3;Despesas Correntes;3;Outras Despesas Correntes;90;Aplicações Diretas;47;Impostos;33904700;00.1.500.9001;Recursos não vinculados de Impostos;0;IPTU;0;Obrigações Tributárias e Contributivas;34.10.14.243.4019.2157.33904700.00.1.500.9001;1361.1;0.0;1361.1;136.11;136.11;0.0;;500;9001;1;02/03/2026 09:48:50;;00;34;33904700;Obrigações Tributárias e Contributivas;2157;UNI;"Locação do imóvel destinado ao Conselho Tutelar Anhanguera - Exercício 2026 - IPTU
";1;1361.1
01;PREFEITURA DO MUNICÍPIO DE SÃO PAULO;8972;8415;2026;1;23/01/2026 00:00:00;6074.2021/0006548-0;48295566849;JOSE ANTONIO FLORIO;-1;-1;34;SMDHC;Secretaria Municipal de Direitos Humanos e Cidadania;10;Gabinete do Secretário;14;Direitos da Cidadania;243;Assistência à Criança e ao Adolescente;4019;Proteção a Crianças e Adolescentes;2157;Administração dos Conselhos Tutelares;CT;Conselho Tutelar;CT - Administração;3;Despesas Correntes;3;Outras Despesas Correntes;90;Aplicações Diretas;36;Locação de Imóveis;33903600;00.1.500.9001;Recursos não vinculados de Impostos;0;Locação de Imóveis;1;Outros Serviços de Terceiros - Pessoa Física;34.10.14.243.4019.2157.33903600.00.1.500.9001;4650.0;0.0;4650.0;4500.0;4500.0;0.0;;500;9001;1;02/03/2026 09:48:50;;00;34;33903600;Contratação PF;2157;UND;Contrato de Locação nº 04/SP/PR/2013/2022 - Conselho Tutelar Brasilândia - Principal - até 01/02/2026;1;4650.0
01;PREFEITURA DO MUNICÍPIO DE SÃO PAULO;8972;8416;2026;1;23/01/2026 00:00:00;6074.2021/0006548-0;48295566849;JOSE ANTONIO FLORIO;-1;-1;34;SMDHC;Secretaria Municipal de Direitos Humanos e Cidadania;10;Gabinete do Secretário;14;Direitos da Cidadania;243;Assistência à Criança e ao Adolescente;4019;Proteção a Crianças e Adolescentes;2157;Administração dos Conselhos Tutelares;CT;Conselho Tutelar;CT - Administração;3;Despesas Correntes;3;Outras Despesas Correntes;90;Aplicações Diretas;36;Locação de Imóveis;33903600;00.1.500.9001;Recursos não vinculados de Impostos;0;Despesas com Reembolso;1;Outros Serviços de Terceiros - Pessoa Física;34.10.14.243.4019.2157.33903600.00.1.500.9001;704.48;22.73;681.75;681.75;681.75;0.0;;500;9001;1;02/03/2026 09:48:50;;00;34;33903600;Contratação PF;2157;UND;Contrato de Locação nº 04/SP/PR/2013/2022 - Conselho Tutelar Brasilândia - Reajuste - até 01/02/2026;1;704.48
01;PREFEITURA DO MUNICÍPIO DE SÃO PAULO;8975;8475;2026;1;24/01/2026 00:00:00;6074.2022/0005930-0;81212429834;SILVIA MARIA PALMAGNANI;-1;-1;34;SMDHC;Secretaria Municipal de Direitos Humanos e Cidadania;10;Gabinete do Secretário;14;Direitos da Cidadania;243;Assistência à Criança e ao Adolescente;4019;Proteção a Crianças e Adolescentes;2157;Administração dos Conselhos Tutelares;CT;Conselho Tutelar;CT - Administração;3;Despesas Correntes;3;Outras Despesas Correntes;90;Aplicações Diretas;36;Locação de Imóveis;33903600;00.1.500.9001;Recursos não vinculados de Impostos;0;Locação de Imóveis;1;Outros Serviços de Terceiros - Pessoa Física;34.10.14.243.4019.2157.33903600.00.1.500.9001;13333.33;0.0;13333.33;4000.0;4000.0;0.0;;500;9001;1;02/03/2026 09:48:50;;00;34;33903600;Contratação PF;2157;UND;Locação destinada às instalações do Conselho Tutelar Jaraguá - Principal;1;13333.33
01;PREFEITURA DO MUNICÍPIO DE SÃO PAULO;8975;8476;2026;1;24/01/2026 00:00:00;6074.2022/0005930-0;81212429834;SILVIA MARIA PALMAGNANI;-1;-1;34;SMDHC;Secretaria Municipal de Direitos Humanos e Cidadania;10;Gabinete do Secretário;14;Direitos da Cidadania;243;Assistência à Criança e ao Adolescente;4019;Proteção a Crianças e Adolescentes;2157;Administração dos Conselhos Tutelares;CT;Conselho Tutelar;CT - Administração;3;Despesas Correntes;3;Outras Despesas Correntes;90;Aplicações Diretas;36;Locação de Imóveis;33903600;00.1.500.9001;Recursos não vinculados de Impostos;0;Locação de Imóveis;1;Outros Serviços de Terceiros - Pessoa Física;34.10.14.243.4019.2157.33903600.00.1.500.9001;1020.73;0.0;1020.73;306.22;306.22;0.0;;500;9001;1;02/03/2026 09:48:50;;00;34;33903600;Contratação PF;2157;UND;Locação destinada às instalações do Conselho Tutelar Jaraguá - Reajuste;1;1020.73
01;PREFEITURA DO MUNICÍPIO DE SÃO PAULO;8975;8477;2026;1;24/01/2026 00:00:00;6074.2022/0005930-0;81212429834;SILVIA MARIA PALMAGNANI;-1;-1;34;SMDHC;Secretaria Municipal de Direitos Humanos e Cidadania;10;Gabinete do Secretário;14;Direitos da Cidadania;243;Assistência à Criança e ao Adolescente;4019;Proteção a Crianças e Adolescentes;2157;Administração dos Conselhos Tutelares;CT;Conselho Tutelar;CT - Administração;3;Despesas Correntes;3;Outras Despesas Correntes;90;Aplicações Diretas;36;Locação de Imóveis;33903600;00.1.500.9001;Recursos não vinculados de Impostos;0;Despesas com Reembolso;1;Outros Serviços de Terceiros - Pessoa Física;34.10.14.243.4019.2157.33903600.00.1.500.9001;1537.8;0.0;1537.8;153.78;153.78;0.0;;500;9001;1;02/03/2026 09:48:50;;00;34;33903600;Contratação PF;2157;UND;Locação destinada às instalações do Conselho Tutelar Jaraguá - Reembolso IPTU 2026;1;1537.8
01;PREFEITURA DO MUNICÍPIO DE SÃO PAULO;7803;8569;2026;1;26/01/2026 00:00:00;6039.2016/0000070-2;03063684805;DARLENE GAMBA AMORIM;-1;-1;34;SMDHC;Secretaria Municipal de Direitos Humanos e Cidadania;10;Gabinete do Secretário;14;Direitos da Cidadania;243;Assistência à Criança e ao Adolescente;4019;Proteção a Crianças e Adolescentes;2157;Administração dos Conselhos Tutelares;CT;Conselho Tutelar;CT - Administração;3;Despesas Correntes;3;Outras Despesas Correntes;90;Aplicações Diretas;36;Locação de Imóveis;33903600;00.1.500.9001;Recursos não vinculados de Impostos;0;Locação de Imóveis;1;Outros Serviços de Terceiros - Pessoa Física;34.10.14.243.4019.2157.33903600.00.1.500.9001;7996.55;7996.55;0.0;0.0;0.0;0.0;;500;9001;1;02/03/2026 09:48:50;;00;34;33903600;Contratação PF;2157;UNI;"Locação do imóvel destinado ao Conselho Tutelar Ipiranga - Exercício 2026 - Principal
";1;7996.55
01;PREFEITURA DO MUNICÍPIO DE SÃO PAULO;7803;8582;2026;1;26/01/2026 00:00:00;6039.2016/0000070-2;09099424809;CRISTIANE GAMBA BUENO;-1;-1;34;SMDHC;Secretaria Municipal de Direitos Humanos e Cidadania;10;Gabinete do Secretário;14;Direitos da Cidadania;243;Assistência à Criança e ao Adolescente;4019;Proteção a Crianças e Adolescentes;2157;Administração dos Conselhos Tutelares;CT;Conselho Tutelar;CT - Administração;3;Despesas Correntes;3;Outras Despesas Correntes;90;Aplicações Diretas;36;Locação de Imóveis;33903600;00.1.500.9001;Recursos não vinculados de Impostos;0;Locação de Imóveis;1;Outros Serviços de Terceiros - Pessoa Física;34.10.14.243.4019.2157.33903600.00.1.500.9001;7996.47;7996.47;0.0;0.0;0.0;0.0;;500;9001;1;02/03/2026 09:48:50;;00;34;33903600;Contratação PF;2157;UNI;"Locação do imóvel destinado ao Conselho Tutelar Ipiranga - Exercício 2026 - Principal
";1;7996.47
01;PREFEITURA DO MUNICÍPIO DE SÃO PAULO;7803;8591;2026;1;26/01/2026 00:00:00;6039.2016/0000070-2;25238818882;OSWALDO GAMBA JUNIOR;-1;-1;34;SMDHC;Secretaria Municipal de Direitos Humanos e Cidadania;10;Gabinete do Secretário;14;Direitos da Cidadania;243;Assistência à Criança e ao Adolescente;4019;Proteção a Crianças e Adolescentes;2157;Administração dos Conselhos Tutelares;CT;Conselho Tutelar;CT - Administração;3;Despesas Correntes;3;Outras Despesas Correntes;90;Aplicações Diretas;36;Locação de Imóveis;33903600;00.1.500.9001;Recursos não vinculados de Impostos;0;Locação de Imóveis;1;Outros Serviços de Terceiros - Pessoa Física;34.10.14.243.4019.2157.33903600.00.1.500.9001;7996.47;7996.47;0.0;0.0;0.0;0.0;;500;9001;1;02/03/2026 09:48:50;;00;34;33903600;Contratação PF;2157;UNI;"Locação do imóvel destinado ao Conselho Tutelar Ipiranga - Exercício 2026 - Principal
";1;7996.47
01;PREFEITURA DO MUNICÍPIO DE SÃO PAULO;7803;8599;2026;1;26/01/2026 00:00:00;6039.2016/0000070-2;03063684805;DARLENE GAMBA AMORIM;-1;-1;34;SMDHC;Secretaria Municipal de Direitos Humanos e Cidadania;10;Gabinete do Secretário;14;Direitos da Cidadania;243;Assistência à Criança e ao Adolescente;4019;Proteção a Crianças e Adolescentes;2157;Administração dos Conselhos Tutelares;CT;Conselho Tutelar;CT - Administração;3;Despesas Correntes;3;Outras Despesas Correntes;90;Aplicações Diretas;36;Locação de Imóveis;33903600;00.1.500.9001;Recursos não vinculados de Impostos;0;Locação de Imóveis;1;Outros Serviços de Terceiros - Pessoa Física;34.10.14.243.4019.2157.33903600.00.1.500.9001;2952.55;2952.55;0.0;0.0;0.0;0.0;;500;9001;1;02/03/2026 09:48:50;;00;34;33903600;Contratação PF;2157;UNI;"Locação do imóvel destinado ao Conselho Tutelar Ipiranga - Exercício 2026 - Reajuste
";1;2952.55
01;PREFEITURA DO MUNICÍPIO DE SÃO PAULO;7803;8605;2026;1;26/01/2026 00:00:00;6039.2016/0000070-2;09099424809;CRISTIANE GAMBA BUENO;-1;-1;34;SMDHC;Secretaria Municipal de Direitos Humanos e Cidadania;10;Gabinete do Secretário;14;Direitos da Cidadania;243;Assistência à Criança e ao Adolescente;4019;Proteção a Crianças e Adolescentes;2157;Administração dos Conselhos Tutelares;CT;Conselho Tutelar;CT - Administração;3;Despesas Correntes;3;Outras Despesas Correntes;90;Aplicações Diretas;36;Locação de Imóveis;33903600;00.1.500.9001;Recursos não vinculados de Impostos;0;Locação de Imóveis;1;Outros Serviços de Terceiros - Pessoa Física;34.10.14.243.4019.2157.33903600.00.1.500.9001;2952.73;2952.73;0.0;0.0;0.0;0.0;;500;9001;1;02/03/2026 09:48:50;;00;34;33903600;Contratação PF;2157;UNI;"Locação do imóvel destinado ao Conselho Tutelar Ipiranga - Exercício 2026 - Reajuste
";1;2952.73
01;PREFEITURA DO MUNICÍPIO DE SÃO PAULO;7812;8663;2026;1;26/01/2026 00:00:00;6074.2021/0004397-5;24766829000168;AVALIZAR ADMINISTRADORA DE IMOVEIS LTDA;-1;-1;34;SMDHC;Secretaria Municipal de Direitos Humanos e Cidadania;10;Gabinete do Secretário;14;Direitos da Cidadania;243;Assistência à Criança e ao Adolescente;4019;Proteção a Crianças e Adolescentes;2157;Administração dos Conselhos Tutelares;CT;Conselho Tutelar;CT - Administração;3;Despesas Correntes;3;Outras Despesas Correntes;90;Aplicações Diretas;39;Locação de Imóveis;33903900;00.1.500.9001;Recursos não vinculados de Impostos;0;Locação de Imóveis;1;Outros Serviços de Terceiros - Pessoa Jurídica;34.10.14.243.4019.2157.33903900.00.1.500.9001;25333.33;0.0;25333.33;5000.0;5000.0;0.0;;500;9001;1;02/03/2026 09:48:50;;00;34;33903900;Contratação PJ com Fins Lucrativos;2157;uni;Locação Conselho Tutelar Cidade Líder - Principal a partir de 01/01 a 02/06/2026.;1;25333.33
01;PREFEITURA DO MUNICÍPIO DE SÃO PAULO;7812;8694;2026;1;26/01/2026 00:00:00;6074.2021/0004397-5;24766829000168;AVALIZAR ADMINISTRADORA DE IMOVEIS LTDA;-1;-1;34;SMDHC;Secretaria Municipal de Direitos Humanos e Cidadania;10;Gabinete do Secretário;14;Direitos da Cidadania;243;Assistência à Criança e ao Adolescente;4019;Proteção a Crianças e Adolescentes;2157;Administração dos Conselhos Tutelares;CT;Conselho Tutelar;CT - Administração;3;Despesas Correntes;3;Outras Despesas Correntes;90;Aplicações Diretas;39;Locação de Imóveis;33903900;00.1.500.9001;Recursos não vinculados de Impostos;0;Locação de Imóveis;1;Outros Serviços de Terceiros - Pessoa Jurídica;34.10.14.243.4019.2157.33903900.00.1.500.9001;3116.0;0.0;3116.0;615.0;615.0;0.0;;500;9001;1;02/03/2026 09:48:50;;00;34;33903900;Contratação PJ com Fins Lucrativos;2157;uni;Locação Conselho Tutelar Cidade Líder - Reajuste a partir de 01/01 até 02/06/2026.;1;3116.0
01;PREFEITURA DO MUNICÍPIO DE SÃO PAULO;7812;8713;2026;1;26/01/2026 00:00:00;6074.2021/0004397-5;24766829000168;AVALIZAR ADMINISTRADORA DE IMOVEIS LTDA;-1;-1;34;SMDHC;Secretaria Municipal de Direitos Humanos e Cidadania;10;Gabinete do Secretário;14;Direitos da Cidadania;243;Assistência à Criança e ao Adolescente;4019;Proteção a Crianças e Adolescentes;2157;Administração dos Conselhos Tutelares;CT;Conselho Tutelar;CT - Administração;3;Despesas Correntes;3;Outras Despesas Correntes;90;Aplicações Diretas;39;Locação de Imóveis;33903900;00.1.500.9001;Recursos não vinculados de Impostos;0;Despesas com Reembolso;1;Outros Serviços de Terceiros - Pessoa Jurídica;34.10.14.243.4019.2157.33903900.00.1.500.9001;2868.4;0.0;2868.4;0.0;0.0;0.0;;500;9001;1;02/03/2026 09:48:50;;00;34;33903900;Contratação PJ com Fins Lucrativos;2157;uni;Conselho Tutelar Cidade Líder - Reembolso IPTU.;1;2868.4
01;PREFEITURA DO MUNICÍPIO DE SÃO PAULO;9058;8754;2026;1;26/01/2026 00:00:00;6039.2016/0000070-2;03063684805;DARLENE GAMBA AMORIM;-1;-1;34;SMDHC;Secretaria Municipal de Direitos Humanos e Cidadania;10;Gabinete do Secretário;14;Direitos da Cidadania;243;Assistência à Criança e ao Adolescente;4019;Proteção a Crianças e Adolescentes;2157;Administração dos Conselhos Tutelares;CT;Conselho Tutelar;CT - Administração;3;Despesas Correntes;3;Outras Despesas Correntes;90;Aplicações Diretas;36;Locação de Imóveis;33903600;00.1.500.9001;Recursos não vinculados de Impostos;0;Locação de Imóveis;1;Outros Serviços de Terceiros - Pessoa Física;34.10.14.243.4019.2157.33903600.00.1.500.9001;7996.55;0.0;7996.55;963.44;963.44;0.0;;500;9001;1;02/03/2026 09:48:50;;00;34;33903600;Contratação PF;2157;UNI;"Locação do imóvel destinado ao Conselho Tutelar Ipiranga - Exercício 2026 - Principal
";1;7996.55
01;PREFEITURA DO MUNICÍPIO DE SÃO PAULO;9058;8762;2026;1;26/01/2026 00:00:00;6039.2016/0000070-2;09099424809;CRISTIANE GAMBA BUENO;-1;-1;34;SMDHC;Secretaria Municipal de Direitos Humanos e Cidadania;10;Gabinete do Secretário;14;Direitos da Cidadania;243;Assistência à Criança e ao Adolescente;4019;Proteção a Crianças e Adolescentes;2157;Administração dos Conselhos Tutelares;CT;Conselho Tutelar;CT - Administração;3;Despesas Correntes;3;Outras Despesas Correntes;90;Aplicações Diretas;36;Locação de Imóveis;33903600;00.1.500.9001;Recursos não vinculados de Impostos;0;Locação de Imóveis;1;Outros Serviços de Terceiros - Pessoa Física;34.10.14.243.4019.2157.33903600.00.1.500.9001;7996.47;0.0;7996.47;963.43;963.43;0.0;;500;9001;1;02/03/2026 09:48:50;;00;34;33903600;Contratação PF;2157;UNI;"Locação do imóvel destinado ao Conselho Tutelar Ipiranga - Exercício 2026 - Principal
";1;7996.47
01;PREFEITURA DO MUNICÍPIO DE SÃO PAULO;7813;8767;2026;1;26/01/2026 00:00:00;6034.2017/0000036-7;19265742810;CARLOS GONÇALVES;-1;-1;34;SMDHC;Secretaria Municipal de Direitos Humanos e Cidadania;10;Gabinete do Secretário;14;Direitos da Cidadania;243;Assistência à Criança e ao Adolescente;4019;Proteção a Crianças e Adolescentes;2157;Administração dos Conselhos Tutelares;CT;Conselho Tutelar;CT - Administração;3;Despesas Correntes;3;Outras Despesas Correntes;90;Aplicações Diretas;36;Locação de Imóveis;33903600;00.1.500.9001;Recursos não vinculados de Impostos;0;Locação de Imóveis;1;Outros Serviços de Terceiros - Pessoa Física;34.10.14.243.4019.2157.33903600.00.1.500.9001;32444.6;0.0;32444.6;3013.43;3013.43;0.0;;500;9001;1;02/03/2026 09:48:50;;00;34;33903600;Contratação PF;2157;uni;Locação do Conselho Tutelar Pedreira - Principal.;1;32444.6
01;PREFEITURA DO MUNICÍPIO DE SÃO PAULO;9058;8769;2026;1;26/01/2026 00:00:00;6039.2016/0000070-2;25238818882;OSWALDO GAMBA JUNIOR;-1;-1;34;SMDHC;Secretaria Municipal de Direitos Humanos e Cidadania;10;Gabinete do Secretário;14;Direitos da Cidadania;243;Assistência à Criança e ao Adolescente;4019;Proteção a Crianças e Adolescentes;2157;Administração dos Conselhos Tutelares;CT;Conselho Tutelar;CT - Administração;3;Despesas Correntes;3;Outras Despesas Correntes;90;Aplicações Diretas;36;Locação de Imóveis;33903600;00.1.500.9001;Recursos não vinculados de Impostos;0;Locação de Imóveis;1;Outros Serviços de Terceiros - Pessoa Física;34.10.14.243.4019.2157.33903600.00.1.500.9001;7996.47;0.0;7996.47;963.43;963.43;0.0;;500;9001;1;02/03/2026 09:48:50;;00;34;33903600;Contratação PF;2157;UNI;"Locação do imóvel destinado ao Conselho Tutelar Ipiranga - Exercício 2026 - Principal
";1;7996.47
01;PREFEITURA DO MUNICÍPIO DE SÃO PAULO;9058;8776;2026;1;26/01/2026 00:00:00;6039.2016/0000070-2;03063684805;DARLENE GAMBA AMORIM;-1;-1;34;SMDHC;Secretaria Municipal de Direitos Humanos e Cidadania;10;Gabinete do Secretário;14;Direitos da Cidadania;243;Assistência à Criança e ao Adolescente;4019;Proteção a Crianças e Adolescentes;2157;Administração dos Conselhos Tutelares;CT;Conselho Tutelar;CT - Administração;3;Despesas Correntes;3;Outras Despesas Correntes;90;Aplicações Diretas;36;Locação de Imóveis;33903600;00.1.500.9001;Recursos não vinculados de Impostos;0;Locação de Imóveis;1;Outros Serviços de Terceiros - Pessoa Física;34.10.14.243.4019.2157.33903600.00.1.500.9001;2952.55;0.0;2952.55;355.73;355.73;0.0;;500;9001;1;02/03/2026 09:48:50;;00;34;33903600;Contratação PF;2157;UNI;"Locação do imóvel destinado ao Conselho Tutelar Ipiranga - Exercício 2026 - Reajuste
";1;2952.55
01;PREFEITURA DO MUNICÍPIO DE SÃO PAULO;7813;8781;2026;1;26/01/2026 00:00:00;6034.2017/0000036-7;19265742810;CARLOS GONÇALVES;-1;-1;34;SMDHC;Secretaria Municipal de Direitos Humanos e Cidadania;10;Gabinete do Secretário;14;Direitos da Cidadania;243;Assistência à Criança e ao Adolescente;4019;Proteção a Crianças e Adolescentes;2157;Administração dos Conselhos Tutelares;CT;Conselho Tutelar;CT - Administração;3;Despesas Correntes;3;Outras Despesas Correntes;90;Aplicações Diretas;36;Locação de Imóveis;33903600;00.1.500.9001;Recursos não vinculados de Impostos;0;Locação de Imóveis;1;Outros Serviços de Terceiros - Pessoa Física;34.10.14.243.4019.2157.33903600.00.1.500.9001;6227.01;6227.01;0.0;0.0;0.0;0.0;;500;9001;1;02/03/2026 09:48:50;;00;34;33903600;Contratação PF;2157;uni;Locação do Conselho Tutelar Pedreira - Reajuste.;1;6227.01
01;PREFEITURA DO MUNICÍPIO DE SÃO PAULO;9058;8785;2026;1;26/01/2026 00:00:00;6039.2016/0000070-2;09099424809;CRISTIANE GAMBA BUENO;-1;-1;34;SMDHC;Secretaria Municipal de Direitos Humanos e Cidadania;10;Gabinete do Secretário;14;Direitos da Cidadania;243;Assistência à Criança e ao Adolescente;4019;Proteção a Crianças e Adolescentes;2157;Administração dos Conselhos Tutelares;CT;Conselho Tutelar;CT - Administração;3;Despesas Correntes;3;Outras Despesas Correntes;90;Aplicações Diretas;36;Locação de Imóveis;33903600;00.1.500.9001;Recursos não vinculados de Impostos;0;Locação de Imóveis;1;Outros Serviços de Terceiros - Pessoa Física;34.10.14.243.4019.2157.33903600.00.1.500.9001;2952.73;0.0;2952.73;355.75;355.75;0.0;;500;9001;1;02/03/2026 09:48:50;;00;34;33903600;Contratação PF;2157;UNI;"Locação do imóvel destinado ao Conselho Tutelar Ipiranga - Exercício 2026 - Reajuste
";1;2952.73
01;PREFEITURA DO MUNICÍPIO DE SÃO PAULO;9058;8794;2026;1;26/01/2026 00:00:00;6039.2016/0000070-2;25238818882;OSWALDO GAMBA JUNIOR;-1;-1;34;SMDHC;Secretaria Municipal de Direitos Humanos e Cidadania;10;Gabinete do Secretário;14;Direitos da Cidadania;243;Assistência à Criança e ao Adolescente;4019;Proteção a Crianças e Adolescentes;2157;Administração dos Conselhos Tutelares;CT;Conselho Tutelar;CT - Administração;3;Despesas Correntes;3;Outras Despesas Correntes;90;Aplicações Diretas;36;Locação de Imóveis;33903600;00.1.500.9001;Recursos não vinculados de Impostos;0;Locação de Imóveis;1;Outros Serviços de Terceiros - Pessoa Física;34.10.14.243.4019.2157.33903600.00.1.500.9001;2952.73;0.0;2952.73;355.75;355.75;0.0;;500;9001;1;02/03/2026 09:48:50;;00;34;33903600;Contratação PF;2157;UNI;"Locação do imóvel destinado ao Conselho Tutelar Ipiranga - Exercício 2026 - Reajuste
";1;2952.73
01;PREFEITURA DO MUNICÍPIO DE SÃO PAULO;7804;8821;2026;1;26/01/2026 00:00:00;6039.2016/0000070-2;25238818882;OSWALDO GAMBA JUNIOR;-1;-1;34;SMDHC;Secretaria Municipal de Direitos Humanos e Cidadania;10;Gabinete do Secretário;14;Direitos da Cidadania;243;Assistência à Criança e ao Adolescente;4019;Proteção a Crianças e Adolescentes;2157;Administração dos Conselhos Tutelares;CT;Conselho Tutelar;CT - Administração;3;Despesas Correntes;3;Outras Despesas Correntes;90;Aplicações Diretas;47;Impostos;33904700;00.1.500.9001;Recursos não vinculados de Impostos;0;IPTU;0;Obrigações Tributárias e Contributivas;34.10.14.243.4019.2157.33904700.00.1.500.9001;20641.7;0.0;20641.7;2064.17;2064.17;0.0;;500;9001;1;02/03/2026 09:48:50;;00;34;33904700;Obrigações Tributárias e Contributivas;2157;UNI;"Locação do imóvel destinado ao Conselho Tutelar Ipiranga - Exercício 2026 - IPTU
";1;20641.7
01;PREFEITURA DO MUNICÍPIO DE SÃO PAULO;7813;8859;2026;1;26/01/2026 00:00:00;6034.2017/0000036-7;19265742810;CARLOS GONÇALVES;-1;-1;34;SMDHC;Secretaria Municipal de Direitos Humanos e Cidadania;10;Gabinete do Secretário;14;Direitos da Cidadania;243;Assistência à Criança e ao Adolescente;4019;Proteção a Crianças e Adolescentes;2157;Administração dos Conselhos Tutelares;CT;Conselho Tutelar;CT - Administração;3;Despesas Correntes;3;Outras Despesas Correntes;90;Aplicações Diretas;36;Locação de Imóveis;33903600;00.1.500.9001;Recursos não vinculados de Impostos;0;Despesas com Reembolso;1;Outros Serviços de Terceiros - Pessoa Física;34.10.14.243.4019.2157.33903600.00.1.500.9001;120.84;0.0;120.84;0.0;0.0;0.0;;500;9001;1;02/03/2026 09:48:50;;00;34;33903600;Contratação PF;2157;uni;Locação do Conselho Tutelar Pedreira - IPTU 2026;1;120.84
01;PREFEITURA DO MUNICÍPIO DE SÃO PAULO;8963;8940;2026;1;26/01/2026 00:00:00;6045.2019/0001336-5;30092445845;PAULA DE SOUZA LINO ARAUJO;-1;-1;34;SMDHC;Secretaria Municipal de Direitos Humanos e Cidadania;10;Gabinete do Secretário;14;Direitos da Cidadania;243;Assistência à Criança e ao Adolescente;4019;Proteção a Crianças e Adolescentes;2157;Administração dos Conselhos Tutelares;CT;Conselho Tutelar;CT - Administração;3;Despesas Correntes;3;Outras Despesas Correntes;90;Aplicações Diretas;36;Locação de Imóveis;33903600;00.1.500.9001;Recursos não vinculados de Impostos;0;Locação de Imóveis;1;Outros Serviços de Terceiros - Pessoa Física;34.10.14.243.4019.2157.33903600.00.1.500.9001;1944.46;0.0;1944.46;833.34;833.34;0.0;;500;9001;1;02/03/2026 09:48:50;;00;34;33903600;Contratação PF;2157;UNI;"Locação do imóvel destinado ao Conselho Tutelar Jardim São Paulo - Exercício 2026 - Principal
";1;1944.46
01;PREFEITURA DO MUNICÍPIO DE SÃO PAULO;8963;8951;2026;1;26/01/2026 00:00:00;6045.2019/0001336-5;28070570806;THATIANA DE SOUZA LINO;-1;-1;34;SMDHC;Secretaria Municipal de Direitos Humanos e Cidadania;10;Gabinete do Secretário;14;Direitos da Cidadania;243;Assistência à Criança e ao Adolescente;4019;Proteção a Crianças e Adolescentes;2157;Administração dos Conselhos Tutelares;CT;Conselho Tutelar;CT - Administração;3;Despesas Correntes;3;Outras Despesas Correntes;90;Aplicações Diretas;36;Locação de Imóveis;33903600;00.1.500.9001;Recursos não vinculados de Impostos;0;Locação de Imóveis;1;Outros Serviços de Terceiros - Pessoa Física;34.10.14.243.4019.2157.33903600.00.1.500.9001;1944.43;0.0;1944.43;833.33;833.33;0.0;;500;9001;1;02/03/2026 09:48:50;;00;34;33903600;Contratação PF;2157;UNI;"Locação do imóvel destinado ao Conselho Tutelar Jardim São Paulo - Exercício 2026 - Principal
";1;1944.43
01;PREFEITURA DO MUNICÍPIO DE SÃO PAULO;9185;8980;2026;1;26/01/2026 00:00:00;6074.2017/0000033-0;64544455000150;FWMA  ADMINISTRADORA  LTDA - EPP;-1;-1;34;SMDHC;Secretaria Municipal de Direitos Humanos e Cidadania;10;Gabinete do Secretário;14;Direitos da Cidadania;122;Administração Geral;4001;Suporte Administrativo;2100;Administração da Unidade;ADM;Administração;ADM;3;Despesas Correntes;3;Outras Despesas Correntes;90;Aplicações Diretas;47;Impostos;33904700;00.1.500.9001;Recursos não vinculados de Impostos;0;IPTU;0;Obrigações Tributárias e Contributivas;34.10.14.122.4001.2100.33904700.00.1.500.9001;178219.94;0.0;178219.94;178219.94;178219.94;0.0;;500;9001;1;02/03/2026 09:48:50;;00;34;33904700;Obrigações Tributárias e Contributivas;2100;UNI;"Locação destinada às instalações da Sede da SMDHC - Exercício/2026
";1;178219.94
01;PREFEITURA DO MUNICÍPIO DE SÃO PAULO;7813;9008;2026;1;26/01/2026 00:00:00;6034.2017/0000036-7;19265742810;CARLOS GONÇALVES;-1;-1;34;SMDHC;Secretaria Municipal de Direitos Humanos e Cidadania;10;Gabinete do Secretário;14;Direitos da Cidadania;243;Assistência à Criança e ao Adolescente;4019;Proteção a Crianças e Adolescentes;2157;Administração dos Conselhos Tutelares;CT;Conselho Tutelar;CT - Administração;3;Despesas Correntes;3;Outras Despesas Correntes;90;Aplicações Diretas;36;Locação de Imóveis;33903600;00.1.500.9001;Recursos não vinculados de Impostos;0;Locação de Imóveis;1;Outros Serviços de Terceiros - Pessoa Física;34.10.14.243.4019.2157.33903600.00.1.500.9001;6234.36;0.0;6234.36;578.36;578.36;0.0;;500;9001;1;02/03/2026 09:48:50;;00;34;33903600;Contratação PF;2157;uni;Locação do Conselho Tutelar Pedreira - Reajuste.;1;6234.36
01;PREFEITURA DO MUNICÍPIO DE SÃO PAULO;8963;9030;2026;1;26/01/2026 00:00:00;6045.2019/0001336-5;41073527816;GABRIELA DE SOUZA LINO;-1;-1;34;SMDHC;Secretaria Municipal de Direitos Humanos e Cidadania;10;Gabinete do Secretário;14;Direitos da Cidadania;243;Assistência à Criança e ao Adolescente;4019;Proteção a Crianças e Adolescentes;2157;Administração dos Conselhos Tutelares;CT;Conselho Tutelar;CT - Administração;3;Despesas Correntes;3;Outras Despesas Correntes;90;Aplicações Diretas;36;Locação de Imóveis;33903600;00.1.500.9001;Recursos não vinculados de Impostos;0;Locação de Imóveis;1;Outros Serviços de Terceiros - Pessoa Física;34.10.14.243.4019.2157.33903600.00.1.500.9001;1944.43;0.0;1944.43;833.33;833.33;0.0;;500;9001;1;02/03/2026 09:48:50;;00;34;33903600;Contratação PF;2157;UNI;"Locação do imóvel destinado ao Conselho Tutelar Jardim São Paulo - Exercício 2026 - Principal
";1;1944.43
01;PREFEITURA DO MUNICÍPIO DE SÃO PAULO;8963;9037;2026;1;26/01/2026 00:00:00;6045.2019/0001336-5;30092445845;PAULA DE SOUZA LINO ARAUJO;-1;-1;34;SMDHC;Secretaria Municipal de Direitos Humanos e Cidadania;10;Gabinete do Secretário;14;Direitos da Cidadania;243;Assistência à Criança e ao Adolescente;4019;Proteção a Crianças e Adolescentes;2157;Administração dos Conselhos Tutelares;CT;Conselho Tutelar;CT - Administração;3;Despesas Correntes;3;Outras Despesas Correntes;90;Aplicações Diretas;36;Locação de Imóveis;33903600;00.1.500.9001;Recursos não vinculados de Impostos;0;Locação de Imóveis;1;Outros Serviços de Terceiros - Pessoa Física;34.10.14.243.4019.2157.33903600.00.1.500.9001;688.9;0.0;688.9;295.24;295.24;0.0;;500;9001;1;02/03/2026 09:48:50;;00;34;33903600;Contratação PF;2157;UNI;"Locação do imóvel destinado ao Conselho Tutelar Jardim São Paulo - Exercício 2026 - Reajuste
";1;688.9
01;PREFEITURA DO MUNICÍPIO DE SÃO PAULO;8981;9042;2026;1;26/01/2026 00:00:00;6074.2025/0006099-0;29968104817;MARIA DA GLORIA ALVES CARMO;-1;-1;34;SMDHC;Secretaria Municipal de Direitos Humanos e Cidadania;10;Gabinete do Secretário;14;Direitos da Cidadania;243;Assistência à Criança e ao Adolescente;4019;Proteção a Crianças e Adolescentes;2157;Administração dos Conselhos Tutelares;CT;Conselho Tutelar;CT - Administração;3;Despesas Correntes;3;Outras Despesas Correntes;90;Aplicações Diretas;36;Locação de Imóveis;33903600;00.1.500.9001;Recursos não vinculados de Impostos;0;Locação de Imóveis;1;Outros Serviços de Terceiros - Pessoa Física;34.10.14.243.4019.2157.33903600.00.1.500.9001;34800.0;0.0;34800.0;2900.0;2900.0;0.0;;500;9001;1;02/03/2026 09:48:50;;00;34;33903600;Contratação PF;2157;uni;Locação Conselho Tutelar de M’Boi Mirim;1;34800.0
01;PREFEITURA DO MUNICÍPIO DE SÃO PAULO;8963;9050;2026;1;26/01/2026 00:00:00;6045.2019/0001336-5;28070570806;THATIANA DE SOUZA LINO;-1;-1;34;SMDHC;Secretaria Municipal de Direitos Humanos e Cidadania;10;Gabinete do Secretário;14;Direitos da Cidadania;243;Assistência à Criança e ao Adolescente;4019;Proteção a Crianças e Adolescentes;2157;Administração dos Conselhos Tutelares;CT;Conselho Tutelar;CT - Administração;3;Despesas Correntes;3;Outras Despesas Correntes;90;Aplicações Diretas;36;Locação de Imóveis;33903600;00.1.500.9001;Recursos não vinculados de Impostos;0;Locação de Imóveis;1;Outros Serviços de Terceiros - Pessoa Física;34.10.14.243.4019.2157.33903600.00.1.500.9001;688.9;0.0;688.9;295.24;295.24;0.0;;500;9001;1;02/03/2026 09:48:50;;00;34;33903600;Contratação PF;2157;UNI;"Locação do imóvel destinado ao Conselho Tutelar Jardim São Paulo - Exercício 2026 - Reajuste
";1;688.9
01;PREFEITURA DO MUNICÍPIO DE SÃO PAULO;8981;9052;2026;1;26/01/2026 00:00:00;6074.2025/0006099-0;29968104817;MARIA DA GLORIA ALVES CARMO;-1;-1;34;SMDHC;Secretaria Municipal de Direitos Humanos e Cidadania;10;Gabinete do Secretário;14;Direitos da Cidadania;243;Assistência à Criança e ao Adolescente;4019;Proteção a Crianças e Adolescentes;2157;Administração dos Conselhos Tutelares;CT;Conselho Tutelar;CT - Administração;3;Despesas Correntes;3;Outras Despesas Correntes;90;Aplicações Diretas;36;Locação de Imóveis;33903600;00.1.500.9001;Recursos não vinculados de Impostos;0;Despesas com Reembolso;1;Outros Serviços de Terceiros - Pessoa Física;34.10.14.243.4019.2157.33903600.00.1.500.9001;2595.6;0.0;2595.6;0.0;0.0;0.0;;500;9001;1;02/03/2026 09:48:50;;00;34;33903600;Contratação PF;2157;uni;"Reembolso de IPTU - Conselho Tutelar de M’Boi Mirim.
";1;2595.6
01;PREFEITURA DO MUNICÍPIO DE SÃO PAULO;8963;9054;2026;1;26/01/2026 00:00:00;6045.2019/0001336-5;41073527816;GABRIELA DE SOUZA LINO;-1;-1;34;SMDHC;Secretaria Municipal de Direitos Humanos e Cidadania;10;Gabinete do Secretário;14;Direitos da Cidadania;243;Assistência à Criança e ao Adolescente;4019;Proteção a Crianças e Adolescentes;2157;Administração dos Conselhos Tutelares;CT;Conselho Tutelar;CT - Administração;3;Despesas Correntes;3;Outras Despesas Correntes;90;Aplicações Diretas;36;Locação de Imóveis;33903600;00.1.500.9001;Recursos não vinculados de Impostos;0;Locação de Imóveis;1;Outros Serviços de Terceiros - Pessoa Física;34.10.14.243.4019.2157.33903600.00.1.500.9001;688.9;0.0;688.9;295.24;295.24;0.0;;500;9001;1;02/03/2026 09:48:50;;00;34;33903600;Contratação PF;2157;UNI;"Locação do imóvel destinado ao Conselho Tutelar Jardim São Paulo - Exercício 2026 - Reajuste
";1;688.9
01;PREFEITURA DO MUNICÍPIO DE SÃO PAULO;8964;9072;2026;1;26/01/2026 00:00:00;6045.2019/0001336-5;30092445845;PAULA DE SOUZA LINO ARAUJO;-1;-1;34;SMDHC;Secretaria Municipal de Direitos Humanos e Cidadania;10;Gabinete do Secretário;14;Direitos da Cidadania;243;Assistência à Criança e ao Adolescente;4019;Proteção a Crianças e Adolescentes;2157;Administração dos Conselhos Tutelares;CT;Conselho Tutelar;CT - Administração;3;Despesas Correntes;3;Outras Despesas Correntes;90;Aplicações Diretas;47;Impostos;33904700;00.1.500.9001;Recursos não vinculados de Impostos;0;IPTU;0;Obrigações Tributárias e Contributivas;34.10.14.243.4019.2157.33904700.00.1.500.9001;1656.2;0.0;1656.2;165.62;0.0;0.0;;500;9001;1;02/03/2026 09:48:50;;00;34;33904700;Obrigações Tributárias e Contributivas;2157;UNI;"Locação do imóvel destinado ao Conselho Tutelar Jardim São Paulo - Exercício 2026 - IPTU
";1;1656.2
01;PREFEITURA DO MUNICÍPIO DE SÃO PAULO;8980;9083;2026;1;26/01/2026 00:00:00;6040.2017/0000039-4;05746142816;GERSON RIBEIRO DE OLIVEIRA JUNIOR;-1;-1;34;SMDHC;Secretaria Municipal de Direitos Humanos e Cidadania;10;Gabinete do Secretário;14;Direitos da Cidadania;243;Assistência à Criança e ao Adolescente;4019;Proteção a Crianças e Adolescentes;2157;Administração dos Conselhos Tutelares;CT;Conselho Tutelar;CT - Administração;3;Despesas Correntes;3;Outras Despesas Correntes;90;Aplicações Diretas;36;Locação de Imóveis;33903600;00.1.500.9001;Recursos não vinculados de Impostos;0;Locação de Imóveis;1;Outros Serviços de Terceiros - Pessoa Física;34.10.14.243.4019.2157.33903600.00.1.500.9001;14406.0;0.0;14406.0;1200.5;1200.5;0.0;;500;9001;1;02/03/2026 09:48:50;;00;34;33903600;Contratação PF;2157;uni;Locação do Conselho Tutelar Itaim Paulista - Principal.;1;14406.0
01;PREFEITURA DO MUNICÍPIO DE SÃO PAULO;8980;9098;2026;1;26/01/2026 00:00:00;6040.2017/0000039-4;05746142816;GERSON RIBEIRO DE OLIVEIRA JUNIOR;-1;-1;34;SMDHC;Secretaria Municipal de Direitos Humanos e Cidadania;10;Gabinete do Secretário;14;Direitos da Cidadania;243;Assistência à Criança e ao Adolescente;4019;Proteção a Crianças e Adolescentes;2157;Administração dos Conselhos Tutelares;CT;Conselho Tutelar;CT - Administração;3;Despesas Correntes;3;Outras Despesas Correntes;90;Aplicações Diretas;36;Locação de Imóveis;33903600;00.1.500.9001;Recursos não vinculados de Impostos;0;Locação de Imóveis;1;Outros Serviços de Terceiros - Pessoa Física;34.10.14.243.4019.2157.33903600.00.1.500.9001;5416.44;0.0;5416.44;451.37;451.37;0.0;;500;9001;1;02/03/2026 09:48:50;;00;34;33903600;Contratação PF;2157;uni;Locação do Conselho Tutelar Itaim Paulista - Reajuste.;1;5416.44
01;PREFEITURA DO MUNICÍPIO DE SÃO PAULO;8980;9123;2026;1;26/01/2026 00:00:00;6040.2017/0000039-4;13472555831;MARILAN RIBEIRO DE OLIVEIRA ALBUQUERQUE;-1;-1;34;SMDHC;Secretaria Municipal de Direitos Humanos e Cidadania;10;Gabinete do Secretário;14;Direitos da Cidadania;243;Assistência à Criança e ao Adolescente;4019;Proteção a Crianças e Adolescentes;2157;Administração dos Conselhos Tutelares;CT;Conselho Tutelar;CT - Administração;3;Despesas Correntes;3;Outras Despesas Correntes;90;Aplicações Diretas;36;Locação de Imóveis;33903600;00.1.500.9001;Recursos não vinculados de Impostos;0;Locação de Imóveis;1;Outros Serviços de Terceiros - Pessoa Física;34.10.14.243.4019.2157.33903600.00.1.500.9001;14406.0;0.0;14406.0;1200.5;1200.5;0.0;;500;9001;1;02/03/2026 09:48:50;;00;34;33903600;Contratação PF;2157;uni;Locação do Conselho Tutelar Itaim Paulista - Principal.;1;14406.0
01;PREFEITURA DO MUNICÍPIO DE SÃO PAULO;8980;9130;2026;1;26/01/2026 00:00:00;6040.2017/0000039-4;13472555831;MARILAN RIBEIRO DE OLIVEIRA ALBUQUERQUE;-1;-1;34;SMDHC;Secretaria Municipal de Direitos Humanos e Cidadania;10;Gabinete do Secretário;14;Direitos da Cidadania;243;Assistência à Criança e ao Adolescente;4019;Proteção a Crianças e Adolescentes;2157;Administração dos Conselhos Tutelares;CT;Conselho Tutelar;CT - Administração;3;Despesas Correntes;3;Outras Despesas Correntes;90;Aplicações Diretas;36;Locação de Imóveis;33903600;00.1.500.9001;Recursos não vinculados de Impostos;0;Locação de Imóveis;1;Outros Serviços de Terceiros - Pessoa Física;34.10.14.243.4019.2157.33903600.00.1.500.9001;5416.44;0.0;5416.44;451.37;451.37;0.0;;500;9001;1;02/03/2026 09:48:50;;00;34;33903600;Contratação PF;2157;uni;Locação do Conselho Tutelar Itaim Paulista - Reajuste.;1;5416.44
01;PREFEITURA DO MUNICÍPIO DE SÃO PAULO;8982;9146;2026;1;26/01/2026 00:00:00;6074.2021/0007826-4;24854959800;CIBELE PEREIRA COSTA;-1;-1;34;SMDHC;Secretaria Municipal de Direitos Humanos e Cidadania;10;Gabinete do Secretário;14;Direitos da Cidadania;243;Assistência à Criança e ao Adolescente;4019;Proteção a Crianças e Adolescentes;2157;Administração dos Conselhos Tutelares;CT;Conselho Tutelar;CT - Administração;3;Despesas Correntes;3;Outras Despesas Correntes;90;Aplicações Diretas;36;Locação de Imóveis;33903600;00.1.500.9001;Recursos não vinculados de Impostos;0;Locação de Imóveis;1;Outros Serviços de Terceiros - Pessoa Física;34.10.14.243.4019.2157.33903600.00.1.500.9001;56000.0;0.0;56000.0;7000.0;7000.0;0.0;;500;9001;1;02/03/2026 09:48:50;;00;34;33903600;Contratação PF;2157;UNI;"Locação do imóvel destinado ao Conselho Tutelar Aricanduva - Período de: janeiro/2026 a agosto/2026 - Exercício 2026 - Principal
";1;56000.0
01;PREFEITURA DO MUNICÍPIO DE SÃO PAULO;8982;9152;2026;1;26/01/2026 00:00:00;6074.2021/0007826-4;24854959800;CIBELE PEREIRA COSTA;-1;-1;34;SMDHC;Secretaria Municipal de Direitos Humanos e Cidadania;10;Gabinete do Secretário;14;Direitos da Cidadania;243;Assistência à Criança e ao Adolescente;4019;Proteção a Crianças e Adolescentes;2157;Administração dos Conselhos Tutelares;CT;Conselho Tutelar;CT - Administração;3;Despesas Correntes;3;Outras Despesas Correntes;90;Aplicações Diretas;36;Locação de Imóveis;33903600;00.1.500.9001;Recursos não vinculados de Impostos;0;Locação de Imóveis;1;Outros Serviços de Terceiros - Pessoa Física;34.10.14.243.4019.2157.33903600.00.1.500.9001;10632.96;0.0;10632.96;1329.12;1329.12;0.0;;500;9001;1;02/03/2026 09:48:50;;00;34;33903600;Contratação PF;2157;UNI;"Locação do imóvel destinado ao Conselho Tutelar Aricanduva - Período de: janeiro/2026 a agosto/2026 - Exercício 2026 - Reajuste
";1;10632.96
01;PREFEITURA DO MUNICÍPIO DE SÃO PAULO;8983;9163;2026;1;26/01/2026 00:00:00;6074.2021/0007826-4;24854959800;CIBELE PEREIRA COSTA;-1;-1;34;SMDHC;Secretaria Municipal de Direitos Humanos e Cidadania;10;Gabinete do Secretário;14;Direitos da Cidadania;243;Assistência à Criança e ao Adolescente;4019;Proteção a Crianças e Adolescentes;2157;Administração dos Conselhos Tutelares;CT;Conselho Tutelar;CT - Administração;3;Despesas Correntes;3;Outras Despesas Correntes;90;Aplicações Diretas;36;Locação de Imóveis;33903600;00.1.500.9001;Recursos não vinculados de Impostos;0;Despesas com Reembolso;1;Outros Serviços de Terceiros - Pessoa Física;34.10.14.243.4019.2157.33903600.00.1.500.9001;7963.7;0.0;7963.7;0.0;0.0;0.0;;500;9001;1;02/03/2026 09:48:50;;00;34;33903600;Contratação PF;2157;UNI;"Locação do imóvel destinado ao Conselho Tutelar Aricanduva - Exercício 2026 - IPTU
";1;7963.7
01;PREFEITURA DO MUNICÍPIO DE SÃO PAULO;8980;9186;2026;1;26/01/2026 00:00:00;6040.2017/0000039-4;05746142816;GERSON RIBEIRO DE OLIVEIRA JUNIOR;-1;-1;34;SMDHC;Secretaria Municipal de Direitos Humanos e Cidadania;10;Gabinete do Secretário;14;Direitos da Cidadania;243;Assistência à Criança e ao Adolescente;4019;Proteção a Crianças e Adolescentes;2157;Administração dos Conselhos Tutelares;CT;Conselho Tutelar;CT - Administração;3;Despesas Correntes;3;Outras Despesas Correntes;90;Aplicações Diretas;36;Locação de Imóveis;33903600;00.1.500.9001;Recursos não vinculados de Impostos;0;Despesas com Reembolso;1;Outros Serviços de Terceiros - Pessoa Física;34.10.14.243.4019.2157.33903600.00.1.500.9001;5199.8;0.0;5199.8;0.0;0.0;0.0;;500;9001;1;02/03/2026 09:48:50;;00;34;33903600;Contratação PF;2157;uni;Locação do imóvel destinado ao Conselho Tutelar Itaim Paulista - IPTU.;1;5199.8
01;PREFEITURA DO MUNICÍPIO DE SÃO PAULO;8978;9224;2026;1;26/01/2026 00:00:00;6074.2021/0006581-2;11778059872;MANOEL DE ARAUJO NETO;-1;-1;34;SMDHC;Secretaria Municipal de Direitos Humanos e Cidadania;10;Gabinete do Secretário;14;Direitos da Cidadania;243;Assistência à Criança e ao Adolescente;4019;Proteção a Crianças e Adolescentes;2157;Administração dos Conselhos Tutelares;CT;Conselho Tutelar;CT - Administração;3;Despesas Correntes;3;Outras Despesas Correntes;90;Aplicações Diretas;36;Locação de Imóveis;33903600;00.1.500.9001;Recursos não vinculados de Impostos;0;Despesas com Reembolso;1;Outros Serviços de Terceiros - Pessoa Física;34.10.14.243.4019.2157.33903600.00.1.500.9001;56333.33;51133.33;5200.0;5200.0;5200.0;0.0;;500;9001;1;02/03/2026 09:48:50;;00;34;33903600;Contratação PF;2157;UNI;"Locação do imóvel destinado ao Conselho Tutelar São Raphael - Exercício 2026 - Principal
";1;56333.33
01;PREFEITURA DO MUNICÍPIO DE SÃO PAULO;8978;9233;2026;1;26/01/2026 00:00:00;6074.2021/0006581-2;11778059872;MANOEL DE ARAUJO NETO;-1;-1;34;SMDHC;Secretaria Municipal de Direitos Humanos e Cidadania;10;Gabinete do Secretário;14;Direitos da Cidadania;243;Assistência à Criança e ao Adolescente;4019;Proteção a Crianças e Adolescentes;2157;Administração dos Conselhos Tutelares;CT;Conselho Tutelar;CT - Administração;3;Despesas Correntes;3;Outras Despesas Correntes;90;Aplicações Diretas;36;Locação de Imóveis;33903600;00.1.500.9001;Recursos não vinculados de Impostos;0;Locação de Imóveis;1;Outros Serviços de Terceiros - Pessoa Física;34.10.14.243.4019.2157.33903600.00.1.500.9001;10845.24;0.0;10845.24;1001.1;1001.1;0.0;;500;9001;1;02/03/2026 09:48:50;;00;34;33903600;Contratação PF;2157;UNI;"Locação do imóvel destinado ao Conselho Tutelar São Raphael - Exercício 2026 - Reajuste
";1;10845.24
01;PREFEITURA DO MUNICÍPIO DE SÃO PAULO;8978;9241;2026;1;26/01/2026 00:00:00;6074.2021/0006581-2;11778059872;MANOEL DE ARAUJO NETO;-1;-1;34;SMDHC;Secretaria Municipal de Direitos Humanos e Cidadania;10;Gabinete do Secretário;14;Direitos da Cidadania;243;Assistência à Criança e ao Adolescente;4019;Proteção a Crianças e Adolescentes;2157;Administração dos Conselhos Tutelares;CT;Conselho Tutelar;CT - Administração;3;Despesas Correntes;3;Outras Despesas Correntes;90;Aplicações Diretas;36;Locação de Imóveis;33903600;00.1.500.9001;Recursos não vinculados de Impostos;0;Despesas com Reembolso;1;Outros Serviços de Terceiros - Pessoa Física;34.10.14.243.4019.2157.33903600.00.1.500.9001;104.02;0.0;104.02;100.89;0.0;0.0;;500;9001;1;02/03/2026 09:48:50;;00;34;33903600;Contratação PF;2157;UNI;"Locação do imóvel destinado ao Conselho Tutelar São Raphael - Exercício 2026 - IPTU
";1;104.02
01;PREFEITURA DO MUNICÍPIO DE SÃO PAULO;8954;9563;2026;1;26/01/2026 00:00:00;6074.2020/0003171-1;10341298646;ALIPIO DA SILVA CORDEIRO NETO;-1;-1;34;SMDHC;Secretaria Municipal de Direitos Humanos e Cidadania;10;Gabinete do Secretário;14;Direitos da Cidadania;243;Assistência à Criança e ao Adolescente;4019;Proteção a Crianças e Adolescentes;2157;Administração dos Conselhos Tutelares;CT;Conselho Tutelar;CT - Administração;3;Despesas Correntes;3;Outras Despesas Correntes;90;Aplicações Diretas;36;Locação de Imóveis;33903600;00.1.500.9001;Recursos não vinculados de Impostos;0;Locação de Imóveis;1;Outros Serviços de Terceiros - Pessoa Física;34.10.14.243.4019.2157.33903600.00.1.500.9001;39333.33;0.0;39333.33;5000.0;5000.0;0.0;;500;9001;1;02/03/2026 09:48:50;;00;34;33903600;Contratação PF;2157;UN;Locação do imóvel destinado ao conselho tutelar Cidade Tiradentes I - Principal.;1;39333.33
01;PREFEITURA DO MUNICÍPIO DE SÃO PAULO;8979;9568;2026;1;26/01/2026 00:00:00;6074.2021/0005836-0;06530978836;PEDRO TEDI BARBOSA BRAGA;-1;-1;34;SMDHC;Secretaria Municipal de Direitos Humanos e Cidadania;10;Gabinete do Secretário;14;Direitos da Cidadania;243;Assistência à Criança e ao Adolescente;4019;Proteção a Crianças e Adolescentes;2157;Administração dos Conselhos Tutelares;CT;Conselho Tutelar;CT - Administração;3;Despesas Correntes;3;Outras Despesas Correntes;90;Aplicações Diretas;36;Locação de Imóveis;33903600;00.1.500.9001;Recursos não vinculados de Impostos;0;Locação de Imóveis;1;Outros Serviços de Terceiros - Pessoa Física;34.10.14.243.4019.2157.33903600.00.1.500.9001;34903.33;0.0;34903.33;3700.0;3700.0;0.0;;500;9001;1;02/03/2026 09:48:50;;00;34;33903600;Contratação PF;2157;und;Locação destinada às instalações do Conselho Tutelar Tremembé - Principal;1;34903.33
01;PREFEITURA DO MUNICÍPIO DE SÃO PAULO;8954;9569;2026;1;26/01/2026 00:00:00;6074.2020/0003171-1;10341298646;ALIPIO DA SILVA CORDEIRO NETO;-1;-1;34;SMDHC;Secretaria Municipal de Direitos Humanos e Cidadania;10;Gabinete do Secretário;14;Direitos da Cidadania;243;Assistência à Criança e ao Adolescente;4019;Proteção a Crianças e Adolescentes;2157;Administração dos Conselhos Tutelares;CT;Conselho Tutelar;CT - Administração;3;Despesas Correntes;3;Outras Despesas Correntes;90;Aplicações Diretas;36;Locação de Imóveis;33903600;00.1.500.9001;Recursos não vinculados de Impostos;0;Locação de Imóveis;1;Outros Serviços de Terceiros - Pessoa Física;34.10.14.243.4019.2157.33903600.00.1.500.9001;8901.13;0.0;8901.13;1131.5;1131.5;0.0;;500;9001;1;02/03/2026 09:48:50;;00;34;33903600;Contratação PF;2157;UN;Locação do imóvel destinado ao conselho tutelar Cidade Tiradentes I - Reajuste.;1;8901.13
01;PREFEITURA DO MUNICÍPIO DE SÃO PAULO;8958;9581;2026;1;26/01/2026 00:00:00;6074.2020/0003171-1;10341298646;ALIPIO DA SILVA CORDEIRO NETO;-1;-1;34;SMDHC;Secretaria Municipal de Direitos Humanos e Cidadania;10;Gabinete do Secretário;14;Direitos da Cidadania;243;Assistência à Criança e ao Adolescente;4019;Proteção a Crianças e Adolescentes;2157;Administração dos Conselhos Tutelares;CT;Conselho Tutelar;CT - Administração;3;Despesas Correntes;3;Outras Despesas Correntes;90;Aplicações Diretas;47;Impostos;33904700;00.1.500.9001;Recursos não vinculados de Impostos;0;IPTU;0;Obrigações Tributárias e Contributivas;34.10.14.243.4019.2157.33904700.00.1.500.9001;195.66;0.0;195.66;65.22;65.22;0.0;;500;9001;1;02/03/2026 09:48:50;;00;34;33904700;Obrigações Tributárias e Contributivas;2157;UN;IPTU - Locação Cidade Tiradentes I.;1;195.66
01;PREFEITURA DO MUNICÍPIO DE SÃO PAULO;8968;9606;2026;1;26/01/2026 00:00:00;6074.2022/0001381-4;24882669811;RENATA SAVARINO LEVENHAGEN;-1;-1;34;SMDHC;Secretaria Municipal de Direitos Humanos e Cidadania;10;Gabinete do Secretário;14;Direitos da Cidadania;243;Assistência à Criança e ao Adolescente;4019;Proteção a Crianças e Adolescentes;2157;Administração dos Conselhos Tutelares;CT;Conselho Tutelar;CT - Administração;3;Despesas Correntes;3;Outras Despesas Correntes;90;Aplicações Diretas;36;Locação de Imóveis;33903600;00.1.500.9001;Recursos não vinculados de Impostos;0;Locação de Imóveis;1;Outros Serviços de Terceiros - Pessoa Física;34.10.14.243.4019.2157.33903600.00.1.500.9001;6200.0;0.0;6200.0;2000.0;2000.0;0.0;;500;9001;1;02/03/2026 09:48:50;;00;34;33903600;Contratação PF;2157;UN;Locação de Imóvel - Conselho Tutelar Cidade Ademar - Principal.;1;6200.0
01;PREFEITURA DO MUNICÍPIO DE SÃO PAULO;8968;9609;2026;1;26/01/2026 00:00:00;6074.2022/0001381-4;24882669811;RENATA SAVARINO LEVENHAGEN;-1;-1;34;SMDHC;Secretaria Municipal de Direitos Humanos e Cidadania;10;Gabinete do Secretário;14;Direitos da Cidadania;243;Assistência à Criança e ao Adolescente;4019;Proteção a Crianças e Adolescentes;2157;Administração dos Conselhos Tutelares;CT;Conselho Tutelar;CT - Administração;3;Despesas Correntes;3;Outras Despesas Correntes;90;Aplicações Diretas;36;Locação de Imóveis;33903600;00.1.500.9001;Recursos não vinculados de Impostos;0;Locação de Imóveis;1;Outros Serviços de Terceiros - Pessoa Física;34.10.14.243.4019.2157.33903600.00.1.500.9001;837.62;0.0;837.62;270.2;270.2;0.0;;500;9001;1;02/03/2026 09:48:50;;00;34;33903600;Contratação PF;2157;UN;Locação de Imóvel - Conselho Tutelar Cidade Ademar - Reajuste.;1;837.62
01;PREFEITURA DO MUNICÍPIO DE SÃO PAULO;8969;9611;2026;1;26/01/2026 00:00:00;6074.2022/0005957-1;16664644819;RICARDO SAVARINO LEVENHAGEN;-1;-1;34;SMDHC;Secretaria Municipal de Direitos Humanos e Cidadania;10;Gabinete do Secretário;14;Direitos da Cidadania;243;Assistência à Criança e ao Adolescente;4019;Proteção a Crianças e Adolescentes;2157;Administração dos Conselhos Tutelares;CT;Conselho Tutelar;CT - Administração;3;Despesas Correntes;3;Outras Despesas Correntes;90;Aplicações Diretas;36;Locação de Imóveis;33903600;00.1.500.9001;Recursos não vinculados de Impostos;0;Locação de Imóveis;1;Outros Serviços de Terceiros - Pessoa Física;34.10.14.243.4019.2157.33903600.00.1.500.9001;6200.0;6200.0;0.0;0.0;0.0;0.0;;500;9001;1;02/03/2026 09:48:50;;00;34;33903600;Contratação PF;2157;UN;Locação de Imóvel - Conselho Tutelar Cidade Ademar - Principal.;1;6200.0
01;PREFEITURA DO MUNICÍPIO DE SÃO PAULO;8969;9615;2026;1;26/01/2026 00:00:00;6074.2022/0005957-1;16664644819;RICARDO SAVARINO LEVENHAGEN;-1;-1;34;SMDHC;Secretaria Municipal de Direitos Humanos e Cidadania;10;Gabinete do Secretário;14;Direitos da Cidadania;243;Assistência à Criança e ao Adolescente;4019;Proteção a Crianças e Adolescentes;2157;Administração dos Conselhos Tutelares;CT;Conselho Tutelar;CT - Administração;3;Despesas Correntes;3;Outras Despesas Correntes;90;Aplicações Diretas;36;Locação de Imóveis;33903600;00.1.500.9001;Recursos não vinculados de Impostos;0;Locação de Imóveis;1;Outros Serviços de Terceiros - Pessoa Física;34.10.14.243.4019.2157.33903600.00.1.500.9001;837.62;837.62;0.0;0.0;0.0;0.0;;500;9001;1;02/03/2026 09:48:50;;00;34;33903600;Contratação PF;2157;UN;Locação de Imóvel - Conselho Tutelar Cidade Ademar - Reajuste.;1;837.62
01;PREFEITURA DO MUNICÍPIO DE SÃO PAULO;8979;9618;2026;1;26/01/2026 00:00:00;6074.2021/0005836-0;06530978836;PEDRO TEDI BARBOSA BRAGA;-1;-1;34;SMDHC;Secretaria Municipal de Direitos Humanos e Cidadania;10;Gabinete do Secretário;14;Direitos da Cidadania;243;Assistência à Criança e ao Adolescente;4019;Proteção a Crianças e Adolescentes;2157;Administração dos Conselhos Tutelares;CT;Conselho Tutelar;CT - Administração;3;Despesas Correntes;3;Outras Despesas Correntes;90;Aplicações Diretas;36;Locação de Imóveis;33903600;00.1.500.9001;Recursos não vinculados de Impostos;0;Locação de Imóveis;1;Outros Serviços de Terceiros - Pessoa Física;34.10.14.243.4019.2157.33903600.00.1.500.9001;5954.51;0.0;5954.51;631.22;631.22;0.0;;500;9001;1;02/03/2026 09:48:50;;00;34;33903600;Contratação PF;2157;und;Locação destinada às instalações do Conselho Tutelar Tremembé - Reajuste -Até 13/10/26;1;5954.51
01;PREFEITURA DO MUNICÍPIO DE SÃO PAULO;8968;9623;2026;1;26/01/2026 00:00:00;6074.2022/0001381-4;16664644819;RICARDO SAVARINO LEVENHAGEN;-1;-1;34;SMDHC;Secretaria Municipal de Direitos Humanos e Cidadania;10;Gabinete do Secretário;14;Direitos da Cidadania;243;Assistência à Criança e ao Adolescente;4019;Proteção a Crianças e Adolescentes;2157;Administração dos Conselhos Tutelares;CT;Conselho Tutelar;CT - Administração;3;Despesas Correntes;3;Outras Despesas Correntes;90;Aplicações Diretas;36;Locação de Imóveis;33903600;00.1.500.9001;Recursos não vinculados de Impostos;0;Locação de Imóveis;1;Outros Serviços de Terceiros - Pessoa Física;34.10.14.243.4019.2157.33903600.00.1.500.9001;6200.0;0.0;6200.0;2000.0;2000.0;0.0;;500;9001;1;02/03/2026 09:48:50;;00;34;33903600;Contratação PF;2157;UN;Locação de Imóvel - Conselho Tutelar Cidade Ademar - Principal.;1;6200.0
01;PREFEITURA DO MUNICÍPIO DE SÃO PAULO;8968;9626;2026;1;26/01/2026 00:00:00;6074.2022/0001381-4;16664644819;RICARDO SAVARINO LEVENHAGEN;-1;-1;34;SMDHC;Secretaria Municipal de Direitos Humanos e Cidadania;10;Gabinete do Secretário;14;Direitos da Cidadania;243;Assistência à Criança e ao Adolescente;4019;Proteção a Crianças e Adolescentes;2157;Administração dos Conselhos Tutelares;CT;Conselho Tutelar;CT - Administração;3;Despesas Correntes;3;Outras Despesas Correntes;90;Aplicações Diretas;36;Locação de Imóveis;33903600;00.1.500.9001;Recursos não vinculados de Impostos;0;Locação de Imóveis;1;Outros Serviços de Terceiros - Pessoa Física;34.10.14.243.4019.2157.33903600.00.1.500.9001;837.62;0.0;837.62;270.2;270.2;0.0;;500;9001;1;02/03/2026 09:48:50;;00;34;33903600;Contratação PF;2157;UN;Locação de Imóvel - Conselho Tutelar Cidade Ademar - Reajuste.;1;837.62
01;PREFEITURA DO MUNICÍPIO DE SÃO PAULO;8979;9629;2026;1;26/01/2026 00:00:00;6074.2021/0005836-0;06530978836;PEDRO TEDI BARBOSA BRAGA;-1;-1;34;SMDHC;Secretaria Municipal de Direitos Humanos e Cidadania;10;Gabinete do Secretário;14;Direitos da Cidadania;243;Assistência à Criança e ao Adolescente;4019;Proteção a Crianças e Adolescentes;2157;Administração dos Conselhos Tutelares;CT;Conselho Tutelar;CT - Administração;3;Despesas Correntes;3;Outras Despesas Correntes;90;Aplicações Diretas;36;Locação de Imóveis;33903600;00.1.500.9001;Recursos não vinculados de Impostos;0;Despesas com Reembolso;1;Outros Serviços de Terceiros - Pessoa Física;34.10.14.243.4019.2157.33903600.00.1.500.9001;1099.7;0.0;1099.7;0.0;0.0;0.0;;500;9001;1;02/03/2026 09:48:50;;00;34;33903600;Contratação PF;2157;und;"Reembolso IPTU /2026 CT TREMEMBÉ
";1;1099.7
01;PREFEITURA DO MUNICÍPIO DE SÃO PAULO;8968;9631;2026;1;26/01/2026 00:00:00;6074.2022/0001381-4;16410034806;RONALDO SAVARINO LEVENHAGEN;-1;-1;34;SMDHC;Secretaria Municipal de Direitos Humanos e Cidadania;10;Gabinete do Secretário;14;Direitos da Cidadania;243;Assistência à Criança e ao Adolescente;4019;Proteção a Crianças e Adolescentes;2157;Administração dos Conselhos Tutelares;CT;Conselho Tutelar;CT - Administração;3;Despesas Correntes;3;Outras Despesas Correntes;90;Aplicações Diretas;36;Locação de Imóveis;33903600;00.1.500.9001;Recursos não vinculados de Impostos;0;Locação de Imóveis;1;Outros Serviços de Terceiros - Pessoa Física;34.10.14.243.4019.2157.33903600.00.1.500.9001;6200.0;0.0;6200.0;2000.0;2000.0;0.0;;500;9001;1;02/03/2026 09:48:51;;00;34;33903600;Contratação PF;2157;UN;Locação de Imóvel - Conselho Tutelar Cidade Ademar - Principal.;1;6200.0
01;PREFEITURA DO MUNICÍPIO DE SÃO PAULO;8968;9633;2026;1;26/01/2026 00:00:00;6074.2022/0001381-4;16410034806;RONALDO SAVARINO LEVENHAGEN;-1;-1;34;SMDHC;Secretaria Municipal de Direitos Humanos e Cidadania;10;Gabinete do Secretário;14;Direitos da Cidadania;243;Assistência à Criança e ao Adolescente;4019;Proteção a Crianças e Adolescentes;2157;Administração dos Conselhos Tutelares;CT;Conselho Tutelar;CT - Administração;3;Despesas Correntes;3;Outras Despesas Correntes;90;Aplicações Diretas;36;Locação de Imóveis;33903600;00.1.500.9001;Recursos não vinculados de Impostos;0;Locação de Imóveis;1;Outros Serviços de Terceiros - Pessoa Física;34.10.14.243.4019.2157.33903600.00.1.500.9001;837.62;0.0;837.62;270.2;270.2;0.0;;500;9001;1;02/03/2026 09:48:51;;00;34;33903600;Contratação PF;2157;UN;Locação de Imóvel - Conselho Tutelar Cidade Ademar - Reajuste.;1;837.62
01;PREFEITURA DO MUNICÍPIO DE SÃO PAULO;9796;9709;2026;1;26/01/2026 00:00:00;6074.2025/0000481-0;32454370000195;GRUPO JKM ALIMENTACAO LTDA;1139;2025;34;SMDHC;Secretaria Municipal de Direitos Humanos e Cidadania;10;Gabinete do Secretário;14;Direitos da Cidadania;422;Direitos Individuais, Coletivos e Difusos;4018;Assistência e Proteção Sociais;4321;Políticas, Programas e Ações para a População em Situação de Rua;CPPSR;População em Situação de Rua;CPPSR - Políticas;3;Despesas Correntes;3;Outras Despesas Correntes;90;Aplicações Diretas;39;Fornecimento de Alimentação;33903900;00.1.500.9001;Recursos não vinculados de Impostos;9;Refeições Prontas;4;Outros Serviços de Terceiros - Pessoa Jurídica;34.10.14.422.4018.4321.33903900.00.1.500.9001;5495750.0;5495750.0;0.0;0.0;0.0;0.0;;500;9001;1;02/03/2026 09:48:51;;00;34;33903900;Contratação PJ com Fins Lucrativos;4321;UND;Termo de Contrato nº 002/SMDHC/2025 - Altas Temperaturas - Estimado 445.000 Unidades;445000;12.35
01;PREFEITURA DO MUNICÍPIO DE SÃO PAULO;9796;9710;2026;1;26/01/2026 00:00:00;6074.2025/0000481-0;32454370000195;GRUPO JKM ALIMENTACAO LTDA;1139;2025;34;SMDHC;Secretaria Municipal de Direitos Humanos e Cidadania;10;Gabinete do Secretário;14;Direitos da Cidadania;422;Direitos Individuais, Coletivos e Difusos;4018;Assistência e Proteção Sociais;4321;Políticas, Programas e Ações para a População em Situação de Rua;CPPSR;População em Situação de Rua;CPPSR - Políticas;3;Despesas Correntes;3;Outras Despesas Correntes;90;Aplicações Diretas;39;Fornecimento de Alimentação;33903900;00.1.500.9001;Recursos não vinculados de Impostos;9;Refeições Prontas;4;Outros Serviços de Terceiros - Pessoa Jurídica;34.10.14.422.4018.4321.33903900.00.1.500.9001;999991.85;0.0;999991.85;761377.5;761377.5;0.0;;500;9001;1;02/03/2026 09:48:51;;00;34;33903900;Contratação PJ com Fins Lucrativos;4321;UND;Termo de Contrato nº 002/SMDHC/2025 - Altas Temperaturas - Estimado 80.971 - até 26/01/2026;80971;12.35
01;PREFEITURA DO MUNICÍPIO DE SÃO PAULO;9796;9711;2026;1;26/01/2026 00:00:00;6074.2025/0000481-0;32454370000195;GRUPO JKM ALIMENTACAO LTDA;1139;2025;34;SMDHC;Secretaria Municipal de Direitos Humanos e Cidadania;10;Gabinete do Secretário;14;Direitos da Cidadania;422;Direitos Individuais, Coletivos e Difusos;4018;Assistência e Proteção Sociais;4321;Políticas, Programas e Ações para a População em Situação de Rua;CPPSR;População em Situação de Rua;CPPSR - Políticas;3;Despesas Correntes;3;Outras Despesas Correntes;90;Aplicações Diretas;39;Fornecimento de Alimentação;33903900;00.1.500.9001;Recursos não vinculados de Impostos;9;Refeições Prontas;4;Outros Serviços de Terceiros - Pessoa Jurídica;34.10.14.422.4018.4321.33903900.00.1.500.9001;4495758.15;0.0;4495758.15;0.0;0.0;0.0;;500;9001;1;02/03/2026 09:48:51;;00;34;33903900;Contratação PJ com Fins Lucrativos;4321;UND;Termo de Contrato nº 002/SMDHC/2025 - Altas Temperaturas - Estimado 364.029 - a partir de  27/01/2026;364029;12.35
01;PREFEITURA DO MUNICÍPIO DE SÃO PAULO;8984;9728;2026;1;27/01/2026 00:00:00;6074.2025/0006315-9;09363970809;ALEXANDRE ABBATEPAULO;-1;-1;34;SMDHC;Secretaria Municipal de Direitos Humanos e Cidadania;10;Gabinete do Secretário;14;Direitos da Cidadania;243;Assistência à Criança e ao Adolescente;4019;Proteção a Crianças e Adolescentes;2157;Administração dos Conselhos Tutelares;CT;Conselho Tutelar;CT - Administração;3;Despesas Correntes;3;Outras Despesas Correntes;90;Aplicações Diretas;36;Locação de Imóveis;33903600;00.1.500.9001;Recursos não vinculados de Impostos;0;Locação de Imóveis;1;Outros Serviços de Terceiros - Pessoa Física;34.10.14.243.4019.2157.33903600.00.1.500.9001;34800.0;0.0;34800.0;2900.0;2900.0;0.0;;500;9001;1;02/03/2026 09:48:51;;00;34;33903600;Contratação PF;2157;UND; Locação do imóvel para sedear o Conselho Tutelar de Campo Limpo.;12;2900.0
01;PREFEITURA DO MUNICÍPIO DE SÃO PAULO;8984;9730;2026;1;27/01/2026 00:00:00;6074.2025/0006315-9;17648329816;ANA PAULA MESSORE CARPINELLI;-1;-1;34;SMDHC;Secretaria Municipal de Direitos Humanos e Cidadania;10;Gabinete do Secretário;14;Direitos da Cidadania;243;Assistência à Criança e ao Adolescente;4019;Proteção a Crianças e Adolescentes;2157;Administração dos Conselhos Tutelares;CT;Conselho Tutelar;CT - Administração;3;Despesas Correntes;3;Outras Despesas Correntes;90;Aplicações Diretas;36;Locação de Imóveis;33903600;00.1.500.9001;Recursos não vinculados de Impostos;0;Locação de Imóveis;1;Outros Serviços de Terceiros - Pessoa Física;34.10.14.243.4019.2157.33903600.00.1.500.9001;34800.0;0.0;34800.0;2900.0;2900.0;0.0;;500;9001;1;02/03/2026 09:48:51;;00;34;33903600;Contratação PF;2157;UND;Locação do imóvel para sedear o Conselho Tutelar de Campo Limpo.;12;2900.0
01;PREFEITURA DO MUNICÍPIO DE SÃO PAULO;8986;9732;2026;1;27/01/2026 00:00:00;6074.2025/0002658-0;45573188860;JACQUELINE PEREIRA DE MORAES;-1;-1;34;SMDHC;Secretaria Municipal de Direitos Humanos e Cidadania;10;Gabinete do Secretário;14;Direitos da Cidadania;243;Assistência à Criança e ao Adolescente;4019;Proteção a Crianças e Adolescentes;2157;Administração dos Conselhos Tutelares;CT;Conselho Tutelar;CT - Administração;3;Despesas Correntes;3;Outras Despesas Correntes;90;Aplicações Diretas;36;Locação de Imóveis;33903600;00.1.500.9001;Recursos não vinculados de Impostos;0;Locação de Imóveis;1;Outros Serviços de Terceiros - Pessoa Física;34.10.14.243.4019.2157.33903600.00.1.500.9001;17966.72;17966.72;0.0;0.0;0.0;0.0;;500;9001;1;02/03/2026 09:48:51;;00;34;33903600;Contratação PF;2157;und;Locação do imóvel para sedear o Conselho Tutelar de Perus -Até 21/08/26;1;17966.72
01;PREFEITURA DO MUNICÍPIO DE SÃO PAULO;8984;9738;2026;1;27/01/2026 00:00:00;6074.2025/0006315-9;09363970809;ALEXANDRE ABBATEPAULO;-1;-1;34;SMDHC;Secretaria Municipal de Direitos Humanos e Cidadania;10;Gabinete do Secretário;14;Direitos da Cidadania;243;Assistência à Criança e ao Adolescente;4019;Proteção a Crianças e Adolescentes;2157;Administração dos Conselhos Tutelares;CT;Conselho Tutelar;CT - Administração;3;Despesas Correntes;3;Outras Despesas Correntes;90;Aplicações Diretas;36;Locação de Imóveis;33903600;00.1.500.9001;Recursos não vinculados de Impostos;0;Despesas com Reembolso;1;Outros Serviços de Terceiros - Pessoa Física;34.10.14.243.4019.2157.33903600.00.1.500.9001;5759.5;0.0;5759.5;575.95;575.95;0.0;;500;9001;1;02/03/2026 09:48:51;;00;34;33903600;Contratação PF;2157;UND;Imóvel para sedear o Conselho Tutelar de Campo Limpo IPTU/2025 - Reembolso.;10;575.95
01;PREFEITURA DO MUNICÍPIO DE SÃO PAULO;8986;9740;2026;1;27/01/2026 00:00:00;6074.2025/0002658-0;33334008800;JOSIANI PEREIRA DE MORAES;-1;-1;34;SMDHC;Secretaria Municipal de Direitos Humanos e Cidadania;10;Gabinete do Secretário;14;Direitos da Cidadania;243;Assistência à Criança e ao Adolescente;4019;Proteção a Crianças e Adolescentes;2157;Administração dos Conselhos Tutelares;CT;Conselho Tutelar;CT - Administração;3;Despesas Correntes;3;Outras Despesas Correntes;90;Aplicações Diretas;36;Locação de Imóveis;33903600;00.1.500.9001;Recursos não vinculados de Impostos;0;Locação de Imóveis;1;Outros Serviços de Terceiros - Pessoa Física;34.10.14.243.4019.2157.33903600.00.1.500.9001;17966.64;0.0;17966.64;2333.33;2333.33;0.0;;500;9001;1;02/03/2026 09:48:51;;00;34;33903600;Contratação PF;2157;und;"Locação do imóvel situado na Rua Embaixador Alexandre Conti nº 536 CEP 05208-240, Vila Nova - Perus - São Paulo, para sedear
o Conselho Tutelar de Perus.
";1;17966.64
01;PREFEITURA DO MUNICÍPIO DE SÃO PAULO;8986;9747;2026;1;27/01/2026 00:00:00;6074.2025/0002658-0;45573188860;JACQUELINE PEREIRA DE MORAES;-1;-1;34;SMDHC;Secretaria Municipal de Direitos Humanos e Cidadania;10;Gabinete do Secretário;14;Direitos da Cidadania;243;Assistência à Criança e ao Adolescente;4019;Proteção a Crianças e Adolescentes;2157;Administração dos Conselhos Tutelares;CT;Conselho Tutelar;CT - Administração;3;Despesas Correntes;3;Outras Despesas Correntes;90;Aplicações Diretas;36;Locação de Imóveis;33903600;00.1.500.9001;Recursos não vinculados de Impostos;0;Locação de Imóveis;1;Outros Serviços de Terceiros - Pessoa Física;34.10.14.243.4019.2157.33903600.00.1.500.9001;17966.72;0.0;17966.72;2333.34;2333.34;0.0;;500;9001;1;02/03/2026 09:48:51;;00;34;33903600;Contratação PF;2157;und;Locação do imóvel para sedear o Conselho Tutelar de Perus -Até 21/08/26;1;17966.72
01;PREFEITURA DO MUNICÍPIO DE SÃO PAULO;8986;9750;2026;1;27/01/2026 00:00:00;6074.2025/0002658-0;29439976845;VIVIAN MORAES ABITE;-1;-1;34;SMDHC;Secretaria Municipal de Direitos Humanos e Cidadania;10;Gabinete do Secretário;14;Direitos da Cidadania;243;Assistência à Criança e ao Adolescente;4019;Proteção a Crianças e Adolescentes;2157;Administração dos Conselhos Tutelares;CT;Conselho Tutelar;CT - Administração;3;Despesas Correntes;3;Outras Despesas Correntes;90;Aplicações Diretas;36;Locação de Imóveis;33903600;00.1.500.9001;Recursos não vinculados de Impostos;0;Locação de Imóveis;1;Outros Serviços de Terceiros - Pessoa Física;34.10.14.243.4019.2157.33903600.00.1.500.9001;17966.64;0.0;17966.64;2333.33;2333.33;0.0;;500;9001;1;02/03/2026 09:48:51;;00;34;33903600;Contratação PF;2157;und;Locação do imóvel para sedear o Conselho Tutelar de Perus -Até 21/08/26;1;17966.64
01;PREFEITURA DO MUNICÍPIO DE SÃO PAULO;8986;9754;2026;1;27/01/2026 00:00:00;6074.2025/0002658-0;45573188860;JACQUELINE PEREIRA DE MORAES;-1;-1;34;SMDHC;Secretaria Municipal de Direitos Humanos e Cidadania;10;Gabinete do Secretário;14;Direitos da Cidadania;243;Assistência à Criança e ao Adolescente;4019;Proteção a Crianças e Adolescentes;2157;Administração dos Conselhos Tutelares;CT;Conselho Tutelar;CT - Administração;3;Despesas Correntes;3;Outras Despesas Correntes;90;Aplicações Diretas;36;Locação de Imóveis;33903600;00.1.500.9001;Recursos não vinculados de Impostos;0;Despesas com Reembolso;1;Outros Serviços de Terceiros - Pessoa Física;34.10.14.243.4019.2157.33903600.00.1.500.9001;345.54;0.0;345.54;0.0;0.0;0.0;;500;9001;1;02/03/2026 09:48:51;;00;34;33903600;Contratação PF;2157;und;Locação do imóvel para sedear o Conselho Tutelar de Perus IPTU/2026;1;345.54
01;PREFEITURA DO MUNICÍPIO DE SÃO PAULO;5989;9793;2026;1;27/01/2026 00:00:00;6074.2021/0006581-2;16479207874;VALTER CASTRO ARAUJO;-1;-1;34;SMDHC;Secretaria Municipal de Direitos Humanos e Cidadania;10;Gabinete do Secretário;14;Direitos da Cidadania;243;Assistência à Criança e ao Adolescente;4019;Proteção a Crianças e Adolescentes;2157;Administração dos Conselhos Tutelares;CT;Conselho Tutelar;CT - Administração;3;Despesas Correntes;3;Outras Despesas Correntes;90;Aplicações Diretas;36;Locação de Imóveis;33903600;00.1.500.9001;Recursos não vinculados de Impostos;0;Despesas com Reembolso;1;Outros Serviços de Terceiros - Pessoa Física;34.10.14.243.4019.2157.33903600.00.1.500.9001;100.95;0.0;100.95;100.95;100.95;0.0;;500;9001;1;02/03/2026 09:48:51;;00;34;33903600;Contratação PF;2157;UNI;"Seguro Contra Incêndio - Conselho Tutelar ""São Rafael"" - Contrato 338/SMDHC/2021, com Vigência a partir das 24 horas do dia 01/12/2025 até as 24h do dia 01/12/2026";1;100.95
01;PREFEITURA DO MUNICÍPIO DE SÃO PAULO;8986;9803;2026;1;27/01/2026 00:00:00;6074.2025/0002658-0;33334008800;JOSIANI PEREIRA DE MORAES;-1;-1;34;SMDHC;Secretaria Municipal de Direitos Humanos e Cidadania;10;Gabinete do Secretário;14;Direitos da Cidadania;243;Assistência à Criança e ao Adolescente;4019;Proteção a Crianças e Adolescentes;2157;Administração dos Conselhos Tutelares;CT;Conselho Tutelar;CT - Administração;3;Despesas Correntes;3;Outras Despesas Correntes;90;Aplicações Diretas;36;Locação de Imóveis;33903600;00.1.500.9001;Recursos não vinculados de Impostos;0;Despesas com Reembolso;1;Outros Serviços de Terceiros - Pessoa Física;34.10.14.243.4019.2157.33903600.00.1.500.9001;345.53;0.0;345.53;0.0;0.0;0.0;;500;9001;1;02/03/2026 09:48:51;;00;34;33903600;Contratação PF;2157;und;Locação do imóvel para sedear o Conselho Tutelar de Perus IPTU/2026;1;345.53
01;PREFEITURA DO MUNICÍPIO DE SÃO PAULO;8986;9807;2026;1;27/01/2026 00:00:00;6074.2025/0002658-0;29439976845;VIVIAN MORAES ABITE;-1;-1;34;SMDHC;Secretaria Municipal de Direitos Humanos e Cidadania;10;Gabinete do Secretário;14;Direitos da Cidadania;243;Assistência à Criança e ao Adolescente;4019;Proteção a Crianças e Adolescentes;2157;Administração dos Conselhos Tutelares;CT;Conselho Tutelar;CT - Administração;3;Despesas Correntes;3;Outras Despesas Correntes;90;Aplicações Diretas;36;Locação de Imóveis;33903600;00.1.500.9001;Recursos não vinculados de Impostos;0;Despesas com Reembolso;1;Outros Serviços de Terceiros - Pessoa Física;34.10.14.243.4019.2157.33903600.00.1.500.9001;345.53;0.0;345.53;0.0;0.0;0.0;;500;9001;1;02/03/2026 09:48:51;;00;34;33903600;Contratação PF;2157;und;Locação do imóvel para sedear o Conselho Tutelar de Perus IPTU/2026;1;345.53
01;PREFEITURA DO MUNICÍPIO DE SÃO PAULO;9929;9906;2026;1;27/01/2026 00:00:00;6074.2023/0001921-0;20213607000167;LNX TRAVEL VIAGENS E TURISMO LTDA;6548;2023;34;SMDHC;Secretaria Municipal de Direitos Humanos e Cidadania;10;Gabinete do Secretário;14;Direitos da Cidadania;122;Administração Geral;4001;Suporte Administrativo;2100;Administração da Unidade;ADM;Administração;ADM;3;Despesas Correntes;3;Outras Despesas Correntes;90;Aplicações Diretas;33;Passagens para o País;33903300;00.1.500.9001;Recursos não vinculados de Impostos;0;Passagens Aéreas;0;Passagens e Despesas com Locomoção;34.10.14.122.4001.2100.33903300.00.1.500.9001;20000.0;0.0;20000.0;11257.26;11257.26;0.0;;500;9001;1;02/03/2026 09:48:51;;00;34;33903300;Passagens e despesas com locomoção;2100;UND;Serviços de agenciamento de passagens aéreas nacionais, mediante disponibilização de sistema de gestão de viagens corporativas - SEDE (Retroativo).;1;20000.0
01;PREFEITURA DO MUNICÍPIO DE SÃO PAULO;122;9924;2026;1;27/01/2026 00:00:00;6074.2023/0001921-0;20213607000167;LNX TRAVEL VIAGENS E TURISMO LTDA;6548;2023;34;SMDHC;Secretaria Municipal de Direitos Humanos e Cidadania;10;Gabinete do Secretário;14;Direitos da Cidadania;243;Assistência à Criança e ao Adolescente;4019;Proteção a Crianças e Adolescentes;2157;Administração dos Conselhos Tutelares;CT;Conselho Tutelar;CT - Administração;3;Despesas Correntes;3;Outras Despesas Correntes;90;Aplicações Diretas;33;Passagens para o País;33903300;00.1.500.9001;Recursos não vinculados de Impostos;0;Passagens Aéreas;0;Passagens e Despesas com Locomoção;34.10.14.243.4019.2157.33903300.00.1.500.9001;20000.0;0.0;20000.0;0.0;0.0;0.0;;500;9001;1;02/03/2026 09:48:51;;00;34;33903300;Passagens e despesas com locomoção;2157;UND;Passagens Aéreas Nacionais - CT (Prorrogação - 28/03).;1;20000.0
01;PREFEITURA DO MUNICÍPIO DE SÃO PAULO;118;9929;2026;1;27/01/2026 00:00:00;6074.2023/0001921-0;20213607000167;LNX TRAVEL VIAGENS E TURISMO LTDA;6548;2023;34;SMDHC;Secretaria Municipal de Direitos Humanos e Cidadania;10;Gabinete do Secretário;14;Direitos da Cidadania;122;Administração Geral;4001;Suporte Administrativo;2100;Administração da Unidade;ADM;Administração;ADM;3;Despesas Correntes;3;Outras Despesas Correntes;90;Aplicações Diretas;33;Passagens para o País;33903300;00.1.500.9001;Recursos não vinculados de Impostos;0;Passagens Aéreas;0;Passagens e Despesas com Locomoção;34.10.14.122.4001.2100.33903300.00.1.500.9001;100000.0;0.0;100000.0;0.0;0.0;0.0;;500;9001;1;02/03/2026 09:48:51;;00;34;33903300;Passagens e despesas com locomoção;2100;UND;Passagens Aéreas Nacionais - SEDE (Prorrogação - 28/03).;1;100000.0
01;PREFEITURA DO MUNICÍPIO DE SÃO PAULO;8976;9940;2026;1;27/01/2026 00:00:00;6074.2021/0001410-0;80800416872;ELZA LUCAS HIPOLIDI;-1;-1;34;SMDHC;Secretaria Municipal de Direitos Humanos e Cidadania;10;Gabinete do Secretário;14;Direitos da Cidadania;243;Assistência à Criança e ao Adolescente;4019;Proteção a Crianças e Adolescentes;2157;Administração dos Conselhos Tutelares;CT;Conselho Tutelar;CT - Administração;3;Despesas Correntes;3;Outras Despesas Correntes;90;Aplicações Diretas;36;Locação de Imóveis;33903600;00.1.500.9001;Recursos não vinculados de Impostos;0;Locação de Imóveis;1;Outros Serviços de Terceiros - Pessoa Física;34.10.14.243.4019.2157.33903600.00.1.500.9001;17903.33;0.0;17903.33;4100.0;4100.0;0.0;;500;9001;1;02/03/2026 09:48:51;;00;34;33903600;Contratação PF;2157;und;Locação Conselho Tutelar Sacomã - Principal;1;17903.33
01;PREFEITURA DO MUNICÍPIO DE SÃO PAULO;8976;9977;2026;1;27/01/2026 00:00:00;6074.2021/0001410-0;80800416872;ELZA LUCAS HIPOLIDI;-1;-1;34;SMDHC;Secretaria Municipal de Direitos Humanos e Cidadania;10;Gabinete do Secretário;14;Direitos da Cidadania;243;Assistência à Criança e ao Adolescente;4019;Proteção a Crianças e Adolescentes;2157;Administração dos Conselhos Tutelares;CT;Conselho Tutelar;CT - Administração;3;Despesas Correntes;3;Outras Despesas Correntes;90;Aplicações Diretas;36;Locação de Imóveis;33903600;00.1.500.9001;Recursos não vinculados de Impostos;0;Locação de Imóveis;1;Outros Serviços de Terceiros - Pessoa Física;34.10.14.243.4019.2157.33903600.00.1.500.9001;4380.95;0.0;4380.95;1003.27;1003.27;0.0;;500;9001;1;02/03/2026 09:48:51;;00;34;33903600;Contratação PF;2157;und;Locação Conselho Tutelar Sacomã - Reajuste;1;4380.95
01;PREFEITURA DO MUNICÍPIO DE SÃO PAULO;8976;9992;2026;1;27/01/2026 00:00:00;6074.2021/0001410-0;80800416872;ELZA LUCAS HIPOLIDI;-1;-1;34;SMDHC;Secretaria Municipal de Direitos Humanos e Cidadania;10;Gabinete do Secretário;14;Direitos da Cidadania;243;Assistência à Criança e ao Adolescente;4019;Proteção a Crianças e Adolescentes;2157;Administração dos Conselhos Tutelares;CT;Conselho Tutelar;CT - Administração;3;Despesas Correntes;3;Outras Despesas Correntes;90;Aplicações Diretas;36;Locação de Imóveis;33903600;00.1.500.9001;Recursos não vinculados de Impostos;0;Despesas com Reembolso;1;Outros Serviços de Terceiros - Pessoa Física;34.10.14.243.4019.2157.33903600.00.1.500.9001;1616.81;0.0;1616.81;0.0;0.0;0.0;;500;9001;1;02/03/2026 09:48:51;;00;34;33903600;Contratação PF;2157;und;Locação Conselho Tutelar Sacomã IPTU/2026;1;1616.81
01;PREFEITURA DO MUNICÍPIO DE SÃO PAULO;8968;10002;2026;1;27/01/2026 00:00:00;6074.2022/0001381-4;16664644819;RICARDO SAVARINO LEVENHAGEN;-1;-1;34;SMDHC;Secretaria Municipal de Direitos Humanos e Cidadania;10;Gabinete do Secretário;14;Direitos da Cidadania;243;Assistência à Criança e ao Adolescente;4019;Proteção a Crianças e Adolescentes;2157;Administração dos Conselhos Tutelares;CT;Conselho Tutelar;CT - Administração;3;Despesas Correntes;3;Outras Despesas Correntes;90;Aplicações Diretas;36;Locação de Imóveis;33903600;00.1.500.9001;Recursos não vinculados de Impostos;0;Despesas com Reembolso;1;Outros Serviços de Terceiros - Pessoa Física;34.10.14.243.4019.2157.33903600.00.1.500.9001;9358.8;0.0;9358.8;0.0;0.0;0.0;;500;9001;1;02/03/2026 09:48:51;;00;34;33903600;Contratação PF;2157;UN;Locação destinada às instalações do Conselho Tutelar Cidade Ademar - Reembolso IPTU 2026.;1;9358.8
01;PREFEITURA DO MUNICÍPIO DE SÃO PAULO;8950;10057;2026;1;27/01/2026 00:00:00;6074.2020/0003745-0;63098180000106;ESCRITORIO IMOBILIARIO ALMEIDA  FLORES LTDA;-1;-1;34;SMDHC;Secretaria Municipal de Direitos Humanos e Cidadania;10;Gabinete do Secretário;14;Direitos da Cidadania;243;Assistência à Criança e ao Adolescente;4019;Proteção a Crianças e Adolescentes;2157;Administração dos Conselhos Tutelares;CT;Conselho Tutelar;CT - Administração;3;Despesas Correntes;3;Outras Despesas Correntes;90;Aplicações Diretas;39;Locação de Imóveis;33903900;00.1.500.9001;Recursos não vinculados de Impostos;0;Locação de Imóveis;1;Outros Serviços de Terceiros - Pessoa Jurídica;34.10.14.243.4019.2157.33903900.00.1.500.9001;31150.0;0.0;31150.0;3500.0;3500.0;0.0;;500;9001;1;02/03/2026 09:48:51;;00;34;33903900;Contratação PJ com Fins Lucrativos;2157;und;Locação Conselho Tutelar Pirituba - a partir do dia 28/09/2025;1;31150.0
01;PREFEITURA DO MUNICÍPIO DE SÃO PAULO;8950;10070;2026;1;27/01/2026 00:00:00;6074.2020/0003745-0;63098180000106;ESCRITORIO IMOBILIARIO ALMEIDA  FLORES LTDA;-1;-1;34;SMDHC;Secretaria Municipal de Direitos Humanos e Cidadania;10;Gabinete do Secretário;14;Direitos da Cidadania;243;Assistência à Criança e ao Adolescente;4019;Proteção a Crianças e Adolescentes;2157;Administração dos Conselhos Tutelares;CT;Conselho Tutelar;CT - Administração;3;Despesas Correntes;3;Outras Despesas Correntes;90;Aplicações Diretas;39;Locação de Imóveis;33903900;00.1.500.9001;Recursos não vinculados de Impostos;0;Despesas com Reembolso;1;Outros Serviços de Terceiros - Pessoa Jurídica;34.10.14.243.4019.2157.33903900.00.1.500.9001;6572.65;6572.65;0.0;0.0;0.0;0.0;;500;9001;1;02/03/2026 09:48:51;;00;34;33903900;Contratação PJ com Fins Lucrativos;2157;und;Locação Conselho Tutelar Pirituba - Reajuste;1;6572.65
01;PREFEITURA DO MUNICÍPIO DE SÃO PAULO;8950;10088;2026;1;27/01/2026 00:00:00;6074.2020/0003745-0;63098180000106;ESCRITORIO IMOBILIARIO ALMEIDA  FLORES LTDA;-1;-1;34;SMDHC;Secretaria Municipal de Direitos Humanos e Cidadania;10;Gabinete do Secretário;14;Direitos da Cidadania;243;Assistência à Criança e ao Adolescente;4019;Proteção a Crianças e Adolescentes;2157;Administração dos Conselhos Tutelares;CT;Conselho Tutelar;CT - Administração;3;Despesas Correntes;3;Outras Despesas Correntes;90;Aplicações Diretas;39;Locação de Imóveis;33903900;00.1.500.9001;Recursos não vinculados de Impostos;0;Locação de Imóveis;1;Outros Serviços de Terceiros - Pessoa Jurídica;34.10.14.243.4019.2157.33903900.00.1.500.9001;6572.65;0.0;6572.65;738.5;738.5;0.0;;500;9001;1;02/03/2026 09:48:51;;00;34;33903900;Contratação PJ com Fins Lucrativos;2157;und;Locação Conselho Tutelar Pirituba Reajuste;1;6572.65
01;PREFEITURA DO MUNICÍPIO DE SÃO PAULO;8950;10137;2026;1;27/01/2026 00:00:00;6074.2020/0003745-0;63098180000106;ESCRITORIO IMOBILIARIO ALMEIDA  FLORES LTDA;-1;-1;34;SMDHC;Secretaria Municipal de Direitos Humanos e Cidadania;10;Gabinete do Secretário;14;Direitos da Cidadania;243;Assistência à Criança e ao Adolescente;4019;Proteção a Crianças e Adolescentes;2157;Administração dos Conselhos Tutelares;CT;Conselho Tutelar;CT - Administração;3;Despesas Correntes;3;Outras Despesas Correntes;90;Aplicações Diretas;39;Locação de Imóveis;33903900;00.1.500.9001;Recursos não vinculados de Impostos;0;Despesas com Reembolso;1;Outros Serviços de Terceiros - Pessoa Jurídica;34.10.14.243.4019.2157.33903900.00.1.500.9001;3942.4;0.0;3942.4;0.0;0.0;0.0;;500;9001;1;02/03/2026 09:48:51;;00;34;33903900;Contratação PJ com Fins Lucrativos;2157;und;Locação Conselho Tutelar Pirituba IPTU/2026;1;3942.4
01;PREFEITURA DO MUNICÍPIO DE SÃO PAULO;10098;10142;2026;1;27/01/2026 00:00:00;6074.2023/0007898-5;02928443000172;CENTRO DE INTEGRACAO ASSISTENCIAL E PROFISSIONAL SAO PATRICIO CIAP SAO PATRICIO;29524;2023;34;SMDHC;Secretaria Municipal de Direitos Humanos e Cidadania;10;Gabinete do Secretário;14;Direitos da Cidadania;422;Direitos Individuais, Coletivos e Difusos;4025;Políticas para Mulheres;6178;Manutenção e Operação de Equipamentos Públicos Voltados ao Atendimento;CPM;Mulheres;CPM - Equipamentos;3;Despesas Correntes;3;Outras Despesas Correntes;50;Transferências a Instituições Privadas sem Fins Lucrativos;39;Serviços de Assistência Social;33503900;00.1.500.9001;Recursos não vinculados de Impostos;2;Outras Despesas;5;Outros Serviços de Terceiros - Pessoa Jurídica;34.10.14.422.4025.6178.33503900.00.1.500.9001;556054.25;0.0;556054.25;185351.4;123567.6;0.0;;500;9001;1;02/03/2026 09:48:51;;00;34;33503900;Contratação PJ sem Fins Lucrativos;6178;UN;TCL/053/2023/SMDHC/CPM;1;556054.25
01;PREFEITURA DO MUNICÍPIO DE SÃO PAULO;10098;10146;2026;1;27/01/2026 00:00:00;6074.2023/0007898-5;02928443000172;CENTRO DE INTEGRACAO ASSISTENCIAL E PROFISSIONAL SAO PATRICIO CIAP SAO PATRICIO;29524;2023;34;SMDHC;Secretaria Municipal de Direitos Humanos e Cidadania;10;Gabinete do Secretário;14;Direitos da Cidadania;422;Direitos Individuais, Coletivos e Difusos;4025;Políticas para Mulheres;6178;Manutenção e Operação de Equipamentos Públicos Voltados ao Atendimento;CPM;Mulheres;CPM - Equipamentos;3;Despesas Correntes;3;Outras Despesas Correntes;50;Transferências a Instituições Privadas sem Fins Lucrativos;39;Serviços de Assistência Social;33503900;00.1.500.9001;Recursos não vinculados de Impostos;2;Remuneração de Pessoal;5;Outros Serviços de Terceiros - Pessoa Jurídica;34.10.14.422.4025.6178.33503900.00.1.500.9001;787135.99;0.0;787135.99;262378.65;161955.8;0.0;;500;9001;1;02/03/2026 09:48:51;;00;34;33503900;Contratação PJ sem Fins Lucrativos;6178;UN;TCL/053/2023/SMDHC/CPM;1;787135.99
01;PREFEITURA DO MUNICÍPIO DE SÃO PAULO;10136;10162;2026;1;27/01/2026 00:00:00;6074.2023/0007896-9;03816478000182;INSTITUTO VIDA SAO PAULO;30130;2023;34;SMDHC;Secretaria Municipal de Direitos Humanos e Cidadania;10;Gabinete do Secretário;14;Direitos da Cidadania;422;Direitos Individuais, Coletivos e Difusos;4025;Políticas para Mulheres;6178;Manutenção e Operação de Equipamentos Públicos Voltados ao Atendimento;CPM;Mulheres;CPM - Equipamentos;3;Despesas Correntes;3;Outras Despesas Correntes;50;Transferências a Instituições Privadas sem Fins Lucrativos;39;Serviços de Assistência Social;33503900;00.1.500.9001;Recursos não vinculados de Impostos;2;Outras Despesas;5;Outros Serviços de Terceiros - Pessoa Jurídica;34.10.14.422.4025.6178.33503900.00.1.500.9001;387383.11;0.0;387383.11;129127.7;129127.7;0.0;;500;9001;1;02/03/2026 09:48:51;;00;34;33503900;Contratação PJ sem Fins Lucrativos;6178;UN;TCL/051/2023/SMDHC/CPM;1;387383.11
01;PREFEITURA DO MUNICÍPIO DE SÃO PAULO;10136;10165;2026;1;27/01/2026 00:00:00;6074.2023/0007896-9;03816478000182;INSTITUTO VIDA SAO PAULO;30130;2023;34;SMDHC;Secretaria Municipal de Direitos Humanos e Cidadania;10;Gabinete do Secretário;14;Direitos da Cidadania;422;Direitos Individuais, Coletivos e Difusos;4025;Políticas para Mulheres;6178;Manutenção e Operação de Equipamentos Públicos Voltados ao Atendimento;CPM;Mulheres;CPM - Equipamentos;3;Despesas Correntes;3;Outras Despesas Correntes;50;Transferências a Instituições Privadas sem Fins Lucrativos;39;Serviços de Assistência Social;33503900;00.1.500.9001;Recursos não vinculados de Impostos;2;Remuneração de Pessoal;5;Outros Serviços de Terceiros - Pessoa Jurídica;34.10.14.422.4025.6178.33503900.00.1.500.9001;614455.5;0.0;614455.5;204818.5;204818.5;0.0;;500;9001;1;02/03/2026 09:48:51;;00;34;33503900;Contratação PJ sem Fins Lucrativos;6178;UN;TCL/051/2023/SMDHC/CPM;1;614455.5
01;PREFEITURA DO MUNICÍPIO DE SÃO PAULO;8946;10179;2026;1;27/01/2026 00:00:00;6074.2022/0002438-7;44459371000705;PROVINCIA CARMELITANA FLUMINENSE;-1;-1;34;SMDHC;Secretaria Municipal de Direitos Humanos e Cidadania;10;Gabinete do Secretário;14;Direitos da Cidadania;243;Assistência à Criança e ao Adolescente;4019;Proteção a Crianças e Adolescentes;2157;Administração dos Conselhos Tutelares;CT;Conselho Tutelar;CT - Administração;3;Despesas Correntes;3;Outras Despesas Correntes;90;Aplicações Diretas;39;Locação de Imóveis;33903900;00.1.500.9001;Recursos não vinculados de Impostos;0;Locação de Imóveis;1;Outros Serviços de Terceiros - Pessoa Jurídica;34.10.14.243.4019.2157.33903900.00.1.500.9001;50000.0;0.0;50000.0;6000.0;6000.0;0.0;;500;9001;1;02/03/2026 09:48:51;;00;34;33903900;Contratação PJ com Fins Lucrativos;2157;und;Locação destinada às instalações do Conselho Tutelar Bela Vista Principal ;1;50000.0
01;PREFEITURA DO MUNICÍPIO DE SÃO PAULO;10157;10187;2026;1;27/01/2026 00:00:00;6074.2023/0007897-7;57395741000136;UNIAO POPULAR DE MULHERES DE CAMPO LIMPO E ADJACÊNCIAS;29552;2023;34;SMDHC;Secretaria Municipal de Direitos Humanos e Cidadania;10;Gabinete do Secretário;14;Direitos da Cidadania;422;Direitos Individuais, Coletivos e Difusos;4025;Políticas para Mulheres;6178;Manutenção e Operação de Equipamentos Públicos Voltados ao Atendimento;CPM;Mulheres;CPM - Equipamentos;3;Despesas Correntes;3;Outras Despesas Correntes;50;Transferências a Instituições Privadas sem Fins Lucrativos;39;Serviços de Assistência Social;33503900;00.1.500.9001;Recursos não vinculados de Impostos;2;Outras Despesas;5;Outros Serviços de Terceiros - Pessoa Jurídica;34.10.14.422.4025.6178.33503900.00.1.500.9001;583319.05;0.0;583319.05;129626.45;129626.45;0.0;;500;9001;1;02/03/2026 09:48:51;;00;34;33503900;Contratação PJ sem Fins Lucrativos;6178;UN; TCL/052/2023/SMDHC/CPM;1;583319.05
01;PREFEITURA DO MUNICÍPIO DE SÃO PAULO;8946;10190;2026;1;27/01/2026 00:00:00;6074.2022/0002438-7;44459371000705;PROVINCIA CARMELITANA FLUMINENSE;-1;-1;34;SMDHC;Secretaria Municipal de Direitos Humanos e Cidadania;10;Gabinete do Secretário;14;Direitos da Cidadania;243;Assistência à Criança e ao Adolescente;4019;Proteção a Crianças e Adolescentes;2157;Administração dos Conselhos Tutelares;CT;Conselho Tutelar;CT - Administração;3;Despesas Correntes;3;Outras Despesas Correntes;90;Aplicações Diretas;39;Locação de Imóveis;33903900;00.1.500.9001;Recursos não vinculados de Impostos;0;Locação de Imóveis;1;Outros Serviços de Terceiros - Pessoa Jurídica;34.10.14.243.4019.2157.33903900.00.1.500.9001;3976.83;0.0;3976.83;477.22;477.22;0.0;;500;9001;1;02/03/2026 09:48:51;;00;34;33903900;Contratação PJ com Fins Lucrativos;2157;und;Locação destinada às instalações do Conselho Tutelar Bela Vista Reajuste;1;3976.83
01;PREFEITURA DO MUNICÍPIO DE SÃO PAULO;10157;10193;2026;1;27/01/2026 00:00:00;6074.2023/0007897-7;57395741000136;UNIAO POPULAR DE MULHERES DE CAMPO LIMPO E ADJACÊNCIAS;29552;2023;34;SMDHC;Secretaria Municipal de Direitos Humanos e Cidadania;10;Gabinete do Secretário;14;Direitos da Cidadania;422;Direitos Individuais, Coletivos e Difusos;4025;Políticas para Mulheres;6178;Manutenção e Operação de Equipamentos Públicos Voltados ao Atendimento;CPM;Mulheres;CPM - Equipamentos;3;Despesas Correntes;3;Outras Despesas Correntes;50;Transferências a Instituições Privadas sem Fins Lucrativos;39;Serviços de Assistência Social;33503900;00.1.500.9001;Recursos não vinculados de Impostos;2;Remuneração de Pessoal;5;Outros Serviços de Terceiros - Pessoa Jurídica;34.10.14.422.4025.6178.33503900.00.1.500.9001;963847.71;0.0;963847.71;201225.09;201225.09;0.0;;500;9001;1;02/03/2026 09:48:51;;00;34;33503900;Contratação PJ sem Fins Lucrativos;6178;UN;TCL/052/2023/SMDHC/CPM;1;963847.71
01;PREFEITURA DO MUNICÍPIO DE SÃO PAULO;8946;10220;2026;1;27/01/2026 00:00:00;6074.2022/0002438-7;44459371000705;PROVINCIA CARMELITANA FLUMINENSE;-1;-1;34;SMDHC;Secretaria Municipal de Direitos Humanos e Cidadania;10;Gabinete do Secretário;14;Direitos da Cidadania;243;Assistência à Criança e ao Adolescente;4019;Proteção a Crianças e Adolescentes;2157;Administração dos Conselhos Tutelares;CT;Conselho Tutelar;CT - Administração;3;Despesas Correntes;3;Outras Despesas Correntes;90;Aplicações Diretas;39;Locação de Imóveis;33903900;00.1.500.9001;Recursos não vinculados de Impostos;0;Despesas com Reembolso;1;Outros Serviços de Terceiros - Pessoa Jurídica;34.10.14.243.4019.2157.33903900.00.1.500.9001;21157.42;0.0;21157.42;2538.89;2538.89;0.0;;500;9001;1;02/03/2026 09:48:51;;00;34;33903900;Contratação PJ com Fins Lucrativos;2157;und;Locação destinada às instalações do Conselho Tutelar Bela Vista Reembolso Condomínio;1;21157.42
01;PREFEITURA DO MUNICÍPIO DE SÃO PAULO;10165;10221;2026;1;27/01/2026 00:00:00;6074.2023/0007561-7;02267807831;DENISE APARECIDA FRANCO ROCCA;-1;-1;34;SMDHC;Secretaria Municipal de Direitos Humanos e Cidadania;10;Gabinete do Secretário;14;Direitos da Cidadania;243;Assistência à Criança e ao Adolescente;4019;Proteção a Crianças e Adolescentes;2157;Administração dos Conselhos Tutelares;CT;Conselho Tutelar;CT - Administração;3;Despesas Correntes;3;Outras Despesas Correntes;90;Aplicações Diretas;36;Locação de Imóveis;33903600;00.1.500.9001;Recursos não vinculados de Impostos;0;Locação de Imóveis;1;Outros Serviços de Terceiros - Pessoa Física;34.10.14.243.4019.2157.33903600.00.1.500.9001;48000.0;0.0;48000.0;4000.0;4000.0;0.0;;500;9001;1;02/03/2026 09:48:51;;00;34;33903600;Contratação PF;2157;UND;Locação destinada às instalações do Conselho Tutelar Sé - Principal.;12;4000.0
01;PREFEITURA DO MUNICÍPIO DE SÃO PAULO;10177;10224;2026;1;27/01/2026 00:00:00;6074.2024/0006300-9;04373052000407;NUCLEO CRISTÃO CIDADANIA E VIDA;12620;2021;34;SMDHC;Secretaria Municipal de Direitos Humanos e Cidadania;10;Gabinete do Secretário;14;Direitos da Cidadania;422;Direitos Individuais, Coletivos e Difusos;4025;Políticas para Mulheres;6178;Manutenção e Operação de Equipamentos Públicos Voltados ao Atendimento;CPM;Mulheres;CPM - Equipamentos;3;Despesas Correntes;3;Outras Despesas Correntes;50;Transferências a Instituições Privadas sem Fins Lucrativos;39;Serviços de Assistência Social;33503900;00.1.500.9001;Recursos não vinculados de Impostos;2;Outras Despesas;5;Outros Serviços de Terceiros - Pessoa Jurídica;34.10.14.422.4025.6178.33503900.00.1.500.9001;119044.61;119044.61;0.0;0.0;0.0;0.0;;500;9001;1;02/03/2026 09:48:51;;00;34;33503900;Contratação PJ sem Fins Lucrativos;6178;UN;TCL/192/2021/SMADS/CPM;1;119044.61
01;PREFEITURA DO MUNICÍPIO DE SÃO PAULO;10165;10234;2026;1;27/01/2026 00:00:00;6074.2023/0007561-7;02267807831;DENISE APARECIDA FRANCO ROCCA;-1;-1;34;SMDHC;Secretaria Municipal de Direitos Humanos e Cidadania;10;Gabinete do Secretário;14;Direitos da Cidadania;243;Assistência à Criança e ao Adolescente;4019;Proteção a Crianças e Adolescentes;2157;Administração dos Conselhos Tutelares;CT;Conselho Tutelar;CT - Administração;3;Despesas Correntes;3;Outras Despesas Correntes;90;Aplicações Diretas;36;Locação de Imóveis;33903600;00.1.500.9001;Recursos não vinculados de Impostos;0;Locação de Imóveis;1;Outros Serviços de Terceiros - Pessoa Física;34.10.14.243.4019.2157.33903600.00.1.500.9001;4205.76;0.0;4205.76;189.2;189.2;0.0;;500;9001;1;02/03/2026 09:48:51;;00;34;33903600;Contratação PF;2157;UND;Locação destinada às instalações do Conselho Tutelar Sé - Reajuste.;12;350.48
01;PREFEITURA DO MUNICÍPIO DE SÃO PAULO;8987;10265;2026;1;27/01/2026 00:00:00;6074.2023/0007561-7;02267807831;DENISE APARECIDA FRANCO ROCCA;-1;-1;34;SMDHC;Secretaria Municipal de Direitos Humanos e Cidadania;10;Gabinete do Secretário;14;Direitos da Cidadania;243;Assistência à Criança e ao Adolescente;4019;Proteção a Crianças e Adolescentes;2157;Administração dos Conselhos Tutelares;CT;Conselho Tutelar;CT - Administração;3;Despesas Correntes;3;Outras Despesas Correntes;90;Aplicações Diretas;36;Locação de Imóveis;33903600;00.1.500.9001;Recursos não vinculados de Impostos;0;Despesas com Reembolso;1;Outros Serviços de Terceiros - Pessoa Física;34.10.14.243.4019.2157.33903600.00.1.500.9001;27154.44;0.0;27154.44;2262.87;2262.87;0.0;;500;9001;1;02/03/2026 09:48:51;;00;34;33903600;Contratação PF;2157;UND;Locação destinada às instalações do Conselho Tutelar Sé - Reembolso Condomínio.;12;2262.87
01;PREFEITURA DO MUNICÍPIO DE SÃO PAULO;10199;10275;2026;1;27/01/2026 00:00:00;6074.2019/0000239-6;57395741000136;UNIAO POPULAR DE MULHERES DE CAMPO LIMPO E ADJACÊNCIAS;28935;2016;34;SMDHC;Secretaria Municipal de Direitos Humanos e Cidadania;10;Gabinete do Secretário;14;Direitos da Cidadania;422;Direitos Individuais, Coletivos e Difusos;4025;Políticas para Mulheres;6178;Manutenção e Operação de Equipamentos Públicos Voltados ao Atendimento;CPM;Mulheres;CPM - Equipamentos;3;Despesas Correntes;3;Outras Despesas Correntes;50;Transferências a Instituições Privadas sem Fins Lucrativos;39;Serviços de Assistência Social;33503900;00.1.500.9001;Recursos não vinculados de Impostos;2;Outras Despesas;5;Outros Serviços de Terceiros - Pessoa Jurídica;34.10.14.422.4025.6178.33503900.00.1.500.9001;517800.0;0.0;517800.0;103560.0;103560.0;0.0;;500;9001;1;02/03/2026 09:48:51;;00;34;33503900;Contratação PJ sem Fins Lucrativos;6178;UN;TCL/003/SMPM/2016;1;517800.0
01;PREFEITURA DO MUNICÍPIO DE SÃO PAULO;10199;10279;2026;1;27/01/2026 00:00:00;6074.2019/0000239-6;57395741000136;UNIAO POPULAR DE MULHERES DE CAMPO LIMPO E ADJACÊNCIAS;28935;2016;34;SMDHC;Secretaria Municipal de Direitos Humanos e Cidadania;10;Gabinete do Secretário;14;Direitos da Cidadania;422;Direitos Individuais, Coletivos e Difusos;4025;Políticas para Mulheres;6178;Manutenção e Operação de Equipamentos Públicos Voltados ao Atendimento;CPM;Mulheres;CPM - Equipamentos;3;Despesas Correntes;3;Outras Despesas Correntes;50;Transferências a Instituições Privadas sem Fins Lucrativos;39;Serviços de Assistência Social;33503900;00.1.500.9001;Recursos não vinculados de Impostos;2;Remuneração de Pessoal;5;Outros Serviços de Terceiros - Pessoa Jurídica;34.10.14.422.4025.6178.33503900.00.1.500.9001;1354624.47;0.0;1354624.47;265946.62;265946.62;0.0;;500;9001;1;02/03/2026 09:48:51;;00;34;33503900;Contratação PJ sem Fins Lucrativos;6178;UN;TCL/003/SMPM/2016;1;1354624.47
01;PREFEITURA DO MUNICÍPIO DE SÃO PAULO;8989;10286;2026;1;27/01/2026 00:00:00;6074.2023/0007561-7;02267807831;DENISE APARECIDA FRANCO ROCCA;-1;-1;34;SMDHC;Secretaria Municipal de Direitos Humanos e Cidadania;10;Gabinete do Secretário;14;Direitos da Cidadania;243;Assistência à Criança e ao Adolescente;4019;Proteção a Crianças e Adolescentes;2157;Administração dos Conselhos Tutelares;CT;Conselho Tutelar;CT - Administração;3;Despesas Correntes;3;Outras Despesas Correntes;90;Aplicações Diretas;36;Locação de Imóveis;33903600;00.1.500.9001;Recursos não vinculados de Impostos;0;Despesas com Reembolso;1;Outros Serviços de Terceiros - Pessoa Física;34.10.14.243.4019.2157.33903600.00.1.500.9001;1024.4;0.0;1024.4;0.0;0.0;0.0;;500;9001;1;02/03/2026 09:48:51;;00;34;33903600;Contratação PF;2157;UND;Locação destinada às instalações do Conselho Tutelar Sé - Reembolso IPTU 2026.;10;102.44
01;PREFEITURA DO MUNICÍPIO DE SÃO PAULO;10222;10331;2026;1;27/01/2026 00:00:00;6074.2024/0009544-0;02928443000172;CENTRO DE INTEGRACAO ASSISTENCIAL E PROFISSIONAL SAO PATRICIO CIAP SAO PATRICIO;22022;2021;34;SMDHC;Secretaria Municipal de Direitos Humanos e Cidadania;10;Gabinete do Secretário;14;Direitos da Cidadania;422;Direitos Individuais, Coletivos e Difusos;4025;Políticas para Mulheres;6178;Manutenção e Operação de Equipamentos Públicos Voltados ao Atendimento;CPM;Mulheres;CPM - Equipamentos;3;Despesas Correntes;3;Outras Despesas Correntes;50;Transferências a Instituições Privadas sem Fins Lucrativos;39;Serviços de Assistência Social;33503900;00.1.500.9001;Recursos não vinculados de Impostos;2;Outras Despesas;5;Outros Serviços de Terceiros - Pessoa Jurídica;34.10.14.422.4025.6178.33503900.00.1.500.9001;185850.28;0.0;185850.28;74340.1;0.0;0.0;;500;9001;1;02/03/2026 09:48:51;;00;34;33503900;Contratação PJ sem Fins Lucrativos;6178;UN;TCL/301/SMADS/2021;1;185850.28
01;PREFEITURA DO MUNICÍPIO DE SÃO PAULO;10222;10333;2026;1;27/01/2026 00:00:00;6074.2024/0009544-0;02928443000172;CENTRO DE INTEGRACAO ASSISTENCIAL E PROFISSIONAL SAO PATRICIO CIAP SAO PATRICIO;22022;2021;34;SMDHC;Secretaria Municipal de Direitos Humanos e Cidadania;10;Gabinete do Secretário;14;Direitos da Cidadania;422;Direitos Individuais, Coletivos e Difusos;4025;Políticas para Mulheres;6178;Manutenção e Operação de Equipamentos Públicos Voltados ao Atendimento;CPM;Mulheres;CPM - Equipamentos;3;Despesas Correntes;3;Outras Despesas Correntes;50;Transferências a Instituições Privadas sem Fins Lucrativos;39;Serviços de Assistência Social;33503900;00.1.500.9001;Recursos não vinculados de Impostos;2;Remuneração de Pessoal;5;Outros Serviços de Terceiros - Pessoa Jurídica;34.10.14.422.4025.6178.33503900.00.1.500.9001;334715.45;0.0;334715.45;28331.99;0.0;0.0;;500;9001;1;02/03/2026 09:48:51;;00;34;33503900;Contratação PJ sem Fins Lucrativos;6178;UN;TCL/301/SMADS/2021;1;334715.45
01;PREFEITURA DO MUNICÍPIO DE SÃO PAULO;10292;10430;2026;1;27/01/2026 00:00:00;6074.2024/0006444-7;62661251000174;FUNDACAO FRANCISCA FRANCO;1549;2022;34;SMDHC;Secretaria Municipal de Direitos Humanos e Cidadania;10;Gabinete do Secretário;14;Direitos da Cidadania;422;Direitos Individuais, Coletivos e Difusos;4025;Políticas para Mulheres;6178;Manutenção e Operação de Equipamentos Públicos Voltados ao Atendimento;CPM;Mulheres;CPM - Equipamentos;3;Despesas Correntes;3;Outras Despesas Correntes;50;Transferências a Instituições Privadas sem Fins Lucrativos;39;Serviços de Assistência Social;33503900;00.1.500.9001;Recursos não vinculados de Impostos;2;Outras Despesas;5;Outros Serviços de Terceiros - Pessoa Jurídica;34.10.14.422.4025.6178.33503900.00.1.500.9001;235722.34;235722.34;0.0;0.0;0.0;0.0;;500;9001;1;02/03/2026 09:48:51;;00;34;33503900;Contratação PJ sem Fins Lucrativos;6178;UN;TCL/029/2022/SMADS/CPM;1;235722.34
01;PREFEITURA DO MUNICÍPIO DE SÃO PAULO;10309;10445;2026;1;27/01/2026 00:00:00;6074.2024/0007398-5;60731569000159;SOCIEDADE SANTOS MARTIRES;6428;2023;34;SMDHC;Secretaria Municipal de Direitos Humanos e Cidadania;10;Gabinete do Secretário;14;Direitos da Cidadania;422;Direitos Individuais, Coletivos e Difusos;4025;Políticas para Mulheres;6178;Manutenção e Operação de Equipamentos Públicos Voltados ao Atendimento;CPM;Mulheres;CPM - Equipamentos;3;Despesas Correntes;3;Outras Despesas Correntes;50;Transferências a Instituições Privadas sem Fins Lucrativos;39;Serviços de Assistência Social;33503900;00.1.500.9001;Recursos não vinculados de Impostos;2;Outras Despesas;5;Outros Serviços de Terceiros - Pessoa Jurídica;34.10.14.422.4025.6178.33503900.00.1.500.9001;73623.48;0.0;73623.48;12270.58;12270.58;0.0;;500;9001;1;02/03/2026 09:48:51;;00;34;33503900;Contratação PJ sem Fins Lucrativos;6178;UN;TCL/075/2023/SMADS/CPM;1;73623.48
01;PREFEITURA DO MUNICÍPIO DE SÃO PAULO;10309;10449;2026;1;27/01/2026 00:00:00;6074.2024/0007398-5;60731569000159;SOCIEDADE SANTOS MARTIRES;6428;2023;34;SMDHC;Secretaria Municipal de Direitos Humanos e Cidadania;10;Gabinete do Secretário;14;Direitos da Cidadania;422;Direitos Individuais, Coletivos e Difusos;4025;Políticas para Mulheres;6178;Manutenção e Operação de Equipamentos Públicos Voltados ao Atendimento;CPM;Mulheres;CPM - Equipamentos;3;Despesas Correntes;3;Outras Despesas Correntes;50;Transferências a Instituições Privadas sem Fins Lucrativos;39;Serviços de Assistência Social;33503900;00.1.500.9001;Recursos não vinculados de Impostos;2;Remuneração de Pessoal;5;Outros Serviços de Terceiros - Pessoa Jurídica;34.10.14.422.4025.6178.33503900.00.1.500.9001;433394.84;0.0;433394.84;70444.47;70444.47;0.0;;500;9001;1;02/03/2026 09:48:51;;00;34;33503900;Contratação PJ sem Fins Lucrativos;6178;UN;TCL/075/2023/SMADS/CPM;1;433394.84
01;PREFEITURA DO MUNICÍPIO DE SÃO PAULO;10422;10700;2026;1;27/01/2026 00:00:00;6074.2024/0008971-7;01014623000186;AVIB ASSOCIACAO DE VOLUNTARIOS INTEGRADOS NO BRASIL;29926;2023;34;SMDHC;Secretaria Municipal de Direitos Humanos e Cidadania;10;Gabinete do Secretário;14;Direitos da Cidadania;422;Direitos Individuais, Coletivos e Difusos;4025;Políticas para Mulheres;6178;Manutenção e Operação de Equipamentos Públicos Voltados ao Atendimento;CPM;Mulheres;CPM - Equipamentos;3;Despesas Correntes;3;Outras Despesas Correntes;50;Transferências a Instituições Privadas sem Fins Lucrativos;39;Serviços de Assistência Social;33503900;00.1.500.9001;Recursos não vinculados de Impostos;2;Outras Despesas;5;Outros Serviços de Terceiros - Pessoa Jurídica;34.10.14.422.4025.6178.33503900.00.1.500.9001;216979.2;0.0;216979.2;36163.2;36163.2;0.0;;500;9001;1;02/03/2026 09:48:51;;00;34;33503900;Contratação PJ sem Fins Lucrativos;6178;UN;TCL/503/2023/SMADS/CPM;1;216979.2
01;PREFEITURA DO MUNICÍPIO DE SÃO PAULO;10422;10708;2026;1;27/01/2026 00:00:00;6074.2024/0008971-7;01014623000186;AVIB ASSOCIACAO DE VOLUNTARIOS INTEGRADOS NO BRASIL;29926;2023;34;SMDHC;Secretaria Municipal de Direitos Humanos e Cidadania;10;Gabinete do Secretário;14;Direitos da Cidadania;422;Direitos Individuais, Coletivos e Difusos;4025;Políticas para Mulheres;6178;Manutenção e Operação de Equipamentos Públicos Voltados ao Atendimento;CPM;Mulheres;CPM - Equipamentos;3;Despesas Correntes;3;Outras Despesas Correntes;50;Transferências a Instituições Privadas sem Fins Lucrativos;39;Serviços de Assistência Social;33503900;00.1.500.9001;Recursos não vinculados de Impostos;2;Remuneração de Pessoal;5;Outros Serviços de Terceiros - Pessoa Jurídica;34.10.14.422.4025.6178.33503900.00.1.500.9001;421815.77;0.0;421815.77;68421.03;68421.03;0.0;;500;9001;1;02/03/2026 09:48:51;;00;34;33503900;Contratação PJ sem Fins Lucrativos;6178;UN;TCL/503/2023/SMADS/CPM;1;421815.77
01;PREFEITURA DO MUNICÍPIO DE SÃO PAULO;10448;10727;2026;1;27/01/2026 00:00:00;6074.2024/0008975-0;01014623000186;AVIB ASSOCIACAO DE VOLUNTARIOS INTEGRADOS NO BRASIL;11478;2024;34;SMDHC;Secretaria Municipal de Direitos Humanos e Cidadania;10;Gabinete do Secretário;14;Direitos da Cidadania;422;Direitos Individuais, Coletivos e Difusos;4025;Políticas para Mulheres;6178;Manutenção e Operação de Equipamentos Públicos Voltados ao Atendimento;CPM;Mulheres;CPM - Equipamentos;3;Despesas Correntes;3;Outras Despesas Correntes;50;Transferências a Instituições Privadas sem Fins Lucrativos;39;Serviços de Assistência Social;33503900;00.1.500.9001;Recursos não vinculados de Impostos;2;Outras Despesas;5;Outros Serviços de Terceiros - Pessoa Jurídica;34.10.14.422.4025.6178.33503900.00.1.500.9001;156842.51;0.0;156842.51;52280.83;26140.42;0.0;;500;9001;1;02/03/2026 09:48:52;;00;34;33503900;Contratação PJ sem Fins Lucrativos;6178;UN;TCL/130/SMADS/2024;1;156842.51
01;PREFEITURA DO MUNICÍPIO DE SÃO PAULO;10448;10729;2026;1;27/01/2026 00:00:00;6074.2024/0008975-0;01014623000186;AVIB ASSOCIACAO DE VOLUNTARIOS INTEGRADOS NO BRASIL;11478;2024;34;SMDHC;Secretaria Municipal de Direitos Humanos e Cidadania;10;Gabinete do Secretário;14;Direitos da Cidadania;422;Direitos Individuais, Coletivos e Difusos;4025;Políticas para Mulheres;6178;Manutenção e Operação de Equipamentos Públicos Voltados ao Atendimento;CPM;Mulheres;CPM - Equipamentos;3;Despesas Correntes;3;Outras Despesas Correntes;50;Transferências a Instituições Privadas sem Fins Lucrativos;39;Serviços de Assistência Social;33503900;00.1.500.9001;Recursos não vinculados de Impostos;2;Remuneração de Pessoal;5;Outros Serviços de Terceiros - Pessoa Jurídica;34.10.14.422.4025.6178.33503900.00.1.500.9001;420731.84;0.0;420731.84;136490.46;68245.23;0.0;;500;9001;1;02/03/2026 09:48:52;;00;34;33503900;Contratação PJ sem Fins Lucrativos;6178;UN;TCL/130/2024/SMADS/CPM;1;420731.84
01;PREFEITURA DO MUNICÍPIO DE SÃO PAULO;10470;10746;2026;1;27/01/2026 00:00:00;6074.2024/0009547-4;57395741000136;UNIAO POPULAR DE MULHERES DE CAMPO LIMPO E ADJACÊNCIAS;34464;2023;34;SMDHC;Secretaria Municipal de Direitos Humanos e Cidadania;10;Gabinete do Secretário;14;Direitos da Cidadania;422;Direitos Individuais, Coletivos e Difusos;4025;Políticas para Mulheres;6178;Manutenção e Operação de Equipamentos Públicos Voltados ao Atendimento;CPM;Mulheres;CPM - Equipamentos;3;Despesas Correntes;3;Outras Despesas Correntes;50;Transferências a Instituições Privadas sem Fins Lucrativos;39;Serviços de Assistência Social;33503900;00.1.500.9001;Recursos não vinculados de Impostos;2;Outras Despesas;5;Outros Serviços de Terceiros - Pessoa Jurídica;34.10.14.422.4025.6178.33503900.00.1.500.9001;181502.76;0.0;181502.76;30250.46;30250.46;0.0;;500;9001;1;02/03/2026 09:48:52;;00;34;33503900;Contratação PJ sem Fins Lucrativos;6178;UN;TFM/566/2023/SMADS/CPM;1;181502.76
01;PREFEITURA DO MUNICÍPIO DE SÃO PAULO;10470;10751;2026;1;27/01/2026 00:00:00;6074.2024/0009547-4;57395741000136;UNIAO POPULAR DE MULHERES DE CAMPO LIMPO E ADJACÊNCIAS;34464;2023;34;SMDHC;Secretaria Municipal de Direitos Humanos e Cidadania;10;Gabinete do Secretário;14;Direitos da Cidadania;422;Direitos Individuais, Coletivos e Difusos;4025;Políticas para Mulheres;6178;Manutenção e Operação de Equipamentos Públicos Voltados ao Atendimento;CPM;Mulheres;CPM - Equipamentos;3;Despesas Correntes;3;Outras Despesas Correntes;50;Transferências a Instituições Privadas sem Fins Lucrativos;39;Serviços de Assistência Social;33503900;00.1.500.9001;Recursos não vinculados de Impostos;2;Remuneração de Pessoal;5;Outros Serviços de Terceiros - Pessoa Jurídica;34.10.14.422.4025.6178.33503900.00.1.500.9001;622931.22;0.0;622931.22;101043.18;101043.18;0.0;;500;9001;1;02/03/2026 09:48:52;;00;34;33503900;Contratação PJ sem Fins Lucrativos;6178;UN;TCL/566/2023/SMADS/CPM;1;622931.22
01;PREFEITURA DO MUNICÍPIO DE SÃO PAULO;10482;10765;2026;1;27/01/2026 00:00:00;6074.2024/0009551-2;07376674000134;GFWC CRESER;15262;2023;34;SMDHC;Secretaria Municipal de Direitos Humanos e Cidadania;10;Gabinete do Secretário;14;Direitos da Cidadania;422;Direitos Individuais, Coletivos e Difusos;4025;Políticas para Mulheres;6178;Manutenção e Operação de Equipamentos Públicos Voltados ao Atendimento;CPM;Mulheres;CPM - Equipamentos;3;Despesas Correntes;3;Outras Despesas Correntes;50;Transferências a Instituições Privadas sem Fins Lucrativos;39;Serviços de Assistência Social;33503900;00.1.500.9001;Recursos não vinculados de Impostos;2;Outras Despesas;5;Outros Serviços de Terceiros - Pessoa Jurídica;34.10.14.422.4025.6178.33503900.00.1.500.9001;156861.72;0.0;156861.72;26143.62;26143.62;0.0;;500;9001;1;02/03/2026 09:48:52;;00;34;33503900;Contratação PJ sem Fins Lucrativos;6178;UN;TCL/229/2023/SMADS/CPM;1;156861.72
01;PREFEITURA DO MUNICÍPIO DE SÃO PAULO;10482;10770;2026;1;27/01/2026 00:00:00;6074.2024/0009551-2;07376674000134;GFWC CRESER;15262;2023;34;SMDHC;Secretaria Municipal de Direitos Humanos e Cidadania;10;Gabinete do Secretário;14;Direitos da Cidadania;422;Direitos Individuais, Coletivos e Difusos;4025;Políticas para Mulheres;6178;Manutenção e Operação de Equipamentos Públicos Voltados ao Atendimento;CPM;Mulheres;CPM - Equipamentos;3;Despesas Correntes;3;Outras Despesas Correntes;50;Transferências a Instituições Privadas sem Fins Lucrativos;39;Serviços de Assistência Social;33503900;00.1.500.9001;Recursos não vinculados de Impostos;2;Remuneração de Pessoal;5;Outros Serviços de Terceiros - Pessoa Jurídica;34.10.14.422.4025.6178.33503900.00.1.500.9001;427631.12;0.0;427631.12;69087.54;69087.54;0.0;;500;9001;1;02/03/2026 09:48:52;;00;34;33503900;Contratação PJ sem Fins Lucrativos;6178;UN;TCL/229/2023/SMADS/CPM;1;427631.12
01;PREFEITURA DO MUNICÍPIO DE SÃO PAULO;10495;10791;2026;1;27/01/2026 00:00:00;6074.2024/0010220-9;38883732000140;UNAS  UNIAO DE NUCLEOS ASSOCIACOES DOS MORADORES DE HELIOPOLIS E REGIAO;38903;2023;34;SMDHC;Secretaria Municipal de Direitos Humanos e Cidadania;10;Gabinete do Secretário;14;Direitos da Cidadania;422;Direitos Individuais, Coletivos e Difusos;4025;Políticas para Mulheres;6178;Manutenção e Operação de Equipamentos Públicos Voltados ao Atendimento;CPM;Mulheres;CPM - Equipamentos;3;Despesas Correntes;3;Outras Despesas Correntes;50;Transferências a Instituições Privadas sem Fins Lucrativos;39;Serviços de Assistência Social;33503900;00.1.500.9001;Recursos não vinculados de Impostos;2;Outras Despesas;5;Outros Serviços de Terceiros - Pessoa Jurídica;34.10.14.422.4025.6178.33503900.00.1.500.9001;193430.4;0.0;193430.4;80596.0;0.0;0.0;;500;9001;1;02/03/2026 09:48:52;;00;34;33503900;Contratação PJ sem Fins Lucrativos;6178;UN;TCL/624/2023/SMADS/CPM;1;193430.4
01;PREFEITURA DO MUNICÍPIO DE SÃO PAULO;10495;10793;2026;1;27/01/2026 00:00:00;6074.2024/0010220-9;38883732000140;UNAS  UNIAO DE NUCLEOS ASSOCIACOES DOS MORADORES DE HELIOPOLIS E REGIAO;38903;2023;34;SMDHC;Secretaria Municipal de Direitos Humanos e Cidadania;10;Gabinete do Secretário;14;Direitos da Cidadania;422;Direitos Individuais, Coletivos e Difusos;4025;Políticas para Mulheres;6178;Manutenção e Operação de Equipamentos Públicos Voltados ao Atendimento;CPM;Mulheres;CPM - Equipamentos;3;Despesas Correntes;3;Outras Despesas Correntes;50;Transferências a Instituições Privadas sem Fins Lucrativos;39;Serviços de Assistência Social;33503900;00.1.500.9001;Recursos não vinculados de Impostos;2;Remuneração de Pessoal;5;Outros Serviços de Terceiros - Pessoa Jurídica;34.10.14.422.4025.6178.33503900.00.1.500.9001;393226.15;0.0;393226.15;15426.04;0.0;0.0;;500;9001;1;02/03/2026 09:48:52;;00;34;33503900;Contratação PJ sem Fins Lucrativos;6178;UN;TCL/624/2023/SMADS/CPM;1;393226.15
01;PREFEITURA DO MUNICÍPIO DE SÃO PAULO;10509;10815;2026;1;27/01/2026 00:00:00;6074.2024/0010223-3;06256776000153;ASSOCIAÇÃO FALA MULHER;14852;2019;34;SMDHC;Secretaria Municipal de Direitos Humanos e Cidadania;10;Gabinete do Secretário;14;Direitos da Cidadania;422;Direitos Individuais, Coletivos e Difusos;4025;Políticas para Mulheres;6178;Manutenção e Operação de Equipamentos Públicos Voltados ao Atendimento;CPM;Mulheres;CPM - Equipamentos;3;Despesas Correntes;3;Outras Despesas Correntes;50;Transferências a Instituições Privadas sem Fins Lucrativos;39;Serviços de Assistência Social;33503900;00.1.500.9001;Recursos não vinculados de Impostos;2;Outras Despesas;5;Outros Serviços de Terceiros - Pessoa Jurídica;34.10.14.422.4025.6178.33503900.00.1.500.9001;146195.17;0.0;146195.17;24365.86;24365.86;0.0;;500;9001;1;02/03/2026 09:48:52;;00;34;33503900;Contratação PJ sem Fins Lucrativos;6178;UN;TCL/214/2019/SMADS/CPM;1;146195.17
01;PREFEITURA DO MUNICÍPIO DE SÃO PAULO;10509;10819;2026;1;27/01/2026 00:00:00;6074.2024/0010223-3;06256776000153;ASSOCIAÇÃO FALA MULHER;14852;2019;34;SMDHC;Secretaria Municipal de Direitos Humanos e Cidadania;10;Gabinete do Secretário;14;Direitos da Cidadania;422;Direitos Individuais, Coletivos e Difusos;4025;Políticas para Mulheres;6178;Manutenção e Operação de Equipamentos Públicos Voltados ao Atendimento;CPM;Mulheres;CPM - Equipamentos;3;Despesas Correntes;3;Outras Despesas Correntes;50;Transferências a Instituições Privadas sem Fins Lucrativos;39;Serviços de Assistência Social;33503900;00.1.500.9001;Recursos não vinculados de Impostos;2;Remuneração de Pessoal;5;Outros Serviços de Terceiros - Pessoa Jurídica;34.10.14.422.4025.6178.33503900.00.1.500.9001;408766.17;0.0;408766.17;66304.34;66304.34;0.0;;500;9001;1;02/03/2026 09:48:52;;00;34;33503900;Contratação PJ sem Fins Lucrativos;6178;UN;TCL/214/2019/SMADS/CPM ;1;408766.17
01;PREFEITURA DO MUNICÍPIO DE SÃO PAULO;10522;10847;2026;1;27/01/2026 00:00:00;6074.2024/0010228-4;65887382000162;ASSOC. COMUN. E BENEF. PE JOSÉ AUGUSTO MACHADO MOREIRA;17869;2023;34;SMDHC;Secretaria Municipal de Direitos Humanos e Cidadania;10;Gabinete do Secretário;14;Direitos da Cidadania;422;Direitos Individuais, Coletivos e Difusos;4025;Políticas para Mulheres;6178;Manutenção e Operação de Equipamentos Públicos Voltados ao Atendimento;CPM;Mulheres;CPM - Equipamentos;3;Despesas Correntes;3;Outras Despesas Correntes;50;Transferências a Instituições Privadas sem Fins Lucrativos;39;Serviços de Assistência Social;33503900;00.1.500.9001;Recursos não vinculados de Impostos;2;Outras Despesas;5;Outros Serviços de Terceiros - Pessoa Jurídica;34.10.14.422.4025.6178.33503900.00.1.500.9001;90487.9;0.0;90487.9;45243.96;15081.32;0.0;;500;9001;1;02/03/2026 09:48:52;;00;34;33503900;Contratação PJ sem Fins Lucrativos;6178;UN;TCL/286/2023/SMADS/CPM;1;90487.9
01;PREFEITURA DO MUNICÍPIO DE SÃO PAULO;10522;10853;2026;1;27/01/2026 00:00:00;6074.2024/0010228-4;65887382000162;ASSOC. COMUN. E BENEF. PE JOSÉ AUGUSTO MACHADO MOREIRA;17869;2023;34;SMDHC;Secretaria Municipal de Direitos Humanos e Cidadania;10;Gabinete do Secretário;14;Direitos da Cidadania;422;Direitos Individuais, Coletivos e Difusos;4025;Políticas para Mulheres;6178;Manutenção e Operação de Equipamentos Públicos Voltados ao Atendimento;CPM;Mulheres;CPM - Equipamentos;3;Despesas Correntes;3;Outras Despesas Correntes;50;Transferências a Instituições Privadas sem Fins Lucrativos;39;Serviços de Assistência Social;33503900;00.1.500.9001;Recursos não vinculados de Impostos;2;Remuneração de Pessoal;5;Outros Serviços de Terceiros - Pessoa Jurídica;34.10.14.422.4025.6178.33503900.00.1.500.9001;506154.14;0.0;506154.14;246331.5;82110.5;0.0;;500;9001;1;02/03/2026 09:48:52;;00;34;33503900;Contratação PJ sem Fins Lucrativos;6178;UN;TCL/286/2023/SMADS/CPM;1;506154.14
01;PREFEITURA DO MUNICÍPIO DE SÃO PAULO;10531;10875;2026;1;27/01/2026 00:00:00;6074.2024/0010231-4;65887382000162;ASSOC. COMUN. E BENEF. PE JOSÉ AUGUSTO MACHADO MOREIRA;18206;2023;34;SMDHC;Secretaria Municipal de Direitos Humanos e Cidadania;10;Gabinete do Secretário;14;Direitos da Cidadania;422;Direitos Individuais, Coletivos e Difusos;4025;Políticas para Mulheres;6178;Manutenção e Operação de Equipamentos Públicos Voltados ao Atendimento;CPM;Mulheres;CPM - Equipamentos;3;Despesas Correntes;3;Outras Despesas Correntes;50;Transferências a Instituições Privadas sem Fins Lucrativos;39;Serviços de Assistência Social;33503900;00.1.500.9001;Recursos não vinculados de Impostos;2;Outras Despesas;5;Outros Serviços de Terceiros - Pessoa Jurídica;34.10.14.422.4025.6178.33503900.00.1.500.9001;162095.4;0.0;162095.4;27015.9;27015.9;0.0;;500;9001;1;02/03/2026 09:48:52;;00;34;33503900;Contratação PJ sem Fins Lucrativos;6178;UN; TCL/315/SMADS/2023;1;162095.4
01;PREFEITURA DO MUNICÍPIO DE SÃO PAULO;10531;10880;2026;1;27/01/2026 00:00:00;6074.2024/0010231-4;65887382000162;ASSOC. COMUN. E BENEF. PE JOSÉ AUGUSTO MACHADO MOREIRA;18206;2023;34;SMDHC;Secretaria Municipal de Direitos Humanos e Cidadania;10;Gabinete do Secretário;14;Direitos da Cidadania;422;Direitos Individuais, Coletivos e Difusos;4025;Políticas para Mulheres;6178;Manutenção e Operação de Equipamentos Públicos Voltados ao Atendimento;CPM;Mulheres;CPM - Equipamentos;3;Despesas Correntes;3;Outras Despesas Correntes;50;Transferências a Instituições Privadas sem Fins Lucrativos;39;Serviços de Assistência Social;33503900;00.1.500.9001;Recursos não vinculados de Impostos;2;Remuneração de Pessoal;5;Outros Serviços de Terceiros - Pessoa Jurídica;34.10.14.422.4025.6178.33503900.00.1.500.9001;514102.44;0.0;514102.44;83390.5;83390.5;0.0;;500;9001;1;02/03/2026 09:48:52;;00;34;33503900;Contratação PJ sem Fins Lucrativos;6178;UN;TCL/315/SMADS/2023;1;514102.44
01;PREFEITURA DO MUNICÍPIO DE SÃO PAULO;10537;10893;2026;1;27/01/2026 00:00:00;6074.2024/0009553-9;06256776000153;ASSOCIAÇÃO FALA MULHER;8810;2020;34;SMDHC;Secretaria Municipal de Direitos Humanos e Cidadania;10;Gabinete do Secretário;14;Direitos da Cidadania;422;Direitos Individuais, Coletivos e Difusos;4025;Políticas para Mulheres;6178;Manutenção e Operação de Equipamentos Públicos Voltados ao Atendimento;CPM;Mulheres;CPM - Equipamentos;3;Despesas Correntes;3;Outras Despesas Correntes;50;Transferências a Instituições Privadas sem Fins Lucrativos;39;Serviços de Assistência Social;33503900;00.1.500.9001;Recursos não vinculados de Impostos;2;Outras Despesas;5;Outros Serviços de Terceiros - Pessoa Jurídica;34.10.14.422.4025.6178.33503900.00.1.500.9001;180356.11;0.0;180356.11;32792.02;32792.02;0.0;;500;9001;1;02/03/2026 09:48:52;;00;34;33503900;Contratação PJ sem Fins Lucrativos;6178;UN;TCL/103/SMADS/2020;1;180356.11
01;PREFEITURA DO MUNICÍPIO DE SÃO PAULO;10537;10898;2026;1;27/01/2026 00:00:00;6074.2024/0009553-9;06256776000153;ASSOCIAÇÃO FALA MULHER;8810;2020;34;SMDHC;Secretaria Municipal de Direitos Humanos e Cidadania;10;Gabinete do Secretário;14;Direitos da Cidadania;422;Direitos Individuais, Coletivos e Difusos;4025;Políticas para Mulheres;6178;Manutenção e Operação de Equipamentos Públicos Voltados ao Atendimento;CPM;Mulheres;CPM - Equipamentos;3;Despesas Correntes;3;Outras Despesas Correntes;50;Transferências a Instituições Privadas sem Fins Lucrativos;39;Serviços de Assistência Social;33503900;00.1.500.9001;Recursos não vinculados de Impostos;2;Remuneração de Pessoal;5;Outros Serviços de Terceiros - Pessoa Jurídica;34.10.14.422.4025.6178.33503900.00.1.500.9001;372866.17;0.0;372866.17;66140.34;66140.34;0.0;;500;9001;1;02/03/2026 09:48:52;;00;34;33503900;Contratação PJ sem Fins Lucrativos;6178;UN;TCL/103/SMADS/2020;1;372866.17
01;PREFEITURA DO MUNICÍPIO DE SÃO PAULO;6168;11184;2026;1;28/01/2026 00:00:00;6074.2023/0009769-6;20720459000177;INSTITUTO DE PESQUISA POPULAR MEU LUGAR;33101;2023;34;SMDHC;Secretaria Municipal de Direitos Humanos e Cidadania;10;Gabinete do Secretário;14;Direitos da Cidadania;422;Direitos Individuais, Coletivos e Difusos;4024;Promoção da Cidadania e da Diversidade;4332;Manutenção da Ouvidoria de Direitos Humanos;ODH;Ouvidoria;ODH - Manutenção;3;Despesas Correntes;3;Outras Despesas Correntes;50;Transferências a Instituições Privadas sem Fins Lucrativos;39;Serviços de Assistência Social;33503900;00.1.500.9001;Recursos não vinculados de Impostos;2;Outras Despesas;5;Outros Serviços de Terceiros - Pessoa Jurídica;34.10.14.422.4024.4332.33503900.00.1.500.9001;88601.53;0.0;88601.53;35440.62;35440.62;0.0;;500;9001;1;02/03/2026 09:48:52;;00;34;33503900;Contratação PJ sem Fins Lucrativos;4332;UNI;"Termo de Colaboração nº TCL/063/2023/SMDHC/ODH - Gestão do Núcleos de Atendimentos em Direitos Humanos NDH(s) do
Butantã, Campo Limpo, Jabaquara e Capela do Socorro, vinculado à Ouvidoria da SMDHC - Referente a 5º e 6º Parcelas.";1;88601.53
01;PREFEITURA DO MUNICÍPIO DE SÃO PAULO;6168;11190;2026;1;28/01/2026 00:00:00;6074.2023/0009769-6;20720459000177;INSTITUTO DE PESQUISA POPULAR MEU LUGAR;33101;2023;34;SMDHC;Secretaria Municipal de Direitos Humanos e Cidadania;10;Gabinete do Secretário;14;Direitos da Cidadania;422;Direitos Individuais, Coletivos e Difusos;4024;Promoção da Cidadania e da Diversidade;4332;Manutenção da Ouvidoria de Direitos Humanos;ODH;Ouvidoria;ODH - Manutenção;3;Despesas Correntes;3;Outras Despesas Correntes;50;Transferências a Instituições Privadas sem Fins Lucrativos;39;Serviços de Assistência Social;33503900;00.1.500.9001;Recursos não vinculados de Impostos;2;Remuneração de Pessoal;5;Outros Serviços de Terceiros - Pessoa Jurídica;34.10.14.422.4024.4332.33503900.00.1.500.9001;1703847.67;0.0;1703847.67;381551.09;381551.09;0.0;;500;9001;1;02/03/2026 09:48:52;;00;34;33503900;Contratação PJ sem Fins Lucrativos;4332;UNI;Termo de Colaboração nº TCL/063/2023/SMDHC/ODH - Gestão do Núcleos de Atendimentos em Direitos Humanos NDH(s) do Butantã, Campo Limpo, Jabaquara e Capela do Socorro, vinculado à Ouvidoria da SMDHC - Referente a 5º e 6º Parcelas.;1;1703847.67
01;PREFEITURA DO MUNICÍPIO DE SÃO PAULO;132;11270;2026;1;28/01/2026 00:00:00;6074.2025/0009140-3;35147368000161;MINERVA ENGENHARIA LTDA;2587;2026;34;SMDHC;Secretaria Municipal de Direitos Humanos e Cidadania;10;Gabinete do Secretário;14;Direitos da Cidadania;422;Direitos Individuais, Coletivos e Difusos;4025;Políticas para Mulheres;2053;Manutenção e Operação da Casa da Mulher Brasileira;CPM;Mulheres;CPM - Casa da Mulher Brasileira;3;Despesas Correntes;3;Outras Despesas Correntes;90;Aplicações Diretas;39;Serviços Técnicos Profissionais;33903900;00.1.500.9001;Recursos não vinculados de Impostos;0;Engenharia (exceto constr. estradas, pontes, prédios e obras assem.);0;Outros Serviços de Terceiros - Pessoa Jurídica;34.10.14.422.4025.2053.33903900.00.1.500.9001;2644.0;0.0;2644.0;0.0;0.0;0.0;;500;9001;1;02/03/2026 09:48:52;;00;34;33903900;Contratação PJ com Fins Lucrativos;2053;UND;"Contratação de empresa
especializada em engenharia e
arquitetura, regularmente
habilitada junto ao CREA/CAU
para atualização dos projetos
básicos e executivos de
Prevenção e Combate a
Incêndio (PPCI), incluindo
memoriais, cálculos, relatórios,
ART/RRT e demais documentos
necessários, visando a
renovação do Auto de Vistoria do Corpo de Bombeiros (AVCB)
da Casa da Mulher Brasileira -
CMB.";1;2644.0
01;PREFEITURA DO MUNICÍPIO DE SÃO PAULO;10732;11272;2026;1;28/01/2026 00:00:00;6074.2024/0007401-9;04488578000190;CASA DE ISABEL-CENTRO DE APOIO A MULHER A CRIAN. E AD VIT VIOLÊNC.DOM.;27876;2023;34;SMDHC;Secretaria Municipal de Direitos Humanos e Cidadania;10;Gabinete do Secretário;14;Direitos da Cidadania;422;Direitos Individuais, Coletivos e Difusos;4025;Políticas para Mulheres;6178;Manutenção e Operação de Equipamentos Públicos Voltados ao Atendimento;CPM;Mulheres;CPM - Equipamentos;3;Despesas Correntes;3;Outras Despesas Correntes;50;Transferências a Instituições Privadas sem Fins Lucrativos;39;Serviços de Assistência Social;33503900;00.1.500.9001;Recursos não vinculados de Impostos;2;Outras Despesas;5;Outros Serviços de Terceiros - Pessoa Jurídica;34.10.14.422.4025.6178.33503900.00.1.500.9001;179609.65;179609.65;0.0;0.0;0.0;0.0;;500;9001;1;02/03/2026 09:48:52;;00;34;33503900;Contratação PJ sem Fins Lucrativos;6178;UN;TCL/459/2023/SMADS/CPM;1;179609.65
01;PREFEITURA DO MUNICÍPIO DE SÃO PAULO;10745;11300;2026;1;28/01/2026 00:00:00;6074.2024/0007401-9;04488578000190;CASA DE ISABEL-CENTRO DE APOIO A MULHER A CRIAN. E AD VIT VIOLÊNC.DOM.;27876;2023;34;SMDHC;Secretaria Municipal de Direitos Humanos e Cidadania;10;Gabinete do Secretário;14;Direitos da Cidadania;422;Direitos Individuais, Coletivos e Difusos;4025;Políticas para Mulheres;6178;Manutenção e Operação de Equipamentos Públicos Voltados ao Atendimento;CPM;Mulheres;CPM - Equipamentos;3;Despesas Correntes;3;Outras Despesas Correntes;50;Transferências a Instituições Privadas sem Fins Lucrativos;39;Serviços de Assistência Social;33503900;00.1.500.9001;Recursos não vinculados de Impostos;2;Outras Despesas;5;Outros Serviços de Terceiros - Pessoa Jurídica;34.10.14.422.4025.6178.33503900.00.1.500.9001;179609.65;0.0;179609.65;29933.44;29933.44;0.0;;500;9001;1;02/03/2026 09:48:52;;00;34;33503900;Contratação PJ sem Fins Lucrativos;6178;UN;TCL/459/2023/SMADS/CPM ;1;179609.65
01;PREFEITURA DO MUNICÍPIO DE SÃO PAULO;10745;11304;2026;1;28/01/2026 00:00:00;6074.2024/0007401-9;04488578000190;CASA DE ISABEL-CENTRO DE APOIO A MULHER A CRIAN. E AD VIT VIOLÊNC.DOM.;27876;2023;34;SMDHC;Secretaria Municipal de Direitos Humanos e Cidadania;10;Gabinete do Secretário;14;Direitos da Cidadania;422;Direitos Individuais, Coletivos e Difusos;4025;Políticas para Mulheres;6178;Manutenção e Operação de Equipamentos Públicos Voltados ao Atendimento;CPM;Mulheres;CPM - Equipamentos;3;Despesas Correntes;3;Outras Despesas Correntes;50;Transferências a Instituições Privadas sem Fins Lucrativos;39;Serviços de Assistência Social;33503900;00.1.500.9001;Recursos não vinculados de Impostos;2;Remuneração de Pessoal;5;Outros Serviços de Terceiros - Pessoa Jurídica;34.10.14.422.4025.6178.33503900.00.1.500.9001;470290.58;0.0;470290.58;69800.58;69800.58;0.0;;500;9001;1;02/03/2026 09:48:52;;00;34;33503900;Contratação PJ sem Fins Lucrativos;6178;UN;TCL/459/2023/SMADS/CPM;1;470290.58
01;PREFEITURA DO MUNICÍPIO DE SÃO PAULO;10174;11658;2026;1;28/01/2026 00:00:00;6074.2025/0009601-4;00307018000000;PMSP-SMDHC/AUXÍLIO EMERGENCIAL DE ALUGUEL;1049;2026;34;SMDHC;Secretaria Municipal de Direitos Humanos e Cidadania;10;Gabinete do Secretário;14;Direitos da Cidadania;422;Direitos Individuais, Coletivos e Difusos;4025;Políticas para Mulheres;4329;Políticas, Programas e Ações para Mulheres;CPM;Mulheres;CPM - Políticas;3;Despesas Correntes;3;Outras Despesas Correntes;90;Aplicações Diretas;48;Auxílios a Pessoas Físicas;33904800;00.1.500.9001;Recursos não vinculados de Impostos;0;Auxílio Aluguel;0;Outros Auxílios Financeiros a Pessoas Físicas;34.10.14.422.4025.4329.33904800.00.1.500.9001;797200.0;0.0;797200.0;797200.0;797200.0;0.0;;500;9001;1;02/03/2026 09:48:52;;00;34;33904800;Outros Auxílios Financeiros - Pessoas Físicas;4329;UN;Auxílio Aluguel para Mulheres Vítimas de Violência - fevereiro/2026.;1993;400.0
01;PREFEITURA DO MUNICÍPIO DE SÃO PAULO;9469;11664;2026;1;28/01/2026 00:00:00;6074.2017/0000260-0;76740099804;ROBINSON CORREA;-1;-1;34;SMDHC;Secretaria Municipal de Direitos Humanos e Cidadania;10;Gabinete do Secretário;14;Direitos da Cidadania;422;Direitos Individuais, Coletivos e Difusos;4025;Políticas para Mulheres;6178;Manutenção e Operação de Equipamentos Públicos Voltados ao Atendimento;CPM;Mulheres;CPM - Equipamentos;3;Despesas Correntes;3;Outras Despesas Correntes;90;Aplicações Diretas;36;Locação de Imóveis;33903600;00.1.500.9001;Recursos não vinculados de Impostos;0;Locação de Imóveis;1;Outros Serviços de Terceiros - Pessoa Física;34.10.14.422.4025.6178.33903600.00.1.500.9001;63733.33;0.0;63733.33;8000.0;8000.0;0.0;;500;9001;1;02/03/2026 09:48:52;;00;34;33903600;Contratação PF;6178;UNI;"Locação do imóvel destinado a Casa de Acolhimento Provisório Rosângela Rigo - Exercício 2026 - Principal
";1;63733.33
01;PREFEITURA DO MUNICÍPIO DE SÃO PAULO;9469;11673;2026;1;28/01/2026 00:00:00;6074.2017/0000260-0;76740099804;ROBINSON CORREA;-1;-1;34;SMDHC;Secretaria Municipal de Direitos Humanos e Cidadania;10;Gabinete do Secretário;14;Direitos da Cidadania;422;Direitos Individuais, Coletivos e Difusos;4025;Políticas para Mulheres;6178;Manutenção e Operação de Equipamentos Públicos Voltados ao Atendimento;CPM;Mulheres;CPM - Equipamentos;3;Despesas Correntes;3;Outras Despesas Correntes;90;Aplicações Diretas;36;Locação de Imóveis;33903600;00.1.500.9001;Recursos não vinculados de Impostos;0;Locação de Imóveis;1;Outros Serviços de Terceiros - Pessoa Física;34.10.14.422.4025.6178.33903600.00.1.500.9001;24798.63;0.0;24798.63;3112.8;3112.8;0.0;;500;9001;1;02/03/2026 09:48:52;;00;34;33903600;Contratação PF;6178;UNI;"Locação do imóvel destinado a Casa de Acolhimento Provisório Rosângela Rigo - Exercício 2026 - Reajuste
";1;24798.63
01;PREFEITURA DO MUNICÍPIO DE SÃO PAULO;10231;11676;2026;1;28/01/2026 00:00:00;6074.2025/0009403-8;00350152000000;PMSP-SMDHC/AUXÍLIO AMPARA;1032;2026;34;SMDHC;Secretaria Municipal de Direitos Humanos e Cidadania;10;Gabinete do Secretário;14;Direitos da Cidadania;422;Direitos Individuais, Coletivos e Difusos;4019;Proteção a Crianças e Adolescentes;4328;Políticas, Programas e Ações Para Criança e Adolescente;CPCA;Criança e Adolescente;CPCA - Políticas;3;Despesas Correntes;3;Outras Despesas Correntes;90;Aplicações Diretas;48;Auxílios a Pessoas Físicas;33904800;00.1.500.9001;Recursos não vinculados de Impostos;9;Outros Auxílios a Pessoas Físicas;0;Outros Auxílios Financeiros a Pessoas Físicas;34.10.14.422.4019.4328.33904800.00.1.500.9001;122450.0;0.0;122450.0;122450.0;122450.0;0.0;;500;9001;1;02/03/2026 09:48:52;;00;34;33904800;Outros Auxílios Financeiros - Pessoas Físicas;4328;UN;Pagamento do Auxílio Ampara - fevereiro/2026.;79;1550.0
01;PREFEITURA DO MUNICÍPIO DE SÃO PAULO;9463;11686;2026;1;28/01/2026 00:00:00;6074.2017/0000260-0;76740099804;ROBINSON CORREA;-1;-1;34;SMDHC;Secretaria Municipal de Direitos Humanos e Cidadania;10;Gabinete do Secretário;14;Direitos da Cidadania;422;Direitos Individuais, Coletivos e Difusos;4025;Políticas para Mulheres;6178;Manutenção e Operação de Equipamentos Públicos Voltados ao Atendimento;CPM;Mulheres;CPM - Equipamentos;3;Despesas Correntes;3;Outras Despesas Correntes;90;Aplicações Diretas;47;Impostos;33904700;00.1.500.9001;Recursos não vinculados de Impostos;0;IPTU;0;Obrigações Tributárias e Contributivas;34.10.14.422.4025.6178.33904700.00.1.500.9001;19678.5;0.0;19678.5;1967.85;1967.85;0.0;;500;9001;1;02/03/2026 09:48:52;;00;34;33904700;Obrigações Tributárias e Contributivas;6178;UNI;"Locação do imóvel destinado a Casa de Acolhimento Provisório Rosângela Rigo - Exercício 2026 - IPTU
";1;19678.5
01;PREFEITURA DO MUNICÍPIO DE SÃO PAULO;11030;11722;2026;1;28/01/2026 00:00:00;6074.2025/0008666-3;61695227000193;ELETROPAULO METROPOLITANA ELETRICIDADE DE SAO PAULO SA;2754;2026;34;SMDHC;Secretaria Municipal de Direitos Humanos e Cidadania;10;Gabinete do Secretário;14;Direitos da Cidadania;243;Assistência à Criança e ao Adolescente;4019;Proteção a Crianças e Adolescentes;2157;Administração dos Conselhos Tutelares;CT;Conselho Tutelar;CT - Administração;3;Despesas Correntes;3;Outras Despesas Correntes;90;Aplicações Diretas;39;Serviços de Energia Elétrica;33903900;00.1.500.9006;Recursos destinados ao pagamento de concessionárias;0;Energia Elétrica de Prédios Públicos;4;Outros Serviços de Terceiros - Pessoa Jurídica;34.10.14.243.4019.2157.33903900.00.1.500.9006;250000.0;0.0;250000.0;2564.77;2564.77;0.0;;500;9006;1;02/03/2026 09:48:52;;00;34;33903900;Contratação PJ com Fins Lucrativos;2157;und;" Prestação dos serviços de fornecimento de energia elétrica dos
Conselhos Tutelares
";1;250000.0
01;PREFEITURA DO MUNICÍPIO DE SÃO PAULO;11056;11723;2026;1;28/01/2026 00:00:00;6074.2023/0007899-3;02928443000172;CENTRO DE INTEGRACAO ASSISTENCIAL E PROFISSIONAL SAO PATRICIO CIAP SAO PATRICIO;29695;2023;34;SMDHC;Secretaria Municipal de Direitos Humanos e Cidadania;10;Gabinete do Secretário;14;Direitos da Cidadania;422;Direitos Individuais, Coletivos e Difusos;4025;Políticas para Mulheres;6178;Manutenção e Operação de Equipamentos Públicos Voltados ao Atendimento;CPM;Mulheres;CPM - Equipamentos;3;Despesas Correntes;3;Outras Despesas Correntes;50;Transferências a Instituições Privadas sem Fins Lucrativos;39;Serviços de Assistência Social;33503900;00.1.500.9001;Recursos não vinculados de Impostos;2;Outras Despesas;5;Outros Serviços de Terceiros - Pessoa Jurídica;34.10.14.422.4025.6178.33503900.00.1.500.9001;682954.22;0.0;682954.22;151767.6;151767.6;0.0;;500;9001;1;02/03/2026 09:48:52;;00;34;33503900;Contratação PJ sem Fins Lucrativos;6178;UN;TCL/054/2023/SMDHC/CPM;1;682954.22
01;PREFEITURA DO MUNICÍPIO DE SÃO PAULO;11056;11729;2026;1;28/01/2026 00:00:00;6074.2023/0007899-3;02928443000172;CENTRO DE INTEGRACAO ASSISTENCIAL E PROFISSIONAL SAO PATRICIO CIAP SAO PATRICIO;29695;2023;34;SMDHC;Secretaria Municipal de Direitos Humanos e Cidadania;10;Gabinete do Secretário;14;Direitos da Cidadania;422;Direitos Individuais, Coletivos e Difusos;4025;Políticas para Mulheres;6178;Manutenção e Operação de Equipamentos Públicos Voltados ao Atendimento;CPM;Mulheres;CPM - Equipamentos;3;Despesas Correntes;3;Outras Despesas Correntes;50;Transferências a Instituições Privadas sem Fins Lucrativos;39;Serviços de Assistência Social;33503900;00.1.500.9001;Recursos não vinculados de Impostos;2;Remuneração de Pessoal;5;Outros Serviços de Terceiros - Pessoa Jurídica;34.10.14.422.4025.6178.33503900.00.1.500.9001;787135.95;0.0;787135.95;161955.8;161955.8;0.0;;500;9001;1;02/03/2026 09:48:52;;00;34;33503900;Contratação PJ sem Fins Lucrativos;6178;UN;TCL/054/2023/SMDHC/CPM;1;787135.95
01;PREFEITURA DO MUNICÍPIO DE SÃO PAULO;11073;11744;2026;1;28/01/2026 00:00:00;6074.2024/0002233-7;04488578000190;CASA DE ISABEL-CENTRO DE APOIO A MULHER A CRIAN. E AD VIT VIOLÊNC.DOM.;9969;2024;34;SMDHC;Secretaria Municipal de Direitos Humanos e Cidadania;10;Gabinete do Secretário;14;Direitos da Cidadania;422;Direitos Individuais, Coletivos e Difusos;4025;Políticas para Mulheres;6178;Manutenção e Operação de Equipamentos Públicos Voltados ao Atendimento;CPM;Mulheres;CPM - Equipamentos;3;Despesas Correntes;3;Outras Despesas Correntes;50;Transferências a Instituições Privadas sem Fins Lucrativos;39;Serviços de Assistência Social;33503900;00.1.500.9001;Recursos não vinculados de Impostos;2;Outras Despesas;5;Outros Serviços de Terceiros - Pessoa Jurídica;34.10.14.422.4025.6178.33503900.00.1.500.9001;660566.83;0.0;660566.83;214840.03;214840.03;0.0;;500;9001;1;02/03/2026 09:48:52;;00;34;33503900;Contratação PJ sem Fins Lucrativos;6178;UN;TCL/016/2024/SMDHC/CPM;1;660566.83
01;PREFEITURA DO MUNICÍPIO DE SÃO PAULO;11073;11745;2026;1;28/01/2026 00:00:00;6074.2024/0002233-7;04488578000190;CASA DE ISABEL-CENTRO DE APOIO A MULHER A CRIAN. E AD VIT VIOLÊNC.DOM.;9969;2024;34;SMDHC;Secretaria Municipal de Direitos Humanos e Cidadania;10;Gabinete do Secretário;14;Direitos da Cidadania;422;Direitos Individuais, Coletivos e Difusos;4025;Políticas para Mulheres;6178;Manutenção e Operação de Equipamentos Públicos Voltados ao Atendimento;CPM;Mulheres;CPM - Equipamentos;3;Despesas Correntes;3;Outras Despesas Correntes;50;Transferências a Instituições Privadas sem Fins Lucrativos;39;Serviços de Assistência Social;33503900;00.1.500.9001;Recursos não vinculados de Impostos;2;Remuneração de Pessoal;5;Outros Serviços de Terceiros - Pessoa Jurídica;34.10.14.422.4025.6178.33503900.00.1.500.9001;1148086.7;0.0;1148086.7;360434.65;360434.65;0.0;;500;9001;1;02/03/2026 09:48:52;;00;34;33503900;Contratação PJ sem Fins Lucrativos;6178;UN;TCL/016/2024/SMDHC/CPM;1;1148086.7
01;PREFEITURA DO MUNICÍPIO DE SÃO PAULO;11091;11756;2026;1;28/01/2026 00:00:00;6074.2024/0002231-0;07618241000148;ASSOCIACAO AFRO BRASILEIRA NOSSA SENHORA APARECIDA;10115;2024;34;SMDHC;Secretaria Municipal de Direitos Humanos e Cidadania;10;Gabinete do Secretário;14;Direitos da Cidadania;422;Direitos Individuais, Coletivos e Difusos;4025;Políticas para Mulheres;6178;Manutenção e Operação de Equipamentos Públicos Voltados ao Atendimento;CPM;Mulheres;CPM - Equipamentos;3;Despesas Correntes;3;Outras Despesas Correntes;50;Transferências a Instituições Privadas sem Fins Lucrativos;39;Serviços de Assistência Social;33503900;00.1.500.9001;Recursos não vinculados de Impostos;2;Outras Despesas;5;Outros Serviços de Terceiros - Pessoa Jurídica;34.10.14.422.4025.6178.33503900.00.1.500.9001;281648.57;0.0;281648.57;93882.85;93882.85;0.0;;500;9001;1;02/03/2026 09:48:52;;00;34;33503900;Contratação PJ sem Fins Lucrativos;6178;UN;TCL/014/2024/SMDHC/CPM;1;281648.57
01;PREFEITURA DO MUNICÍPIO DE SÃO PAULO;11091;11758;2026;1;28/01/2026 00:00:00;6074.2024/0002231-0;07618241000148;ASSOCIACAO AFRO BRASILEIRA NOSSA SENHORA APARECIDA;10115;2024;34;SMDHC;Secretaria Municipal de Direitos Humanos e Cidadania;10;Gabinete do Secretário;14;Direitos da Cidadania;422;Direitos Individuais, Coletivos e Difusos;4025;Políticas para Mulheres;6178;Manutenção e Operação de Equipamentos Públicos Voltados ao Atendimento;CPM;Mulheres;CPM - Equipamentos;3;Despesas Correntes;3;Outras Despesas Correntes;50;Transferências a Instituições Privadas sem Fins Lucrativos;39;Serviços de Assistência Social;33503900;00.1.500.9001;Recursos não vinculados de Impostos;2;Remuneração de Pessoal;5;Outros Serviços de Terceiros - Pessoa Jurídica;34.10.14.422.4025.6178.33503900.00.1.500.9001;588305.16;0.0;588305.16;183138.43;183138.43;0.0;;500;9001;1;02/03/2026 09:48:52;;00;34;33503900;Contratação PJ sem Fins Lucrativos;6178;UN;TCL/014/2024/SMDHC/CPM - até junho/2026.;1;588305.16
01;PREFEITURA DO MUNICÍPIO DE SÃO PAULO;11110;11771;2026;1;28/01/2026 00:00:00;6074.2020/0006060-6;59940080000108;CENTRO GASPAR GARCIA DE DIREITOS HUMANOS;10879;2021;34;SMDHC;Secretaria Municipal de Direitos Humanos e Cidadania;10;Gabinete do Secretário;14;Direitos da Cidadania;422;Direitos Individuais, Coletivos e Difusos;4018;Assistência e Proteção Sociais;2431;Manutenção e Operação de Equipamentos Públicos Voltados ao Atendimento;CPPSR;População em Situação de Rua;CPPSR - Equipamentos;3;Despesas Correntes;3;Outras Despesas Correntes;50;Transferências a Instituições Privadas sem Fins Lucrativos;39;Serviços de Assistência Social;33503900;00.1.500.9001;Recursos não vinculados de Impostos;2;Outras Despesas;5;Outros Serviços de Terceiros - Pessoa Jurídica;34.10.14.422.4018.2431.33503900.00.1.500.9001;343154.69;0.0;343154.69;114384.89;114384.89;0.0;;500;9001;1;02/03/2026 09:48:52;;00;34;33503900;Contratação PJ sem Fins Lucrativos;2431;UNI;Termo de Colaboração nº TCL/506/2018/SMDHC/CPPSR - Exercício 2026 - Período de: JANEIRO/2026 a SETEMBRO/2026;1;343154.69
01;PREFEITURA DO MUNICÍPIO DE SÃO PAULO;11114;11775;2026;1;28/01/2026 00:00:00;6074.2024/0002235-3;74087081000145;APOIOASSOCIACAO DE AUXILIO MUTUO DA REGIAO LESTE;10136;2024;34;SMDHC;Secretaria Municipal de Direitos Humanos e Cidadania;10;Gabinete do Secretário;14;Direitos da Cidadania;422;Direitos Individuais, Coletivos e Difusos;4025;Políticas para Mulheres;6178;Manutenção e Operação de Equipamentos Públicos Voltados ao Atendimento;CPM;Mulheres;CPM - Equipamentos;3;Despesas Correntes;3;Outras Despesas Correntes;50;Transferências a Instituições Privadas sem Fins Lucrativos;39;Serviços de Assistência Social;33503900;00.1.500.9001;Recursos não vinculados de Impostos;2;Outras Despesas;5;Outros Serviços de Terceiros - Pessoa Jurídica;34.10.14.422.4025.6178.33503900.00.1.500.9001;772034.26;0.0;772034.26;218088.77;218088.77;0.0;;500;9001;1;02/03/2026 09:48:52;;00;34;33503900;Contratação PJ sem Fins Lucrativos;6178;UN;TCL/017/2024/SMDHC/CPM - até julho/2026.;1;772034.26
01;PREFEITURA DO MUNICÍPIO DE SÃO PAULO;544;11776;2026;1;28/01/2026 00:00:00;6074.2026/0000046-9;62812148000188;62812148 LUANA CARNEIRO DA FONSECA;2764;2026;34;SMDHC;Secretaria Municipal de Direitos Humanos e Cidadania;10;Gabinete do Secretário;14;Direitos da Cidadania;422;Direitos Individuais, Coletivos e Difusos;4025;Políticas para Mulheres;6178;Manutenção e Operação de Equipamentos Públicos Voltados ao Atendimento;CPM;Mulheres;CPM - Equipamentos;3;Despesas Correntes;3;Outras Despesas Correntes;90;Aplicações Diretas;30;Material de Expediente;33903000;00.1.500.9001;Recursos não vinculados de Impostos;9;Diversos Materiais de Expediente;1;Material de Consumo;34.10.14.422.4025.6178.33903000.00.1.500.9001;784.0;0.0;784.0;784.0;0.0;0.0;;500;9001;1;02/03/2026 09:48:52;;00;34;33903000;Material de Consumo;6178;UND;Fornecimento de 200 (duzentas) unidades de  borrifadores de água com spray , que serão utilizados na divulgação do Protocolo Não Se Cale durante o evento Carnaval SP 2026 que será realizado entre os dias 07 a 22 de fevereiro de 2026.;200;3.92
01;PREFEITURA DO MUNICÍPIO DE SÃO PAULO;11110;11779;2026;1;28/01/2026 00:00:00;6074.2020/0006060-6;59940080000108;CENTRO GASPAR GARCIA DE DIREITOS HUMANOS;10879;2021;34;SMDHC;Secretaria Municipal de Direitos Humanos e Cidadania;10;Gabinete do Secretário;14;Direitos da Cidadania;422;Direitos Individuais, Coletivos e Difusos;4018;Assistência e Proteção Sociais;2431;Manutenção e Operação de Equipamentos Públicos Voltados ao Atendimento;CPPSR;População em Situação de Rua;CPPSR - Equipamentos;3;Despesas Correntes;3;Outras Despesas Correntes;50;Transferências a Instituições Privadas sem Fins Lucrativos;39;Serviços de Assistência Social;33503900;00.1.500.9001;Recursos não vinculados de Impostos;2;Remuneração de Pessoal;5;Outros Serviços de Terceiros - Pessoa Jurídica;34.10.14.422.4018.2431.33503900.00.1.500.9001;372361.16;0.0;372361.16;124120.39;124120.39;0.0;;500;9001;1;02/03/2026 09:48:52;;00;34;33503900;Contratação PJ sem Fins Lucrativos;2431;UNI;Termo de Colaboração nº TCL/506/2018/SMDHC/CPPSR - Exercício 2026 - Período de: JANEIRO/2026 a SETEMBRO/2026;1;372361.16
01;PREFEITURA DO MUNICÍPIO DE SÃO PAULO;11114;11780;2026;1;28/01/2026 00:00:00;6074.2024/0002235-3;74087081000145;APOIOASSOCIACAO DE AUXILIO MUTUO DA REGIAO LESTE;10136;2024;34;SMDHC;Secretaria Municipal de Direitos Humanos e Cidadania;10;Gabinete do Secretário;14;Direitos da Cidadania;422;Direitos Individuais, Coletivos e Difusos;4025;Políticas para Mulheres;6178;Manutenção e Operação de Equipamentos Públicos Voltados ao Atendimento;CPM;Mulheres;CPM - Equipamentos;3;Despesas Correntes;3;Outras Despesas Correntes;50;Transferências a Instituições Privadas sem Fins Lucrativos;39;Serviços de Assistência Social;33503900;00.1.500.9001;Recursos não vinculados de Impostos;2;Remuneração de Pessoal;5;Outros Serviços de Terceiros - Pessoa Jurídica;34.10.14.422.4025.6178.33503900.00.1.500.9001;1232314.18;0.0;1232314.18;335148.05;335148.05;0.0;;500;9001;1;02/03/2026 09:48:52;;00;34;33503900;Contratação PJ sem Fins Lucrativos;6178;UN;TCL/017/2024/SMDHC/CPM - até julho/2026.;1;1232314.18
01;PREFEITURA DO MUNICÍPIO DE SÃO PAULO;11142;11827;2026;1;28/01/2026 00:00:00;6074.2024/0002232-9;02928443000172;CENTRO DE INTEGRACAO ASSISTENCIAL E PROFISSIONAL SAO PATRICIO CIAP SAO PATRICIO;9982;2024;34;SMDHC;Secretaria Municipal de Direitos Humanos e Cidadania;10;Gabinete do Secretário;14;Direitos da Cidadania;422;Direitos Individuais, Coletivos e Difusos;4025;Políticas para Mulheres;6178;Manutenção e Operação de Equipamentos Públicos Voltados ao Atendimento;CPM;Mulheres;CPM - Equipamentos;3;Despesas Correntes;3;Outras Despesas Correntes;50;Transferências a Instituições Privadas sem Fins Lucrativos;39;Serviços de Assistência Social;33503900;00.1.500.9001;Recursos não vinculados de Impostos;2;Outras Despesas;5;Outros Serviços de Terceiros - Pessoa Jurídica;34.10.14.422.4025.6178.33503900.00.1.500.9001;615214.7;0.0;615214.7;203041.15;203041.15;0.0;;500;9001;1;02/03/2026 09:48:52;;00;34;33503900;Contratação PJ sem Fins Lucrativos;6178;UN;TCL/015/2024/SMDHC/CPM - até junho/2026.;1;615214.7
01;PREFEITURA DO MUNICÍPIO DE SÃO PAULO;11142;11828;2026;1;28/01/2026 00:00:00;6074.2024/0002232-9;02928443000172;CENTRO DE INTEGRACAO ASSISTENCIAL E PROFISSIONAL SAO PATRICIO CIAP SAO PATRICIO;9982;2024;34;SMDHC;Secretaria Municipal de Direitos Humanos e Cidadania;10;Gabinete do Secretário;14;Direitos da Cidadania;422;Direitos Individuais, Coletivos e Difusos;4025;Políticas para Mulheres;6178;Manutenção e Operação de Equipamentos Públicos Voltados ao Atendimento;CPM;Mulheres;CPM - Equipamentos;3;Despesas Correntes;3;Outras Despesas Correntes;50;Transferências a Instituições Privadas sem Fins Lucrativos;39;Serviços de Assistência Social;33503900;00.1.500.9001;Recursos não vinculados de Impostos;2;Remuneração de Pessoal;5;Outros Serviços de Terceiros - Pessoa Jurídica;34.10.14.422.4025.6178.33503900.00.1.500.9001;1026649.43;0.0;1026649.43;322970.83;322970.83;0.0;;500;9001;1;02/03/2026 09:48:52;;00;34;33503900;Contratação PJ sem Fins Lucrativos;6178;UN;TCL/015/2024/SMDHC/CPM - até junho.;1;1026649.43
01;PREFEITURA DO MUNICÍPIO DE SÃO PAULO;11148;11829;2026;1;28/01/2026 00:00:00;6074.2020/0006059-2;11861086000163;ASSOCIACAO FRANCISCANA DE SOLIDARIEDADE;7511;2021;34;SMDHC;Secretaria Municipal de Direitos Humanos e Cidadania;10;Gabinete do Secretário;14;Direitos da Cidadania;422;Direitos Individuais, Coletivos e Difusos;4018;Assistência e Proteção Sociais;2431;Manutenção e Operação de Equipamentos Públicos Voltados ao Atendimento;CPPSR;População em Situação de Rua;CPPSR - Equipamentos;3;Despesas Correntes;3;Outras Despesas Correntes;50;Transferências a Instituições Privadas sem Fins Lucrativos;39;Serviços de Assistência Social;33503900;00.1.500.9001;Recursos não vinculados de Impostos;2;Outras Despesas;5;Outros Serviços de Terceiros - Pessoa Jurídica;34.10.14.422.4018.2431.33503900.00.1.500.9001;177614.92;0.0;177614.92;46106.68;46106.68;0.0;;500;9001;1;02/03/2026 09:48:52;;00;34;33503900;Contratação PJ sem Fins Lucrativos;2431;UNI;"Termo de Colaboração nº TCL/410/2018/SMADS/CPPSR - Exercício 2026 - Período de: JANEIRO/2026 a AGOSTO/2026
";1;177614.92
01;PREFEITURA DO MUNICÍPIO DE SÃO PAULO;11148;11833;2026;1;28/01/2026 00:00:00;6074.2020/0006059-2;11861086000163;ASSOCIACAO FRANCISCANA DE SOLIDARIEDADE;7511;2021;34;SMDHC;Secretaria Municipal de Direitos Humanos e Cidadania;10;Gabinete do Secretário;14;Direitos da Cidadania;422;Direitos Individuais, Coletivos e Difusos;4018;Assistência e Proteção Sociais;2431;Manutenção e Operação de Equipamentos Públicos Voltados ao Atendimento;CPPSR;População em Situação de Rua;CPPSR - Equipamentos;3;Despesas Correntes;3;Outras Despesas Correntes;50;Transferências a Instituições Privadas sem Fins Lucrativos;39;Serviços de Assistência Social;33503900;00.1.500.9001;Recursos não vinculados de Impostos;2;Remuneração de Pessoal;5;Outros Serviços de Terceiros - Pessoa Jurídica;34.10.14.422.4018.2431.33503900.00.1.500.9001;308604.45;0.0;308604.45;77151.11;77151.11;0.0;;500;9001;1;02/03/2026 09:48:52;;00;34;33503900;Contratação PJ sem Fins Lucrativos;2431;UNI;"Termo de Colaboração nº TCL/410/2018/SMADS/CPPSR - Exercício 2026 - Período de: JANEIRO/2026 a AGOSTO/2026
";1;308604.45
01;PREFEITURA DO MUNICÍPIO DE SÃO PAULO;11169;11867;2026;1;28/01/2026 00:00:00;6074.2025/0007572-6;74261652000116;AMA COMERCIO E SERVICOS DE INSTALACOES DE GAS LTDA;2776;2026;34;SMDHC;Secretaria Municipal de Direitos Humanos e Cidadania;10;Gabinete do Secretário;14;Direitos da Cidadania;422;Direitos Individuais, Coletivos e Difusos;4025;Políticas para Mulheres;2053;Manutenção e Operação da Casa da Mulher Brasileira;CPM;Mulheres;CPM - Casa da Mulher Brasileira;3;Despesas Correntes;3;Outras Despesas Correntes;90;Aplicações Diretas;30;Gás e Outros Materiais Engarrafados;33903000;00.1.500.9001;Recursos não vinculados de Impostos;0;Oxigênio Industrial, Acetileno e Outros Materiais;0;Material de Consumo;34.10.14.422.4025.2053.33903000.00.1.500.9001;11808.0;0.0;11808.0;984.0;0.0;0.0;;500;9001;1;02/03/2026 09:48:52;;00;34;33903000;Material de Consumo;2053;UND;CMB - BOTIJÃO 45 KG (P-45);36;328.0
01;PREFEITURA DO MUNICÍPIO DE SÃO PAULO;11181;11868;2026;1;28/01/2026 00:00:00;6074.2024/0000832-6;03601723000134;INSTITUTO CLARET   SOLIDARIEDADE E DESENVOLVIMENTO HUMANO;9176;2024;34;SMDHC;Secretaria Municipal de Direitos Humanos e Cidadania;10;Gabinete do Secretário;14;Direitos da Cidadania;422;Direitos Individuais, Coletivos e Difusos;4018;Assistência e Proteção Sociais;2431;Manutenção e Operação de Equipamentos Públicos Voltados ao Atendimento;CPPSR;População em Situação de Rua;CPPSR - Equipamentos;3;Despesas Correntes;3;Outras Despesas Correntes;50;Transferências a Instituições Privadas sem Fins Lucrativos;39;Serviços de Assistência Social;33503900;00.1.500.9001;Recursos não vinculados de Impostos;2;Outras Despesas;5;Outros Serviços de Terceiros - Pessoa Jurídica;34.10.14.422.4018.2431.33503900.00.1.500.9001;2404922.99;2404922.99;0.0;0.0;0.0;0.0;;500;9001;1;02/03/2026 09:48:52;;00;34;33503900;Contratação PJ sem Fins Lucrativos;2431;UNI;"Termo de Colaboração nº TCL/012/2024/SMDHC/CPPSR - Exercício 2026 - Período de: JANEIRO/2026 a SETEMBRO/2026
";1;2404922.99
01;PREFEITURA DO MUNICÍPIO DE SÃO PAULO;11180;11870;2026;1;28/01/2026 00:00:00;6074.2025/0007572-6;74261652000116;AMA COMERCIO E SERVICOS DE INSTALACOES DE GAS LTDA;2776;2026;34;SMDHC;Secretaria Municipal de Direitos Humanos e Cidadania;10;Gabinete do Secretário;14;Direitos da Cidadania;422;Direitos Individuais, Coletivos e Difusos;4010;Segurança Alimentar e Nutricional;4470;Manutenção e Operação de Centro de Referência de Segurança Alimentar e;SESANA;Segurança Alimentar;SESANA - CRESAN;3;Despesas Correntes;3;Outras Despesas Correntes;90;Aplicações Diretas;30;Gás e Outros Materiais Engarrafados;33903000;00.1.500.9001;Recursos não vinculados de Impostos;0;Oxigênio Industrial, Acetileno e Outros Materiais;0;Material de Consumo;34.10.14.422.4010.4470.33903000.00.1.500.9001;3936.0;3936.0;0.0;0.0;0.0;0.0;;500;9001;1;02/03/2026 09:48:52;;00;34;33903000;Material de Consumo;4470;UND;BOTIJÃO 45 KG (P-45);12;328.0
01;PREFEITURA DO MUNICÍPIO DE SÃO PAULO;11180;11879;2026;1;28/01/2026 00:00:00;6074.2025/0007572-6;74261652000116;AMA COMERCIO E SERVICOS DE INSTALACOES DE GAS LTDA;2776;2026;34;SMDHC;Secretaria Municipal de Direitos Humanos e Cidadania;10;Gabinete do Secretário;14;Direitos da Cidadania;422;Direitos Individuais, Coletivos e Difusos;4010;Segurança Alimentar e Nutricional;4470;Manutenção e Operação de Centro de Referência de Segurança Alimentar e;SESANA;Segurança Alimentar;SESANA - CRESAN;3;Despesas Correntes;3;Outras Despesas Correntes;90;Aplicações Diretas;30;Gás e Outros Materiais Engarrafados;33903000;00.1.500.9001;Recursos não vinculados de Impostos;0;Oxigênio Industrial, Acetileno e Outros Materiais;0;Material de Consumo;34.10.14.422.4010.4470.33903000.00.1.500.9001;6558.0;0.0;6558.0;328.0;0.0;0.0;;500;9001;1;02/03/2026 09:48:52;;00;34;33903000;Material de Consumo;4470;UND | UND | UND;CRESAN VILA MARIA - BOTIJÃO 45 KG (P-45) | CRESAN BUTANTÃ - BOTIJÃO 13 KG (P-13) | CRESAN BUTANTÃ - BOTIJÃO 45 KG (P-45);12 | 6 | 6;328.0 | 109.0 | 328.0
01;PREFEITURA DO MUNICÍPIO DE SÃO PAULO;264;12373;2026;1;29/01/2026 00:00:00;6074.2026/0000050-7;57620907000170;57620907 ALESSANDRO SOUSA PINTO;2817;2026;34;SMDHC;Secretaria Municipal de Direitos Humanos e Cidadania;10;Gabinete do Secretário;14;Direitos da Cidadania;422;Direitos Individuais, Coletivos e Difusos;4025;Políticas para Mulheres;6178;Manutenção e Operação de Equipamentos Públicos Voltados ao Atendimento;CPM;Mulheres;CPM - Equipamentos;3;Despesas Correntes;3;Outras Despesas Correntes;90;Aplicações Diretas;30;Material de Limpeza e Produção de Higienização;33903000;00.1.500.9001;Recursos não vinculados de Impostos;0;Diversos Materiais de Limpeza e Higienização;2;Material de Consumo;34.10.14.422.4025.6178.33903000.00.1.500.9001;1794.0;1794.0;0.0;0.0;0.0;0.0;;500;9001;1;02/03/2026 09:48:52;;00;34;33903000;Material de Consumo;6178;und;Protetor Solar adicional: isento de óleo, fator proteção: fator 70, forma farmacêutica: loção cremosa, tipo proteção: uva/uvb;50;35.88
01;PREFEITURA DO MUNICÍPIO DE SÃO PAULO;11590;12380;2026;1;29/01/2026 00:00:00;6074.2024/0000832-6;03601723000134;INSTITUTO CLARET   SOLIDARIEDADE E DESENVOLVIMENTO HUMANO;9176;2024;34;SMDHC;Secretaria Municipal de Direitos Humanos e Cidadania;10;Gabinete do Secretário;14;Direitos da Cidadania;422;Direitos Individuais, Coletivos e Difusos;4018;Assistência e Proteção Sociais;2431;Manutenção e Operação de Equipamentos Públicos Voltados ao Atendimento;CPPSR;População em Situação de Rua;CPPSR - Equipamentos;3;Despesas Correntes;3;Outras Despesas Correntes;50;Transferências a Instituições Privadas sem Fins Lucrativos;39;Serviços de Assistência Social;33503900;00.1.500.9001;Recursos não vinculados de Impostos;2;Outras Despesas;5;Outros Serviços de Terceiros - Pessoa Jurídica;34.10.14.422.4018.2431.33503900.00.1.500.9001;2404922.99;0.0;2404922.99;520546.09;520546.09;0.0;;500;9001;1;02/03/2026 09:48:52;;00;34;33503900;Contratação PJ sem Fins Lucrativos;2431;UNI;"Termo de Colaboração nº TCL/012/2024/SMDHC/CPPSR - Exercício 2026 - Período de: JANEIRO/2026 a SETEMBRO/2026
";1;2404922.99
01;PREFEITURA DO MUNICÍPIO DE SÃO PAULO;11590;12388;2026;1;29/01/2026 00:00:00;6074.2024/0000832-6;03601723000134;INSTITUTO CLARET   SOLIDARIEDADE E DESENVOLVIMENTO HUMANO;9176;2024;34;SMDHC;Secretaria Municipal de Direitos Humanos e Cidadania;10;Gabinete do Secretário;14;Direitos da Cidadania;422;Direitos Individuais, Coletivos e Difusos;4018;Assistência e Proteção Sociais;2431;Manutenção e Operação de Equipamentos Públicos Voltados ao Atendimento;CPPSR;População em Situação de Rua;CPPSR - Equipamentos;3;Despesas Correntes;3;Outras Despesas Correntes;50;Transferências a Instituições Privadas sem Fins Lucrativos;39;Serviços de Assistência Social;33503900;00.1.500.9001;Recursos não vinculados de Impostos;2;Remuneração de Pessoal;5;Outros Serviços de Terceiros - Pessoa Jurídica;34.10.14.422.4018.2431.33503900.00.1.500.9001;1735406.71;0.0;1735406.71;375629.16;375629.16;0.0;;500;9001;1;02/03/2026 09:48:52;;00;34;33503900;Contratação PJ sem Fins Lucrativos;2431;UNI;"Termo de Colaboração nº TCL/012/2024/SMDHC/CPPSR - Exercício 2026 - Período de: JANEIRO/2026 a SETEMBRO/2026
";1;1735406.71
01;PREFEITURA DO MUNICÍPIO DE SÃO PAULO;10891;12390;2026;1;29/01/2026 00:00:00;6074.2026/0000047-7;31080614000154;H2A COMERCIO E SERVICOS LTDA;2825;2026;34;SMDHC;Secretaria Municipal de Direitos Humanos e Cidadania;10;Gabinete do Secretário;14;Direitos da Cidadania;422;Direitos Individuais, Coletivos e Difusos;4025;Políticas para Mulheres;6178;Manutenção e Operação de Equipamentos Públicos Voltados ao Atendimento;CPM;Mulheres;CPM - Equipamentos;3;Despesas Correntes;3;Outras Despesas Correntes;90;Aplicações Diretas;30;Material para Festividades e Homenagens;33903000;00.1.500.9001;Recursos não vinculados de Impostos;0;Diversos Materiais Festividades e Homenagens;1;Material de Consumo;34.10.14.422.4025.6178.33903000.00.1.500.9001;12000.0;0.0;12000.0;12000.0;0.0;0.0;;500;9001;1;02/03/2026 09:48:52;;00;34;33903000;Material de Consumo;6178;UND;Confecção de 600 (seiscentas) unidades de camisetas personalizadas, que será utilizado na divulgação do Protocolo Não Se Cale, durante o evento Carnaval SP 2026, a ser realizado no período de 07 a 22 de fevereiro de 2026.;600;20.0
01;PREFEITURA DO MUNICÍPIO DE SÃO PAULO;11614;12424;2026;1;29/01/2026 00:00:00;6074.2024/0000833-4;03840929000117;CENTRO ASSISTENCIAL AO POVO CARENTE DO ESTADO DE SAO PAULO;9156;2024;34;SMDHC;Secretaria Municipal de Direitos Humanos e Cidadania;10;Gabinete do Secretário;14;Direitos da Cidadania;422;Direitos Individuais, Coletivos e Difusos;4018;Assistência e Proteção Sociais;2431;Manutenção e Operação de Equipamentos Públicos Voltados ao Atendimento;CPPSR;População em Situação de Rua;CPPSR - Equipamentos;3;Despesas Correntes;3;Outras Despesas Correntes;50;Transferências a Instituições Privadas sem Fins Lucrativos;39;Serviços de Assistência Social;33503900;00.1.500.9001;Recursos não vinculados de Impostos;2;Outras Despesas;5;Outros Serviços de Terceiros - Pessoa Jurídica;34.10.14.422.4018.2431.33503900.00.1.500.9001;1259295.25;0.0;1259295.25;279843.39;279843.39;0.0;;500;9001;1;02/03/2026 09:48:52;;00;34;33503900;Contratação PJ sem Fins Lucrativos;2431;UNI;"Termo de Colaboração nº TCL/013/2023/SMDHC/CPPSR - Exercício 2026 - Período de: JANEIRO/2026 a SETEMBRO/2026
";1;1259295.25
01;PREFEITURA DO MUNICÍPIO DE SÃO PAULO;11614;12431;2026;1;29/01/2026 00:00:00;6074.2024/0000833-4;03840929000117;CENTRO ASSISTENCIAL AO POVO CARENTE DO ESTADO DE SAO PAULO;9156;2024;34;SMDHC;Secretaria Municipal de Direitos Humanos e Cidadania;10;Gabinete do Secretário;14;Direitos da Cidadania;422;Direitos Individuais, Coletivos e Difusos;4018;Assistência e Proteção Sociais;2431;Manutenção e Operação de Equipamentos Públicos Voltados ao Atendimento;CPPSR;População em Situação de Rua;CPPSR - Equipamentos;3;Despesas Correntes;3;Outras Despesas Correntes;50;Transferências a Instituições Privadas sem Fins Lucrativos;39;Serviços de Assistência Social;33503900;00.1.500.9001;Recursos não vinculados de Impostos;2;Remuneração de Pessoal;5;Outros Serviços de Terceiros - Pessoa Jurídica;34.10.14.422.4018.2431.33503900.00.1.500.9001;2423322.83;0.0;2423322.83;496600.74;496600.74;0.0;;500;9001;1;02/03/2026 09:48:52;;00;34;33503900;Contratação PJ sem Fins Lucrativos;2431;UNI;"Termo de Colaboração nº TCL/013/2023/SMDHC/CPPSR - Exercício 2026 - Período de: JANEIRO/2026 a SETEMBRO/2026
";1;2423322.83
01;PREFEITURA DO MUNICÍPIO DE SÃO PAULO;264;12450;2026;1;29/01/2026 00:00:00;6074.2026/0000050-7;57620907000170;57620907 ALESSANDRO SOUSA PINTO;2842;2026;34;SMDHC;Secretaria Municipal de Direitos Humanos e Cidadania;10;Gabinete do Secretário;14;Direitos da Cidadania;422;Direitos Individuais, Coletivos e Difusos;4025;Políticas para Mulheres;6178;Manutenção e Operação de Equipamentos Públicos Voltados ao Atendimento;CPM;Mulheres;CPM - Equipamentos;3;Despesas Correntes;3;Outras Despesas Correntes;90;Aplicações Diretas;30;Material de Limpeza e Produção de Higienização;33903000;00.1.500.9001;Recursos não vinculados de Impostos;0;Diversos Materiais de Limpeza e Higienização;2;Material de Consumo;34.10.14.422.4025.6178.33903000.00.1.500.9001;1794.0;0.0;1794.0;1794.0;0.0;0.0;;500;9001;1;02/03/2026 09:48:52;;00;34;33903000;Material de Consumo;6178;und;Protetor Solar adicional: isento de óleo, fator proteção: fator 70, forma farmacêutica: loção cremosa, tipo proteção: uva/uvb;50;35.88
01;PREFEITURA DO MUNICÍPIO DE SÃO PAULO;8970;12589;2026;1;29/01/2026 00:00:00;6074.2021/0005337-7;27404769817;TIEKO YOSHIMOTO SAGA;-1;-1;34;SMDHC;Secretaria Municipal de Direitos Humanos e Cidadania;10;Gabinete do Secretário;14;Direitos da Cidadania;243;Assistência à Criança e ao Adolescente;4019;Proteção a Crianças e Adolescentes;2157;Administração dos Conselhos Tutelares;CT;Conselho Tutelar;CT - Administração;3;Despesas Correntes;3;Outras Despesas Correntes;90;Aplicações Diretas;36;Locação de Imóveis;33903600;00.1.500.9001;Recursos não vinculados de Impostos;0;Locação de Imóveis;1;Outros Serviços de Terceiros - Pessoa Física;34.10.14.243.4019.2157.33903600.00.1.500.9001;9527.98;0.0;9527.98;2646.66;2646.66;0.0;;500;9001;1;02/03/2026 09:48:52;;00;34;33903600;Contratação PF;2157;uni;Locação de Imóvel - Conselho Tutelar Ermelino Matarazzo - Reajuste (janeiro a 18/abril).;1;9527.98
01;PREFEITURA DO MUNICÍPIO DE SÃO PAULO;8970;12596;2026;1;29/01/2026 00:00:00;6074.2021/0005337-7;27404769817;TIEKO YOSHIMOTO SAGA;-1;-1;34;SMDHC;Secretaria Municipal de Direitos Humanos e Cidadania;10;Gabinete do Secretário;14;Direitos da Cidadania;243;Assistência à Criança e ao Adolescente;4019;Proteção a Crianças e Adolescentes;2157;Administração dos Conselhos Tutelares;CT;Conselho Tutelar;CT - Administração;3;Despesas Correntes;3;Outras Despesas Correntes;90;Aplicações Diretas;36;Locação de Imóveis;33903600;00.1.500.9001;Recursos não vinculados de Impostos;0;Locação de Imóveis;1;Outros Serviços de Terceiros - Pessoa Física;34.10.14.243.4019.2157.33903600.00.1.500.9001;729.43;0.0;729.43;202.62;202.62;0.0;;500;9001;1;02/03/2026 09:48:52;;00;34;33903600;Contratação PF;2157;uni;Locação de Imóvel - Conselho Tutelar Ermelino Matarazzo - Reajuste (janeiro a 18/abril).;1;729.43
01;PREFEITURA DO MUNICÍPIO DE SÃO PAULO;8970;12619;2026;1;29/01/2026 00:00:00;6074.2021/0005337-7;59872454868;MASATOSHI SAGA;-1;-1;34;SMDHC;Secretaria Municipal de Direitos Humanos e Cidadania;10;Gabinete do Secretário;14;Direitos da Cidadania;243;Assistência à Criança e ao Adolescente;4019;Proteção a Crianças e Adolescentes;2157;Administração dos Conselhos Tutelares;CT;Conselho Tutelar;CT - Administração;3;Despesas Correntes;3;Outras Despesas Correntes;90;Aplicações Diretas;36;Locação de Imóveis;33903600;00.1.500.9001;Recursos não vinculados de Impostos;0;Locação de Imóveis;1;Outros Serviços de Terceiros - Pessoa Física;34.10.14.243.4019.2157.33903600.00.1.500.9001;9528.01;0.0;9528.01;2646.67;2646.67;0.0;;500;9001;1;02/03/2026 09:48:52;;00;34;33903600;Contratação PF;2157;uni;Locação de Imóvel - Conselho Tutelar Ermelino Matarazzo - Principal (janeiro a 18/abril).;1;9528.01
01;PREFEITURA DO MUNICÍPIO DE SÃO PAULO;8970;12640;2026;1;29/01/2026 00:00:00;6074.2021/0005337-7;59872454868;MASATOSHI SAGA;-1;-1;34;SMDHC;Secretaria Municipal de Direitos Humanos e Cidadania;10;Gabinete do Secretário;14;Direitos da Cidadania;243;Assistência à Criança e ao Adolescente;4019;Proteção a Crianças e Adolescentes;2157;Administração dos Conselhos Tutelares;CT;Conselho Tutelar;CT - Administração;3;Despesas Correntes;3;Outras Despesas Correntes;90;Aplicações Diretas;36;Locação de Imóveis;33903600;00.1.500.9001;Recursos não vinculados de Impostos;0;Locação de Imóveis;1;Outros Serviços de Terceiros - Pessoa Física;34.10.14.243.4019.2157.33903600.00.1.500.9001;729.43;0.0;729.43;202.62;202.62;0.0;;500;9001;1;02/03/2026 09:48:52;;00;34;33903600;Contratação PF;2157;uni;Locação de Imóvel - Conselho Tutelar Ermelino Matarazzo - Reajuste (janeiro a 18/abril).;1;729.43
01;PREFEITURA DO MUNICÍPIO DE SÃO PAULO;8970;12660;2026;1;29/01/2026 00:00:00;6074.2021/0005337-7;59872454868;MASATOSHI SAGA;-1;-1;34;SMDHC;Secretaria Municipal de Direitos Humanos e Cidadania;10;Gabinete do Secretário;14;Direitos da Cidadania;243;Assistência à Criança e ao Adolescente;4019;Proteção a Crianças e Adolescentes;2157;Administração dos Conselhos Tutelares;CT;Conselho Tutelar;CT - Administração;3;Despesas Correntes;3;Outras Despesas Correntes;90;Aplicações Diretas;36;Locação de Imóveis;33903600;00.1.500.9001;Recursos não vinculados de Impostos;0;Despesas com Reembolso;1;Outros Serviços de Terceiros - Pessoa Física;34.10.14.243.4019.2157.33903600.00.1.500.9001;3049.2;0.0;3049.2;0.0;0.0;0.0;;500;9001;1;02/03/2026 09:48:52;;00;34;33903600;Contratação PF;2157;uni;Locação Conselho Tutelar Ermelino Matarazzo - IPTU/2026;1;3049.2
01;PREFEITURA DO MUNICÍPIO DE SÃO PAULO;8943;12675;2026;1;29/01/2026 00:00:00;6074.2024/0006637-7;36278780000183;MMM SOLUCOES CONSULTORIA E GESTAO EMPRESARIAL LTDA;-1;-1;34;SMDHC;Secretaria Municipal de Direitos Humanos e Cidadania;10;Gabinete do Secretário;14;Direitos da Cidadania;243;Assistência à Criança e ao Adolescente;4019;Proteção a Crianças e Adolescentes;2157;Administração dos Conselhos Tutelares;CT;Conselho Tutelar;CT - Administração;3;Despesas Correntes;3;Outras Despesas Correntes;90;Aplicações Diretas;39;Locação de Imóveis;33903900;00.1.500.9001;Recursos não vinculados de Impostos;0;Locação de Imóveis;1;Outros Serviços de Terceiros - Pessoa Jurídica;34.10.14.243.4019.2157.33903900.00.1.500.9001;84000.0;0.0;84000.0;7000.0;7000.0;0.0;;500;9001;1;02/03/2026 09:48:52;;00;34;33903900;Contratação PJ com Fins Lucrativos;2157;UND;TC Nº 017/SMDHC/2025 - Locação de Imóvel destinado ao Conselho Tutelar Guaianases;1;84000.0
01;PREFEITURA DO MUNICÍPIO DE SÃO PAULO;8944;12689;2026;1;29/01/2026 00:00:00;6074.2024/0006637-7;36278780000183;MMM SOLUCOES CONSULTORIA E GESTAO EMPRESARIAL LTDA;-1;-1;34;SMDHC;Secretaria Municipal de Direitos Humanos e Cidadania;10;Gabinete do Secretário;14;Direitos da Cidadania;243;Assistência à Criança e ao Adolescente;4019;Proteção a Crianças e Adolescentes;2157;Administração dos Conselhos Tutelares;CT;Conselho Tutelar;CT - Administração;3;Despesas Correntes;3;Outras Despesas Correntes;90;Aplicações Diretas;39;Locação de Imóveis;33903900;00.1.500.9001;Recursos não vinculados de Impostos;0;Despesas com Reembolso;1;Outros Serviços de Terceiros - Pessoa Jurídica;34.10.14.243.4019.2157.33903900.00.1.500.9001;720.8;0.0;720.8;0.0;0.0;0.0;;500;9001;1;02/03/2026 09:48:52;;00;34;33903900;Contratação PJ com Fins Lucrativos;2157;UND;TC Nº 017/SMDHC/2025 - Locação de Imóvel destinado ao Conselho Tutelar Guaianases - Reembolso de IPTU 2026;1;720.8
01;PREFEITURA DO MUNICÍPIO DE SÃO PAULO;11935;12809;2026;1;29/01/2026 00:00:00;6074.2024/0000430-4;00410317000000;FOLHA DE PAGAMENTO - CONSELHEIROS TUTELARES;-1;-1;34;SMDHC;Secretaria Municipal de Direitos Humanos e Cidadania;10;Gabinete do Secretário;14;Direitos da Cidadania;243;Assistência à Criança e ao Adolescente;4019;Proteção a Crianças e Adolescentes;2157;Administração dos Conselhos Tutelares;CT;Conselho Tutelar;CT - Administração;3;Despesas Correntes;1;Pessoal e Encargos Sociais;90;Aplicações Diretas;11;Remuneração por Participação em Órgãos de Deliberação Coletiva;31901100;00.1.500.9001;Recursos não vinculados de Impostos;0;Remuneração de Conselheiros Tutelares - RGPS;7;Vencimentos e Vantagens Fixas - Pessoal Civil;34.10.14.243.4019.2157.31901100.00.1.500.9001;1286033.24;0.0;1286033.24;1286033.24;1286033.24;0.0;;500;9001;1;02/03/2026 09:48:52;;00;34;31901100;Vencimentos e Vantagens Fixas - Pessoa Civil;2157;1;Anexo da Nota de empenho - Folha de Pagamento;1;1286033.24
01;PREFEITURA DO MUNICÍPIO DE SÃO PAULO;11936;12810;2026;1;29/01/2026 00:00:00;6074.2024/0000430-4;00410317000000;FOLHA DE PAGAMENTO - CONSELHEIROS TUTELARES;-1;-1;34;SMDHC;Secretaria Municipal de Direitos Humanos e Cidadania;10;Gabinete do Secretário;14;Direitos da Cidadania;243;Assistência à Criança e ao Adolescente;4019;Proteção a Crianças e Adolescentes;2157;Administração dos Conselhos Tutelares;CT;Conselho Tutelar;CT - Administração;3;Despesas Correntes;1;Pessoal e Encargos Sociais;90;Aplicações Diretas;11;13º Salário;31901100;00.1.500.9001;Recursos não vinculados de Impostos;0;13º Salário - Conselheiro Tutelar - RGPS;4;Vencimentos e Vantagens Fixas - Pessoal Civil;34.10.14.243.4019.2157.31901100.00.1.500.9001;198.62;0.0;198.62;198.62;198.62;0.0;;500;9001;1;02/03/2026 09:48:52;;00;34;31901100;Vencimentos e Vantagens Fixas - Pessoa Civil;2157;1;Anexo da Nota de empenho - Folha de Pagamento;1;198.62
01;PREFEITURA DO MUNICÍPIO DE SÃO PAULO;11937;12811;2026;1;29/01/2026 00:00:00;6074.2024/0000430-4;00410317000000;FOLHA DE PAGAMENTO - CONSELHEIROS TUTELARES;-1;-1;34;SMDHC;Secretaria Municipal de Direitos Humanos e Cidadania;10;Gabinete do Secretário;14;Direitos da Cidadania;243;Assistência à Criança e ao Adolescente;4019;Proteção a Crianças e Adolescentes;2157;Administração dos Conselhos Tutelares;CT;Conselho Tutelar;CT - Administração;3;Despesas Correntes;1;Pessoal e Encargos Sociais;90;Aplicações Diretas;11;Férias - Abono Constitucional;31901100;00.1.500.9001;Recursos não vinculados de Impostos;0;Férias - Abono 1/3 Constitucional - Conselheiro Tutelar - RGPS;4;Vencimentos e Vantagens Fixas - Pessoal Civil;34.10.14.243.4019.2157.31901100.00.1.500.9001;2429.5;0.0;2429.5;2429.5;2429.5;0.0;;500;9001;1;02/03/2026 09:48:52;;00;34;31901100;Vencimentos e Vantagens Fixas - Pessoa Civil;2157;1;Anexo da Nota de empenho - Folha de Pagamento;1;2429.5
01;PREFEITURA DO MUNICÍPIO DE SÃO PAULO;11938;12812;2026;1;29/01/2026 00:00:00;6074.2024/0000430-4;00410317000000;FOLHA DE PAGAMENTO - CONSELHEIROS TUTELARES;-1;-1;34;SMDHC;Secretaria Municipal de Direitos Humanos e Cidadania;10;Gabinete do Secretário;14;Direitos da Cidadania;243;Assistência à Criança e ao Adolescente;4019;Proteção a Crianças e Adolescentes;2157;Administração dos Conselhos Tutelares;CT;Conselho Tutelar;CT - Administração;3;Despesas Correntes;1;Pessoal e Encargos Sociais;90;Aplicações Diretas;11;Férias - Pagamento Antecipado;31901100;00.1.500.9001;Recursos não vinculados de Impostos;0;Férias - Adicional 1/3 - Conselheiro Tutelar RGPS;4;Vencimentos e Vantagens Fixas - Pessoal Civil;34.10.14.243.4019.2157.31901100.00.1.500.9001;37631.5;0.0;37631.5;37631.5;37631.5;0.0;;500;9001;1;02/03/2026 09:48:52;;00;34;31901100;Vencimentos e Vantagens Fixas - Pessoa Civil;2157;1;Anexo da Nota de empenho - Folha de Pagamento;1;37631.5
01;PREFEITURA DO MUNICÍPIO DE SÃO PAULO;11939;12813;2026;1;29/01/2026 00:00:00;6074.2024/0000430-4;00410317000000;FOLHA DE PAGAMENTO - CONSELHEIROS TUTELARES;-1;-1;34;SMDHC;Secretaria Municipal de Direitos Humanos e Cidadania;10;Gabinete do Secretário;14;Direitos da Cidadania;243;Assistência à Criança e ao Adolescente;4019;Proteção a Crianças e Adolescentes;2157;Administração dos Conselhos Tutelares;CT;Conselho Tutelar;CT - Administração;3;Despesas Correntes;3;Outras Despesas Correntes;90;Aplicações Diretas;46;Indenização Auxílio-Alimentação - Conselheiros Tutelares;33904600;00.1.500.9001;Recursos não vinculados de Impostos;0;Auxílio-Refeição - Conselheiros Tutelares - RGPS;0;Auxílio-Alimentação;34.10.14.243.4019.2157.33904600.00.1.500.9001;163031.52;0.0;163031.52;163031.52;163031.52;0.0;;500;9001;1;02/03/2026 09:48:52;;00;34;33904600;Auxílio - Alimentação;2157;1;Anexo da Nota de empenho - Folha de Pagamento;1;163031.52
01;PREFEITURA DO MUNICÍPIO DE SÃO PAULO;11940;12814;2026;1;29/01/2026 00:00:00;6074.2024/0000430-4;00410317000000;FOLHA DE PAGAMENTO - CONSELHEIROS TUTELARES;-1;-1;34;SMDHC;Secretaria Municipal de Direitos Humanos e Cidadania;10;Gabinete do Secretário;14;Direitos da Cidadania;243;Assistência à Criança e ao Adolescente;4019;Proteção a Crianças e Adolescentes;2157;Administração dos Conselhos Tutelares;CT;Conselho Tutelar;CT - Administração;3;Despesas Correntes;3;Outras Despesas Correntes;90;Aplicações Diretas;46;Indenização Auxílio-Alimentação - Conselheiros Tutelares;33904600;00.1.500.9001;Recursos não vinculados de Impostos;0;Auxílio-Alimentação - Conselheiros Tutelares - RGPS;0;Auxílio-Alimentação;34.10.14.243.4019.2157.33904600.00.1.500.9001;216163.24;0.0;216163.24;216163.24;216163.24;0.0;;500;9001;1;02/03/2026 09:48:52;;00;34;33904600;Auxílio - Alimentação;2157;1;Anexo da Nota de empenho - Folha de Pagamento;1;216163.24
01;PREFEITURA DO MUNICÍPIO DE SÃO PAULO;8947;12861;2026;1;29/01/2026 00:00:00;6048.2017/0000022-3;09240541000161;VENTURA EMPREENDIMENTOS E PARTICIPACOES LTDA;-1;-1;34;SMDHC;Secretaria Municipal de Direitos Humanos e Cidadania;10;Gabinete do Secretário;14;Direitos da Cidadania;243;Assistência à Criança e ao Adolescente;4019;Proteção a Crianças e Adolescentes;2157;Administração dos Conselhos Tutelares;CT;Conselho Tutelar;CT - Administração;3;Despesas Correntes;3;Outras Despesas Correntes;90;Aplicações Diretas;39;Locação de Imóveis;33903900;00.1.500.9001;Recursos não vinculados de Impostos;0;Locação de Imóveis;1;Outros Serviços de Terceiros - Pessoa Jurídica;34.10.14.243.4019.2157.33903900.00.1.500.9001;31842.5;0.0;31842.5;2843.08;2843.08;0.0;;500;9001;1;02/03/2026 09:48:52;;00;34;33903900;Contratação PJ com Fins Lucrativos;2157;UND;"Locação do imóvel destinado ao Conselho Tutelar Cangaíba - Principal (período de 01/01/2026 a 06/12/2025)
";1;31842.5
01;PREFEITURA DO MUNICÍPIO DE SÃO PAULO;8947;12872;2026;1;29/01/2026 00:00:00;6048.2017/0000022-3;09240541000161;VENTURA EMPREENDIMENTOS E PARTICIPACOES LTDA;-1;-1;34;SMDHC;Secretaria Municipal de Direitos Humanos e Cidadania;10;Gabinete do Secretário;14;Direitos da Cidadania;243;Assistência à Criança e ao Adolescente;4019;Proteção a Crianças e Adolescentes;2157;Administração dos Conselhos Tutelares;CT;Conselho Tutelar;CT - Administração;3;Despesas Correntes;3;Outras Despesas Correntes;90;Aplicações Diretas;39;Locação de Imóveis;33903900;00.1.500.9001;Recursos não vinculados de Impostos;0;Locação de Imóveis;1;Outros Serviços de Terceiros - Pessoa Jurídica;34.10.14.243.4019.2157.33903900.00.1.500.9001;12761.19;0.0;12761.19;1139.39;1139.39;0.0;;500;9001;1;02/03/2026 09:48:52;;00;34;33903900;Contratação PJ com Fins Lucrativos;2157;UND;"Locação do imóvel destinado ao Conselho Tutelar Cangaíba - Reajuste (período de 01/01/2026 a 06/12/2025)
";1;12761.19
01;PREFEITURA DO MUNICÍPIO DE SÃO PAULO;8948;12887;2026;1;29/01/2026 00:00:00;6048.2017/0000022-3;09240541000161;VENTURA EMPREENDIMENTOS E PARTICIPACOES LTDA;-1;-1;34;SMDHC;Secretaria Municipal de Direitos Humanos e Cidadania;10;Gabinete do Secretário;14;Direitos da Cidadania;243;Assistência à Criança e ao Adolescente;4019;Proteção a Crianças e Adolescentes;2157;Administração dos Conselhos Tutelares;CT;Conselho Tutelar;CT - Administração;3;Despesas Correntes;3;Outras Despesas Correntes;90;Aplicações Diretas;47;Impostos;33904700;00.1.500.9001;Recursos não vinculados de Impostos;0;IPTU;0;Obrigações Tributárias e Contributivas;34.10.14.243.4019.2157.33904700.00.1.500.9001;3315.0;0.0;3315.0;331.5;331.5;0.0;;500;9001;1;02/03/2026 09:48:52;;00;34;33904700;Obrigações Tributárias e Contributivas;2157;UND;Locação do imóvel destinado ao Conselho Tutelar Carnaíba - IPTU 2026;1;3315.0
01;PREFEITURA DO MUNICÍPIO DE SÃO PAULO;8967;12950;2026;1;29/01/2026 00:00:00;6074.2021/0004301-0;08467146800;IVO GIUNTI YOSHIOKA;-1;-1;34;SMDHC;Secretaria Municipal de Direitos Humanos e Cidadania;10;Gabinete do Secretário;14;Direitos da Cidadania;243;Assistência à Criança e ao Adolescente;4019;Proteção a Crianças e Adolescentes;2157;Administração dos Conselhos Tutelares;CT;Conselho Tutelar;CT - Administração;3;Despesas Correntes;3;Outras Despesas Correntes;90;Aplicações Diretas;36;Locação de Imóveis;33903600;00.1.500.9001;Recursos não vinculados de Impostos;0;Locação de Imóveis;1;Outros Serviços de Terceiros - Pessoa Física;34.10.14.243.4019.2157.33903600.00.1.500.9001;43666.66;0.0;43666.66;5000.0;5000.0;0.0;;500;9001;1;02/03/2026 09:48:52;;00;34;33903600;Contratação PF;2157;UND;Locação de imóvel destinado a instalação do Conselho Tutelar Butantã - Principal (período de 01/01/2026 a 22/09/2026);1;43666.66
01;PREFEITURA DO MUNICÍPIO DE SÃO PAULO;8967;12965;2026;1;29/01/2026 00:00:00;6074.2021/0004301-0;08467146800;IVO GIUNTI YOSHIOKA;-1;-1;34;SMDHC;Secretaria Municipal de Direitos Humanos e Cidadania;10;Gabinete do Secretário;14;Direitos da Cidadania;243;Assistência à Criança e ao Adolescente;4019;Proteção a Crianças e Adolescentes;2157;Administração dos Conselhos Tutelares;CT;Conselho Tutelar;CT - Administração;3;Despesas Correntes;3;Outras Despesas Correntes;90;Aplicações Diretas;36;Locação de Imóveis;33903600;00.1.500.9001;Recursos não vinculados de Impostos;0;Locação de Imóveis;1;Outros Serviços de Terceiros - Pessoa Física;34.10.14.243.4019.2157.33903600.00.1.500.9001;8982.06;0.0;8982.06;1028.48;1028.48;0.0;;500;9001;1;02/03/2026 09:48:52;;00;34;33903600;Contratação PF;2157;UND;Locação de imóvel destinado a instalação do Conselho Tutelar Butantã - Reajuste (período de 01/01/2026 a 22/09/2026);1;8982.06
01;PREFEITURA DO MUNICÍPIO DE SÃO PAULO;8967;12984;2026;1;29/01/2026 00:00:00;6074.2021/0004301-0;08467146800;IVO GIUNTI YOSHIOKA;-1;-1;34;SMDHC;Secretaria Municipal de Direitos Humanos e Cidadania;10;Gabinete do Secretário;14;Direitos da Cidadania;243;Assistência à Criança e ao Adolescente;4019;Proteção a Crianças e Adolescentes;2157;Administração dos Conselhos Tutelares;CT;Conselho Tutelar;CT - Administração;3;Despesas Correntes;3;Outras Despesas Correntes;90;Aplicações Diretas;36;Locação de Imóveis;33903600;00.1.500.9001;Recursos não vinculados de Impostos;0;Despesas com Reembolso;1;Outros Serviços de Terceiros - Pessoa Física;34.10.14.243.4019.2157.33903600.00.1.500.9001;8328.5;0.0;8328.5;0.0;0.0;0.0;;500;9001;1;02/03/2026 09:48:52;;00;34;33903600;Contratação PF;2157;UND;Locação de imóvel destinado a instalação do Conselho Tutelar Butantã - IPTU;1;8328.5
01;PREFEITURA DO MUNICÍPIO DE SÃO PAULO;8969;13033;2026;1;29/01/2026 00:00:00;6074.2022/0005957-1;08068879820;ERMOACI GUIMARAES SANTOS;-1;-1;34;SMDHC;Secretaria Municipal de Direitos Humanos e Cidadania;10;Gabinete do Secretário;14;Direitos da Cidadania;243;Assistência à Criança e ao Adolescente;4019;Proteção a Crianças e Adolescentes;2157;Administração dos Conselhos Tutelares;CT;Conselho Tutelar;CT - Administração;3;Despesas Correntes;3;Outras Despesas Correntes;90;Aplicações Diretas;36;Locação de Imóveis;33903600;00.1.500.9001;Recursos não vinculados de Impostos;0;Locação de Imóveis;1;Outros Serviços de Terceiros - Pessoa Física;34.10.14.243.4019.2157.33903600.00.1.500.9001;18750.0;0.0;18750.0;2250.0;2250.0;0.0;;500;9001;1;02/03/2026 09:48:52;;00;34;33903600;Contratação PF;2157;UND;Locação a destinada ao Conselho Tutelar Curuçá - Principal (período de 01/01/2026 a 10/09/2026);1;18750.0
01;PREFEITURA DO MUNICÍPIO DE SÃO PAULO;8969;13038;2026;1;29/01/2026 00:00:00;6074.2022/0005957-1;08068879820;ERMOACI GUIMARAES SANTOS;-1;-1;34;SMDHC;Secretaria Municipal de Direitos Humanos e Cidadania;10;Gabinete do Secretário;14;Direitos da Cidadania;243;Assistência à Criança e ao Adolescente;4019;Proteção a Crianças e Adolescentes;2157;Administração dos Conselhos Tutelares;CT;Conselho Tutelar;CT - Administração;3;Despesas Correntes;3;Outras Despesas Correntes;90;Aplicações Diretas;36;Locação de Imóveis;33903600;00.1.500.9001;Recursos não vinculados de Impostos;0;Locação de Imóveis;1;Outros Serviços de Terceiros - Pessoa Física;34.10.14.243.4019.2157.33903600.00.1.500.9001;975.0;0.0;975.0;117.0;117.0;0.0;;500;9001;1;02/03/2026 09:48:52;;00;34;33903600;Contratação PF;2157;UND;Locação a destinada ao Conselho Tutelar Curuçá - Reajuste (período de 01/01/2026 a 10/09/2026);1;975.0
01;PREFEITURA DO MUNICÍPIO DE SÃO PAULO;8969;13043;2026;1;29/01/2026 00:00:00;6074.2022/0005957-1;17124951860;ELIZABETH DE ARAUJO SANTOS;-1;-1;34;SMDHC;Secretaria Municipal de Direitos Humanos e Cidadania;10;Gabinete do Secretário;14;Direitos da Cidadania;243;Assistência à Criança e ao Adolescente;4019;Proteção a Crianças e Adolescentes;2157;Administração dos Conselhos Tutelares;CT;Conselho Tutelar;CT - Administração;3;Despesas Correntes;3;Outras Despesas Correntes;90;Aplicações Diretas;36;Locação de Imóveis;33903600;00.1.500.9001;Recursos não vinculados de Impostos;0;Locação de Imóveis;1;Outros Serviços de Terceiros - Pessoa Física;34.10.14.243.4019.2157.33903600.00.1.500.9001;18750.0;0.0;18750.0;2250.0;2250.0;0.0;;500;9001;1;02/03/2026 09:48:52;;00;34;33903600;Contratação PF;2157;UND;Locação a destinada ao Conselho Tutelar Curuçá - Principal (período de 01/01/2026 a 10/09/2026);1;18750.0
01;PREFEITURA DO MUNICÍPIO DE SÃO PAULO;8969;13047;2026;1;29/01/2026 00:00:00;6074.2022/0005957-1;17124951860;ELIZABETH DE ARAUJO SANTOS;-1;-1;34;SMDHC;Secretaria Municipal de Direitos Humanos e Cidadania;10;Gabinete do Secretário;14;Direitos da Cidadania;243;Assistência à Criança e ao Adolescente;4019;Proteção a Crianças e Adolescentes;2157;Administração dos Conselhos Tutelares;CT;Conselho Tutelar;CT - Administração;3;Despesas Correntes;3;Outras Despesas Correntes;90;Aplicações Diretas;36;Locação de Imóveis;33903600;00.1.500.9001;Recursos não vinculados de Impostos;0;Locação de Imóveis;1;Outros Serviços de Terceiros - Pessoa Física;34.10.14.243.4019.2157.33903600.00.1.500.9001;975.0;0.0;975.0;117.0;117.0;0.0;;500;9001;1;02/03/2026 09:48:52;;00;34;33903600;Contratação PF;2157;UND;Locação a destinada ao Conselho Tutelar Curuçá - Reajuste (período de 01/01/2026 a 10/09/2026);1;975.0
01;PREFEITURA DO MUNICÍPIO DE SÃO PAULO;8977;13070;2026;1;29/01/2026 00:00:00;6074.2023/0004405-3;12493460880;ARI MOTA NETO;-1;-1;34;SMDHC;Secretaria Municipal de Direitos Humanos e Cidadania;10;Gabinete do Secretário;14;Direitos da Cidadania;243;Assistência à Criança e ao Adolescente;4019;Proteção a Crianças e Adolescentes;2157;Administração dos Conselhos Tutelares;CT;Conselho Tutelar;CT - Administração;3;Despesas Correntes;3;Outras Despesas Correntes;90;Aplicações Diretas;36;Locação de Imóveis;33903600;00.1.500.9001;Recursos não vinculados de Impostos;0;Locação de Imóveis;1;Outros Serviços de Terceiros - Pessoa Física;34.10.14.243.4019.2157.33903600.00.1.500.9001;61800.0;0.0;61800.0;6000.0;6000.0;0.0;;500;9001;1;02/03/2026 09:48:52;;00;34;33903600;Contratação PF;2157;UND;Locação destinada às instalações do Conselho Tutelar da Mooca (01/01 a 09/11/2026) - Principal;1;61800.0
01;PREFEITURA DO MUNICÍPIO DE SÃO PAULO;8977;13075;2026;1;29/01/2026 00:00:00;6074.2023/0004405-3;12493460880;ARI MOTA NETO;-1;-1;34;SMDHC;Secretaria Municipal de Direitos Humanos e Cidadania;10;Gabinete do Secretário;14;Direitos da Cidadania;243;Assistência à Criança e ao Adolescente;4019;Proteção a Crianças e Adolescentes;2157;Administração dos Conselhos Tutelares;CT;Conselho Tutelar;CT - Administração;3;Despesas Correntes;3;Outras Despesas Correntes;90;Aplicações Diretas;36;Locação de Imóveis;33903600;00.1.500.9001;Recursos não vinculados de Impostos;0;Locação de Imóveis;1;Outros Serviços de Terceiros - Pessoa Física;34.10.14.243.4019.2157.33903600.00.1.500.9001;5590.84;0.0;5590.84;542.8;542.8;0.0;;500;9001;1;02/03/2026 09:48:52;;00;34;33903600;Contratação PF;2157;UND;Locação destinada às instalações do Conselho Tutelar da Mooca (01/01 a 09/11/2026) - Reajuste;1;5590.84
01;PREFEITURA DO MUNICÍPIO DE SÃO PAULO;8977;13084;2026;1;29/01/2026 00:00:00;6074.2023/0004405-3;12493460880;ARI MOTA NETO;-1;-1;34;SMDHC;Secretaria Municipal de Direitos Humanos e Cidadania;10;Gabinete do Secretário;14;Direitos da Cidadania;243;Assistência à Criança e ao Adolescente;4019;Proteção a Crianças e Adolescentes;2157;Administração dos Conselhos Tutelares;CT;Conselho Tutelar;CT - Administração;3;Despesas Correntes;3;Outras Despesas Correntes;90;Aplicações Diretas;36;Locação de Imóveis;33903600;00.1.500.9001;Recursos não vinculados de Impostos;0;Despesas com Reembolso;1;Outros Serviços de Terceiros - Pessoa Física;34.10.14.243.4019.2157.33903600.00.1.500.9001;8340.2;0.0;8340.2;834.02;834.02;0.0;;500;9001;1;02/03/2026 09:48:52;;00;34;33903600;Contratação PF;2157;UND;Locação destinada às instalações do Conselho Tutelar da Mooca - Reembolso de IPTU 2026;1;8340.2
01;PREFEITURA DO MUNICÍPIO DE SÃO PAULO;8993;13101;2026;1;29/01/2026 00:00:00;6074.2020/0002679-3;25691793888;RENATA URSAIA XAVIER DOS SANTOS;-1;-1;34;SMDHC;Secretaria Municipal de Direitos Humanos e Cidadania;10;Gabinete do Secretário;14;Direitos da Cidadania;243;Assistência à Criança e ao Adolescente;4019;Proteção a Crianças e Adolescentes;2157;Administração dos Conselhos Tutelares;CT;Conselho Tutelar;CT - Administração;3;Despesas Correntes;3;Outras Despesas Correntes;90;Aplicações Diretas;36;Locação de Imóveis;33903600;00.1.500.9001;Recursos não vinculados de Impostos;0;Locação de Imóveis;1;Outros Serviços de Terceiros - Pessoa Física;34.10.14.243.4019.2157.33903600.00.1.500.9001;64000.0;0.0;64000.0;8000.0;8000.0;0.0;;500;9001;1;02/03/2026 09:48:52;;00;34;33903600;Contratação PF;2157;UND;Locação Conselho Tutelar Pinheiros - 01/01 a 31/08/2026 - Principal;1;64000.0
01;PREFEITURA DO MUNICÍPIO DE SÃO PAULO;8993;13105;2026;1;29/01/2026 00:00:00;6074.2020/0002679-3;25691793888;RENATA URSAIA XAVIER DOS SANTOS;-1;-1;34;SMDHC;Secretaria Municipal de Direitos Humanos e Cidadania;10;Gabinete do Secretário;14;Direitos da Cidadania;243;Assistência à Criança e ao Adolescente;4019;Proteção a Crianças e Adolescentes;2157;Administração dos Conselhos Tutelares;CT;Conselho Tutelar;CT - Administração;3;Despesas Correntes;3;Outras Despesas Correntes;90;Aplicações Diretas;36;Locação de Imóveis;33903600;00.1.500.9001;Recursos não vinculados de Impostos;0;Locação de Imóveis;1;Outros Serviços de Terceiros - Pessoa Física;34.10.14.243.4019.2157.33903600.00.1.500.9001;18694.4;0.0;18694.4;2336.8;2336.8;0.0;;500;9001;1;02/03/2026 09:48:52;;00;34;33903600;Contratação PF;2157;UND;Locação Conselho Tutelar Pinheiros - 01/01 a 31/08/2026 - Reajuste;1;18694.4
01;PREFEITURA DO MUNICÍPIO DE SÃO PAULO;8994;13109;2026;1;29/01/2026 00:00:00;6074.2020/0002679-3;25691793888;RENATA URSAIA XAVIER DOS SANTOS;-1;-1;34;SMDHC;Secretaria Municipal de Direitos Humanos e Cidadania;10;Gabinete do Secretário;14;Direitos da Cidadania;243;Assistência à Criança e ao Adolescente;4019;Proteção a Crianças e Adolescentes;2157;Administração dos Conselhos Tutelares;CT;Conselho Tutelar;CT - Administração;3;Despesas Correntes;3;Outras Despesas Correntes;90;Aplicações Diretas;47;Impostos;33904700;00.1.500.9001;Recursos não vinculados de Impostos;0;IPTU;0;Obrigações Tributárias e Contributivas;34.10.14.243.4019.2157.33904700.00.1.500.9001;10031.0;0.0;10031.0;1003.1;1003.1;0.0;;500;9001;1;02/03/2026 09:48:52;;00;34;33904700;Obrigações Tributárias e Contributivas;2157;UND;Locação do Conselho Tutelar Pinheiros - IPTU - 2026;1;10031.0
01;PREFEITURA DO MUNICÍPIO DE SÃO PAULO;11759;13242;2026;1;30/01/2026 00:00:00;6011.2024/0003580-0;20321273000145;TOTAL FACILITY SERVICOS LTDA;638;2025;34;SMDHC;Secretaria Municipal de Direitos Humanos e Cidadania;10;Gabinete do Secretário;14;Direitos da Cidadania;122;Administração Geral;4001;Suporte Administrativo;2100;Administração da Unidade;ADM;Administração;ADM;3;Despesas Correntes;3;Outras Despesas Correntes;90;Aplicações Diretas;39;Serviços Domésticos;33903900;00.1.500.9001;Recursos não vinculados de Impostos;0;Copeiragem ;4;Outros Serviços de Terceiros - Pessoa Jurídica;34.10.14.122.4001.2100.33903900.00.1.500.9001;2828.36;0.0;2828.36;0.0;0.0;0.0;;500;9001;1;02/03/2026 09:48:52;;00;34;33903900;Contratação PJ com Fins Lucrativos;2100;DIA;Prestação de serviços de copeiragem, sendo necessário o seguinte profissional: 1 (uma) copeira. (01/01 a 20/01/2026);20;141.41
01;PREFEITURA DO MUNICÍPIO DE SÃO PAULO;11759;13267;2026;1;30/01/2026 00:00:00;6011.2024/0003580-0;20321273000145;TOTAL FACILITY SERVICOS LTDA;638;2025;34;SMDHC;Secretaria Municipal de Direitos Humanos e Cidadania;10;Gabinete do Secretário;14;Direitos da Cidadania;122;Administração Geral;4001;Suporte Administrativo;2100;Administração da Unidade;ADM;Administração;ADM;3;Despesas Correntes;3;Outras Despesas Correntes;90;Aplicações Diretas;39;Serviços Domésticos;33903900;00.1.500.9001;Recursos não vinculados de Impostos;0;Copeiragem ;4;Outros Serviços de Terceiros - Pessoa Jurídica;34.10.14.122.4001.2100.33903900.00.1.500.9001;48082.12;0.0;48082.12;0.0;0.0;0.0;;500;9001;1;02/03/2026 09:48:52;;00;34;33903900;Contratação PJ com Fins Lucrativos;2100;DIA | MES;Prestação de serviços de copeiragem, sendo necessário o seguinte profissional: 1 (uma) copeira. (21/01 a 31/01/2026) | Prestação de serviços de copeiragem, sendo necessário o seguinte profissional: 1 (uma) copeira. (01/02 a 31/12/2026);10 | 11;141.41 | 4242.54
01;PREFEITURA DO MUNICÍPIO DE SÃO PAULO;180;13343;2026;1;30/01/2026 00:00:00;6074.2026/0000165-1;53089257000128;D S A CHAVES  LTDA;3083;2026;34;SMDHC;Secretaria Municipal de Direitos Humanos e Cidadania;10;Gabinete do Secretário;14;Direitos da Cidadania;122;Administração Geral;4001;Suporte Administrativo;2100;Administração da Unidade;ADM;Administração;ADM;3;Despesas Correntes;3;Outras Despesas Correntes;90;Aplicações Diretas;30;Material de Expediente;33903000;00.1.500.9001;Recursos não vinculados de Impostos;9;Diversos Materiais de Expediente;1;Material de Consumo;34.10.14.122.4001.2100.33903000.00.1.500.9001;5651.0;0.0;5651.0;0.0;0.0;0.0;;500;9001;1;02/03/2026 09:48:52;;00;34;33903000;Material de Consumo;2100;UND | UND | UND | UND | UND | UND | UND;"Nykon - Carimbo de Madeira Pequeno - 01 a 10 cm | Nykon - Carimbo de Madeira Médio - 11 a 20 cm | Nykon - Carimbo de Madeira Grande - 21 a 30 cm | Nykon - Carimbo Automático Pequeno - 3,8 X 1,4 cm | Nykon - Carimbo Automático Médio - 4,7 X 1,8 cm | Nykon - Refil para Carimbo Automático tamanho Pequeno
(medida 3,8 x 1,4 cm) e Médio ( medida 4,7 x 1,8 cm) | Nykon - Troca de borracha de carimbo automático Pequeno
(medida 3,8 x 1,4 cm) e Médio ( medida 4,7 x 1,8 cm)";10 | 10 | 10 | 50 | 50 | 50 | 50;14.0 | 15.0 | 16.1 | 35.0 | 39.0 | 15.0 | 15.0
01;PREFEITURA DO MUNICÍPIO DE SÃO PAULO;8990;13368;2026;1;30/01/2026 00:00:00;6074.2023/0004983-7;27690679820;MINAS BALAKDJIAN;-1;-1;34;SMDHC;Secretaria Municipal de Direitos Humanos e Cidadania;10;Gabinete do Secretário;14;Direitos da Cidadania;243;Assistência à Criança e ao Adolescente;4019;Proteção a Crianças e Adolescentes;2157;Administração dos Conselhos Tutelares;CT;Conselho Tutelar;CT - Administração;3;Despesas Correntes;3;Outras Despesas Correntes;90;Aplicações Diretas;36;Locação de Imóveis;33903600;00.1.500.9001;Recursos não vinculados de Impostos;0;Locação de Imóveis;1;Outros Serviços de Terceiros - Pessoa Física;34.10.14.243.4019.2157.33903600.00.1.500.9001;54000.0;0.0;54000.0;4500.0;4500.0;0.0;;500;9001;1;02/03/2026 09:48:52;;00;34;33903600;Contratação PF;2157;UND;Locação destinada às instalações do Conselho Tutelar Casa Verde.;1;54000.0
01;PREFEITURA DO MUNICÍPIO DE SÃO PAULO;8990;13373;2026;1;30/01/2026 00:00:00;6074.2023/0004983-7;27690679820;MINAS BALAKDJIAN;-1;-1;34;SMDHC;Secretaria Municipal de Direitos Humanos e Cidadania;10;Gabinete do Secretário;14;Direitos da Cidadania;243;Assistência à Criança e ao Adolescente;4019;Proteção a Crianças e Adolescentes;2157;Administração dos Conselhos Tutelares;CT;Conselho Tutelar;CT - Administração;3;Despesas Correntes;3;Outras Despesas Correntes;90;Aplicações Diretas;36;Locação de Imóveis;33903600;00.1.500.9001;Recursos não vinculados de Impostos;0;Locação de Imóveis;1;Outros Serviços de Terceiros - Pessoa Física;34.10.14.243.4019.2157.33903600.00.1.500.9001;2808.0;0.0;2808.0;234.0;234.0;0.0;;500;9001;1;02/03/2026 09:48:52;;00;34;33903600;Contratação PF;2157;UND;Locação destinada às instalações do Conselho Tutelar Casa Verde.;1;2808.0
01;PREFEITURA DO MUNICÍPIO DE SÃO PAULO;8990;13375;2026;1;30/01/2026 00:00:00;6074.2023/0004983-7;16380429859;ELISANGELA BALAKDJIAN STANKUNAS;-1;-1;34;SMDHC;Secretaria Municipal de Direitos Humanos e Cidadania;10;Gabinete do Secretário;14;Direitos da Cidadania;243;Assistência à Criança e ao Adolescente;4019;Proteção a Crianças e Adolescentes;2157;Administração dos Conselhos Tutelares;CT;Conselho Tutelar;CT - Administração;3;Despesas Correntes;3;Outras Despesas Correntes;90;Aplicações Diretas;36;Locação de Imóveis;33903600;00.1.500.9001;Recursos não vinculados de Impostos;0;Locação de Imóveis;1;Outros Serviços de Terceiros - Pessoa Física;34.10.14.243.4019.2157.33903600.00.1.500.9001;27000.0;0.0;27000.0;2250.0;2250.0;0.0;;500;9001;1;02/03/2026 09:48:52;;00;34;33903600;Contratação PF;2157;UND;Locação destinada às instalações do Conselho Tutelar Casa Verde.;1;27000.0
01;PREFEITURA DO MUNICÍPIO DE SÃO PAULO;8990;13376;2026;1;30/01/2026 00:00:00;6074.2023/0004983-7;16380429859;ELISANGELA BALAKDJIAN STANKUNAS;-1;-1;34;SMDHC;Secretaria Municipal de Direitos Humanos e Cidadania;10;Gabinete do Secretário;14;Direitos da Cidadania;243;Assistência à Criança e ao Adolescente;4019;Proteção a Crianças e Adolescentes;2157;Administração dos Conselhos Tutelares;CT;Conselho Tutelar;CT - Administração;3;Despesas Correntes;3;Outras Despesas Correntes;90;Aplicações Diretas;36;Locação de Imóveis;33903600;00.1.500.9001;Recursos não vinculados de Impostos;0;Locação de Imóveis;1;Outros Serviços de Terceiros - Pessoa Física;34.10.14.243.4019.2157.33903600.00.1.500.9001;1404.0;0.0;1404.0;117.0;117.0;0.0;;500;9001;1;02/03/2026 09:48:52;;00;34;33903600;Contratação PF;2157;UND;Locação destinada às instalações do Conselho Tutelar Casa Verde.;1;1404.0
01;PREFEITURA DO MUNICÍPIO DE SÃO PAULO;8990;13378;2026;1;30/01/2026 00:00:00;6074.2023/0004983-7;25240422869;ROSANGELA BALAKDJIAN;-1;-1;34;SMDHC;Secretaria Municipal de Direitos Humanos e Cidadania;10;Gabinete do Secretário;14;Direitos da Cidadania;243;Assistência à Criança e ao Adolescente;4019;Proteção a Crianças e Adolescentes;2157;Administração dos Conselhos Tutelares;CT;Conselho Tutelar;CT - Administração;3;Despesas Correntes;3;Outras Despesas Correntes;90;Aplicações Diretas;36;Locação de Imóveis;33903600;00.1.500.9001;Recursos não vinculados de Impostos;0;Locação de Imóveis;1;Outros Serviços de Terceiros - Pessoa Física;34.10.14.243.4019.2157.33903600.00.1.500.9001;27000.0;0.0;27000.0;2250.0;2250.0;0.0;;500;9001;1;02/03/2026 09:48:52;;00;34;33903600;Contratação PF;2157;UND;Locação destinada às instalações do Conselho Tutelar Casa Verde.;1;27000.0
01;PREFEITURA DO MUNICÍPIO DE SÃO PAULO;8990;13379;2026;1;30/01/2026 00:00:00;6074.2023/0004983-7;25240422869;ROSANGELA BALAKDJIAN;-1;-1;34;SMDHC;Secretaria Municipal de Direitos Humanos e Cidadania;10;Gabinete do Secretário;14;Direitos da Cidadania;243;Assistência à Criança e ao Adolescente;4019;Proteção a Crianças e Adolescentes;2157;Administração dos Conselhos Tutelares;CT;Conselho Tutelar;CT - Administração;3;Despesas Correntes;3;Outras Despesas Correntes;90;Aplicações Diretas;36;Locação de Imóveis;33903600;00.1.500.9001;Recursos não vinculados de Impostos;0;Locação de Imóveis;1;Outros Serviços de Terceiros - Pessoa Física;34.10.14.243.4019.2157.33903600.00.1.500.9001;1404.0;0.0;1404.0;117.0;117.0;0.0;;500;9001;1;02/03/2026 09:48:52;;00;34;33903600;Contratação PF;2157;UND;Locação destinada às instalações do Conselho Tutelar Casa Verde.;1;1404.0
01;PREFEITURA DO MUNICÍPIO DE SÃO PAULO;8990;13382;2026;1;30/01/2026 00:00:00;6074.2023/0004983-7;27690679820;MINAS BALAKDJIAN;-1;-1;34;SMDHC;Secretaria Municipal de Direitos Humanos e Cidadania;10;Gabinete do Secretário;14;Direitos da Cidadania;243;Assistência à Criança e ao Adolescente;4019;Proteção a Crianças e Adolescentes;2157;Administração dos Conselhos Tutelares;CT;Conselho Tutelar;CT - Administração;3;Despesas Correntes;3;Outras Despesas Correntes;90;Aplicações Diretas;36;Locação de Imóveis;33903600;00.1.500.9001;Recursos não vinculados de Impostos;0;Despesas com Reembolso;1;Outros Serviços de Terceiros - Pessoa Física;34.10.14.243.4019.2157.33903600.00.1.500.9001;2486.2;0.0;2486.2;0.0;0.0;0.0;;500;9001;1;02/03/2026 09:48:52;;00;34;33903600;Contratação PF;2157;UND;Reembolso IPTU - Locação destinada às instalações do Conselho Tutelar Casa Verde.;1;2486.2
01;PREFEITURA DO MUNICÍPIO DE SÃO PAULO;7334;13535;2026;1;30/01/2026 00:00:00;6074.2026/0000245-3;09538374000130;ML RODRIGUES COMERCIAL LTDA;3153;2026;34;SMDHC;Secretaria Municipal de Direitos Humanos e Cidadania;10;Gabinete do Secretário;14;Direitos da Cidadania;422;Direitos Individuais, Coletivos e Difusos;4025;Políticas para Mulheres;6178;Manutenção e Operação de Equipamentos Públicos Voltados ao Atendimento;CPM;Mulheres;CPM - Equipamentos;3;Despesas Correntes;3;Outras Despesas Correntes;90;Aplicações Diretas;30;Material de Sinalização Visual e Afins;33903000;00.1.500.9001;Recursos não vinculados de Impostos;9;Diversos Materiais de Sinalização Visual e Afins;4;Material de Consumo;34.10.14.422.4025.6178.33903000.00.1.500.9001;1600.0;0.0;1600.0;1600.0;0.0;0.0;;500;9001;1;02/03/2026 09:48:52;;00;34;33903000;Material de Consumo;6178;UND | UND | UND | UND;"Pulseira de identificação: material: sintético tipo de fecho: adesivo dimensões totais aproximadas: ˜
25 cm de comprimento x ˜ 2,5 cm de largura, resistente à água cor laranja. Marca bad mediatech
prints | Pulseira de identificação: material: sintético tipo de fecho: adesivo dimensões totais aproximadas: ˜
25 cm de comprimento x ˜ 2,5 cm de largura, resistente à água cor branca. Marca bad mediatech
prints 
 | Pulseira de identificação: material: sintético tipo de fecho: adesivo dimensões totais aproximadas: ˜
25 cm de comprimento x ˜ 2,5 cm de largura, resistente à água cor: rosa. Marca bad mediatech
prints | Pulseira de identificação: material: sintético tipo de fecho: adesivo dimensões totais aproximadas: ˜
25 cm de comprimento x ˜ 2,5 cm de largura, resistente à água cor: amarela. Marca bad mediatech
prints ";5000 | 5000 | 5000 | 5000;0.08 | 0.08 | 0.08 | 0.08
01;PREFEITURA DO MUNICÍPIO DE SÃO PAULO;287;13630;2026;1;30/01/2026 00:00:00;6074.2021/0006548-0;48295566849;JOSE ANTONIO FLORIO;-1;-1;34;SMDHC;Secretaria Municipal de Direitos Humanos e Cidadania;10;Gabinete do Secretário;14;Direitos da Cidadania;243;Assistência à Criança e ao Adolescente;4019;Proteção a Crianças e Adolescentes;2157;Administração dos Conselhos Tutelares;CT;Conselho Tutelar;CT - Administração;3;Despesas Correntes;3;Outras Despesas Correntes;90;Aplicações Diretas;36;Locação de Imóveis;33903600;00.1.500.9001;Recursos não vinculados de Impostos;0;Despesas com Reembolso;1;Outros Serviços de Terceiros - Pessoa Física;34.10.14.243.4019.2157.33903600.00.1.500.9001;5002.8;0.0;5002.8;0.0;0.0;0.0;;500;9001;1;02/03/2026 09:48:52;;00;34;33903600;Contratação PF;2157;UND;Conselho Tutelar Brasilândia - Reembolso IPTU 2026;1;5002.8
01;PREFEITURA DO MUNICÍPIO DE SÃO PAULO;206;13637;2026;1;30/01/2026 00:00:00;6074.2021/0006548-0;48295566849;JOSE ANTONIO FLORIO;-1;-1;34;SMDHC;Secretaria Municipal de Direitos Humanos e Cidadania;10;Gabinete do Secretário;14;Direitos da Cidadania;243;Assistência à Criança e ao Adolescente;4019;Proteção a Crianças e Adolescentes;2157;Administração dos Conselhos Tutelares;CT;Conselho Tutelar;CT - Administração;3;Despesas Correntes;3;Outras Despesas Correntes;90;Aplicações Diretas;36;Locação de Imóveis;33903600;00.1.500.9001;Recursos não vinculados de Impostos;0;Locação de Imóveis;1;Outros Serviços de Terceiros - Pessoa Física;34.10.14.243.4019.2157.33903600.00.1.500.9001;49350.0;0.0;49350.0;0.0;0.0;0.0;;500;9001;1;02/03/2026 09:48:52;;00;34;33903600;Contratação PF;2157;UND;Locação do Imóvel Conselho Tutelar Brasilândia - Principal;1;49350.0
01;PREFEITURA DO MUNICÍPIO DE SÃO PAULO;206;13651;2026;1;30/01/2026 00:00:00;6074.2021/0006548-0;48295566849;JOSE ANTONIO FLORIO;-1;-1;34;SMDHC;Secretaria Municipal de Direitos Humanos e Cidadania;10;Gabinete do Secretário;14;Direitos da Cidadania;243;Assistência à Criança e ao Adolescente;4019;Proteção a Crianças e Adolescentes;2157;Administração dos Conselhos Tutelares;CT;Conselho Tutelar;CT - Administração;3;Despesas Correntes;3;Outras Despesas Correntes;90;Aplicações Diretas;36;Locação de Imóveis;33903600;00.1.500.9001;Recursos não vinculados de Impostos;0;Locação de Imóveis;1;Outros Serviços de Terceiros - Pessoa Física;34.10.14.243.4019.2157.33903600.00.1.500.9001;9366.63;0.0;9366.63;0.0;0.0;0.0;;500;9001;1;02/03/2026 09:48:52;;00;34;33903600;Contratação PF;2157;und;Locação do Imóvel Conselho Tutelar Brasilândia - Reajuste;1;9366.63
01;PREFEITURA DO MUNICÍPIO DE SÃO PAULO;12749;13672;2026;1;30/01/2026 00:00:00;0000.0000/0000000-0;00000000999962;FOLHA DE PAGAMENTO _ EXECUTIVO;-1;-1;34;SMDHC;Secretaria Municipal de Direitos Humanos e Cidadania;10;Gabinete do Secretário;14;Direitos da Cidadania;122;Administração Geral;4001;Suporte Administrativo;2100;Administração da Unidade;ADM;Administração;ADM;3;Despesas Correntes;3;Outras Despesas Correntes;90;Aplicações Diretas;49;Indenização Auxílio-Transporte;33904900;00.1.500.9001;Recursos não vinculados de Impostos;0;Auxílio-Transporte - RPPS;0;Auxílio-Transporte;34.10.14.122.4001.2100.33904900.00.1.500.9001;7244.92;0.0;7244.92;7244.92;7244.92;0.0;;500;9001;1;02/03/2026 09:48:52;;00;34;33904900;Auxílio - Transporte;2100;1;Anexo da Nota de empenho - Folha de Pagamento.;1;7244.92
01;PREFEITURA DO MUNICÍPIO DE SÃO PAULO;12822;13745;2026;1;30/01/2026 00:00:00;0000.0000/0000000-0;00000000999962;FOLHA DE PAGAMENTO _ EXECUTIVO;-1;-1;34;SMDHC;Secretaria Municipal de Direitos Humanos e Cidadania;10;Gabinete do Secretário;14;Direitos da Cidadania;122;Administração Geral;4001;Suporte Administrativo;2100;Administração da Unidade;ADM;Administração;ADM;3;Despesas Correntes;3;Outras Despesas Correntes;90;Aplicações Diretas;49;Indenização Auxílio-Transporte;33904900;00.1.500.9001;Recursos não vinculados de Impostos;0;Auxílio-Transporte - RGPS;0;Auxílio-Transporte;34.10.14.122.4001.2100.33904900.00.1.500.9001;12550.63;0.0;12550.63;12550.63;12550.63;0.0;;500;9001;1;02/03/2026 09:48:52;;00;34;33904900;Auxílio - Transporte;2100;1;Anexo da Nota de empenho - Folha de Pagamento.;1;12550.63
01;PREFEITURA DO MUNICÍPIO DE SÃO PAULO;12896;13819;2026;1;30/01/2026 00:00:00;0000.0000/0000000-0;00000000999962;FOLHA DE PAGAMENTO _ EXECUTIVO;-1;-1;34;SMDHC;Secretaria Municipal de Direitos Humanos e Cidadania;10;Gabinete do Secretário;14;Direitos da Cidadania;122;Administração Geral;4001;Suporte Administrativo;2100;Administração da Unidade;ADM;Administração;ADM;3;Despesas Correntes;3;Outras Despesas Correntes;90;Aplicações Diretas;46;Indenização Auxílio-Alimentação - Em Pecúnia;33904600;00.1.500.9001;Recursos não vinculados de Impostos;0;Vale-Refeição - RPPS;0;Auxílio-Alimentação;34.10.14.122.4001.2100.33904600.00.1.500.9001;65359.19;0.0;65359.19;65359.19;65359.19;0.0;;500;9001;1;02/03/2026 09:48:52;;00;34;33904600;Auxílio - Alimentação;2100;1;Anexo da Nota de empenho - Folha de Pagamento.;1;65359.19
01;PREFEITURA DO MUNICÍPIO DE SÃO PAULO;13051;13973;2026;1;30/01/2026 00:00:00;0000.0000/0000000-0;00000000999962;FOLHA DE PAGAMENTO _ EXECUTIVO;-1;-1;34;SMDHC;Secretaria Municipal de Direitos Humanos e Cidadania;10;Gabinete do Secretário;14;Direitos da Cidadania;122;Administração Geral;4001;Suporte Administrativo;2100;Administração da Unidade;ADM;Administração;ADM;3;Despesas Correntes;1;Pessoal e Encargos Sociais;90;Aplicações Diretas;11;Vencimentos e Salários;31901100;00.1.500.9001;Recursos não vinculados de Impostos;2;RGPS - PMSP;0;Vencimentos e Vantagens Fixas - Pessoal Civil;34.10.14.122.4001.2100.31901100.00.1.500.9001;1830033.9;0.0;1830033.9;1830033.9;1830033.9;0.0;;500;9001;1;02/03/2026 09:48:53;;00;34;31901100;Vencimentos e Vantagens Fixas - Pessoa Civil;2100;1;Anexo da Nota de empenho - Folha de Pagamento.;1;1830033.9
01;PREFEITURA DO MUNICÍPIO DE SÃO PAULO;13062;13984;2026;1;30/01/2026 00:00:00;0000.0000/0000000-0;00000000999962;FOLHA DE PAGAMENTO _ EXECUTIVO;-1;-1;34;SMDHC;Secretaria Municipal de Direitos Humanos e Cidadania;10;Gabinete do Secretário;14;Direitos da Cidadania;122;Administração Geral;4001;Suporte Administrativo;2100;Administração da Unidade;ADM;Administração;ADM;3;Despesas Correntes;3;Outras Despesas Correntes;90;Aplicações Diretas;46;Indenização Auxílio-Alimentação - Em Pecúnia;33904600;00.1.500.9001;Recursos não vinculados de Impostos;0;Auxílio-Alimentação - RPPS;0;Auxílio-Alimentação;34.10.14.122.4001.2100.33904600.00.1.500.9001;83660.14;0.0;83660.14;83660.14;83660.14;0.0;;500;9001;1;02/03/2026 09:48:53;;00;34;33904600;Auxílio - Alimentação;2100;1;Anexo da Nota de empenho - Folha de Pagamento.;1;83660.14
01;PREFEITURA DO MUNICÍPIO DE SÃO PAULO;13115;14035;2026;1;30/01/2026 00:00:00;0000.0000/0000000-0;00000000999962;FOLHA DE PAGAMENTO _ EXECUTIVO;-1;-1;34;SMDHC;Secretaria Municipal de Direitos Humanos e Cidadania;10;Gabinete do Secretário;14;Direitos da Cidadania;122;Administração Geral;4001;Suporte Administrativo;2100;Administração da Unidade;ADM;Administração;ADM;3;Despesas Correntes;3;Outras Despesas Correntes;90;Aplicações Diretas;46;Indenização Auxílio-Alimentação - Em Pecúnia;33904600;00.1.500.9001;Recursos não vinculados de Impostos;0;Vale-Refeição - RGPS;0;Auxílio-Alimentação;34.10.14.122.4001.2100.33904600.00.1.500.9001;142943.53;0.0;142943.53;142943.53;142943.53;0.0;;500;9001;1;02/03/2026 09:48:53;;00;34;33904600;Auxílio - Alimentação;2100;1;Anexo da Nota de empenho - Folha de Pagamento.;1;142943.53
01;PREFEITURA DO MUNICÍPIO DE SÃO PAULO;13155;14075;2026;1;30/01/2026 00:00:00;0000.0000/0000000-0;00000000999962;FOLHA DE PAGAMENTO _ EXECUTIVO;-1;-1;34;SMDHC;Secretaria Municipal de Direitos Humanos e Cidadania;10;Gabinete do Secretário;14;Direitos da Cidadania;122;Administração Geral;4001;Suporte Administrativo;2100;Administração da Unidade;ADM;Administração;ADM;3;Despesas Correntes;3;Outras Despesas Correntes;90;Aplicações Diretas;46;Indenização Auxílio-Alimentação - Em Pecúnia;33904600;00.1.500.9001;Recursos não vinculados de Impostos;0;Auxílio-Alimentação - RGPS;0;Auxílio-Alimentação;34.10.14.122.4001.2100.33904600.00.1.500.9001;177222.74;0.0;177222.74;177222.74;177222.74;0.0;;500;9001;1;02/03/2026 09:48:53;;00;34;33904600;Auxílio - Alimentação;2100;1;Anexo da Nota de empenho - Folha de Pagamento.;1;177222.74
01;PREFEITURA DO MUNICÍPIO DE SÃO PAULO;13198;14118;2026;1;30/01/2026 00:00:00;0000.0000/0000000-0;00000000999962;FOLHA DE PAGAMENTO _ EXECUTIVO;-1;-1;34;SMDHC;Secretaria Municipal de Direitos Humanos e Cidadania;10;Gabinete do Secretário;14;Direitos da Cidadania;122;Administração Geral;4001;Suporte Administrativo;2100;Administração da Unidade;ADM;Administração;ADM;3;Despesas Correntes;1;Pessoal e Encargos Sociais;90;Aplicações Diretas;11;Vencimentos e Salários;31901100;00.1.500.9001;Recursos não vinculados de Impostos;0;RPPS - PMSP;0;Vencimentos e Vantagens Fixas - Pessoal Civil;34.10.14.122.4001.2100.31901100.00.1.500.9001;1048158.75;0.0;1048158.75;1048158.75;1048158.75;0.0;;500;9001;1;02/03/2026 09:48:53;;00;34;31901100;Vencimentos e Vantagens Fixas - Pessoa Civil;2100;1;Anexo da Nota de empenho - Folha de Pagamento.;1;1048158.75
01;PREFEITURA DO MUNICÍPIO DE SÃO PAULO;13267;14180;2026;1;30/01/2026 00:00:00;6074.2021/0008675-5;34028316003129;EMPRESA BRASILEIRA DE CORREIOS E TELEGRAFOS;1379;2022;34;SMDHC;Secretaria Municipal de Direitos Humanos e Cidadania;10;Gabinete do Secretário;14;Direitos da Cidadania;122;Administração Geral;4001;Suporte Administrativo;2100;Administração da Unidade;ADM;Administração;ADM;3;Despesas Correntes;3;Outras Despesas Correntes;90;Aplicações Diretas;39;Serviços de Comunicação em Geral;33903900;00.1.500.9001;Recursos não vinculados de Impostos;0;Postagem de Correspondências;4;Outros Serviços de Terceiros - Pessoa Jurídica;34.10.14.122.4001.2100.33903900.00.1.500.9001;400.0;0.0;400.0;130.15;0.0;0.0;;500;9001;1;02/03/2026 09:48:53;;00;34;33903900;Contratação PJ com Fins Lucrativos;2100;UND;Contratação de empresa para Prestação de serviços postais - SMDHC - Retroativo até 01/02/2026.;1;400.0
01;PREFEITURA DO MUNICÍPIO DE SÃO PAULO;13273;14186;2026;1;30/01/2026 00:00:00;6074.2021/0008675-5;34028316003129;EMPRESA BRASILEIRA DE CORREIOS E TELEGRAFOS;1379;2022;34;SMDHC;Secretaria Municipal de Direitos Humanos e Cidadania;10;Gabinete do Secretário;14;Direitos da Cidadania;243;Assistência à Criança e ao Adolescente;4019;Proteção a Crianças e Adolescentes;2157;Administração dos Conselhos Tutelares;CT;Conselho Tutelar;CT - Administração;3;Despesas Correntes;3;Outras Despesas Correntes;90;Aplicações Diretas;39;Serviços de Comunicação em Geral;33903900;00.1.500.9001;Recursos não vinculados de Impostos;0;Postagem de Correspondências;4;Outros Serviços de Terceiros - Pessoa Jurídica;34.10.14.243.4019.2157.33903900.00.1.500.9001;52000.0;0.0;52000.0;0.0;0.0;0.0;;500;9001;1;02/03/2026 09:48:53;;00;34;33903900;Contratação PJ com Fins Lucrativos;2157;UND;Contratação de empresa para Prestação de serviços postais - Conselho Tutelar - Retroativo até 01/02/2026;1;52000.0
01;PREFEITURA DO MUNICÍPIO DE SÃO PAULO;984;14195;2026;1;30/01/2026 00:00:00;6074.2021/0008675-5;34028316003129;EMPRESA BRASILEIRA DE CORREIOS E TELEGRAFOS;1379;2022;34;SMDHC;Secretaria Municipal de Direitos Humanos e Cidadania;10;Gabinete do Secretário;14;Direitos da Cidadania;122;Administração Geral;4001;Suporte Administrativo;2100;Administração da Unidade;ADM;Administração;ADM;3;Despesas Correntes;3;Outras Despesas Correntes;90;Aplicações Diretas;39;Serviços de Comunicação em Geral;33903900;00.1.500.9001;Recursos não vinculados de Impostos;0;Postagem de Correspondências;4;Outros Serviços de Terceiros - Pessoa Jurídica;34.10.14.122.4001.2100.33903900.00.1.500.9001;5500.0;0.0;5500.0;0.0;0.0;0.0;;500;9001;1;02/03/2026 09:48:53;;00;34;33903900;Contratação PJ com Fins Lucrativos;2100;UND;Contratação de empresa para Prestação de serviços postais - SMDHC - Estimado a partir de 02/02/2026.;1;5500.0
01;PREFEITURA DO MUNICÍPIO DE SÃO PAULO;617;14197;2026;1;30/01/2026 00:00:00;6074.2025/0009748-7;15082986000163;INSTITUTO GLOBAL ATTITUDE;3188;2026;34;SMDHC;Secretaria Municipal de Direitos Humanos e Cidadania;10;Gabinete do Secretário;14;Direitos da Cidadania;422;Direitos Individuais, Coletivos e Difusos;4024;Promoção da Cidadania e da Diversidade;4318;Políticas, Programas e Ações para Juventude;CPJ;Juventude;CPJ - Políticas;3;Despesas Correntes;3;Outras Despesas Correntes;50;Transferências a Instituições Privadas sem Fins Lucrativos;39;Serviços de Assistência Social;33503900;00.1.500.9001;Recursos não vinculados de Impostos;2;Outras Despesas;5;Outros Serviços de Terceiros - Pessoa Jurídica;34.10.14.422.4024.4318.33503900.00.1.500.9001;401330.51;0.0;401330.51;401330.51;401330.51;0.0;;500;9001;1;02/03/2026 09:48:53;;00;34;33503900;Contratação PJ sem Fins Lucrativos;4318;UN;"""Rango Responsa”";1;401330.51
01;PREFEITURA DO MUNICÍPIO DE SÃO PAULO;992;14198;2026;1;30/01/2026 00:00:00;6074.2021/0008675-5;34028316003129;EMPRESA BRASILEIRA DE CORREIOS E TELEGRAFOS;1379;2022;34;SMDHC;Secretaria Municipal de Direitos Humanos e Cidadania;10;Gabinete do Secretário;14;Direitos da Cidadania;243;Assistência à Criança e ao Adolescente;4019;Proteção a Crianças e Adolescentes;2157;Administração dos Conselhos Tutelares;CT;Conselho Tutelar;CT - Administração;3;Despesas Correntes;3;Outras Despesas Correntes;90;Aplicações Diretas;39;Serviços de Comunicação em Geral;33903900;00.1.500.9001;Recursos não vinculados de Impostos;0;Postagem de Correspondências;4;Outros Serviços de Terceiros - Pessoa Jurídica;34.10.14.243.4019.2157.33903900.00.1.500.9001;570266.67;0.0;570266.67;0.0;0.0;0.0;;500;9001;1;02/03/2026 09:48:53;;00;34;33903900;Contratação PJ com Fins Lucrativos;2157;UND;Contratação de empresa para Prestação de serviços postais - Conselho Tutelar  - Estimado a partir de 02/02/2026.;1;570266.67
01;PREFEITURA DO MUNICÍPIO DE SÃO PAULO;13406;14491;2026;2;01/02/2026 00:00:00;6074.2020/0002679-3;25691793888;RENATA URSAIA XAVIER DOS SANTOS;-1;-1;34;SMDHC;Secretaria Municipal de Direitos Humanos e Cidadania;10;Gabinete do Secretário;14;Direitos da Cidadania;243;Assistência à Criança e ao Adolescente;4019;Proteção a Crianças e Adolescentes;2157;Administração dos Conselhos Tutelares;CT;Conselho Tutelar;CT - Administração;3;Despesas Correntes;3;Outras Despesas Correntes;90;Aplicações Diretas;36;Locação de Imóveis;33903600;00.1.500.9001;Recursos não vinculados de Impostos;0;Despesas com Reembolso;1;Outros Serviços de Terceiros - Pessoa Física;34.10.14.243.4019.2157.33903600.00.1.500.9001;164.27;0.0;164.27;110.08;110.08;0.0;;500;9001;1;02/03/2026 09:48:53;;00;34;33903600;Contratação PF;2157;UND;Locação Conselho Tutelar Pinheiros - Reajuste Complementar;1;164.27
01;PREFEITURA DO MUNICÍPIO DE SÃO PAULO;12315;14651;2026;2;02/02/2026 00:00:00;6074.2026/0000527-4;21727306880;ROBERTO CARDOSO FERREIRA;-1;-1;34;SMDHC;Secretaria Municipal de Direitos Humanos e Cidadania;10;Gabinete do Secretário;14;Direitos da Cidadania;122;Administração Geral;4001;Suporte Administrativo;2100;Administração da Unidade;ADM;Administração;ADM;3;Despesas Correntes;3;Outras Despesas Correntes;90;Aplicações Diretas;39;Outros Serv. de Terceiros Pessoa Jurídica - Pagto Antecipado;33903900;00.1.500.9001;Recursos não vinculados de Impostos;1;CCD- Pq Vulto Manut Bens Móveis Conserv Adapt Bens Imóveis Art2ºL10513;9;Outros Serviços de Terceiros - Pessoa Jurídica;34.10.14.122.4001.2100.33903900.00.1.500.9001;12545.0;0.0;12545.0;12545.0;12545.0;0.0;;500;9001;1;02/03/2026 09:48:53;;00;34;33903900;Contratação PJ com Fins Lucrativos;2100;UND;Adiantamento - CCD pequeno vulto.;1;12545.0
01;PREFEITURA DO MUNICÍPIO DE SÃO PAULO;8422;14811;2026;2;02/02/2026 00:00:00;6074.2026/0000037-0;37303870000140;37303870 ALINE DE CASSIA DINIZ LOBODA;3297;2026;34;SMDHC;Secretaria Municipal de Direitos Humanos e Cidadania;10;Gabinete do Secretário;14;Direitos da Cidadania;422;Direitos Individuais, Coletivos e Difusos;4025;Políticas para Mulheres;6178;Manutenção e Operação de Equipamentos Públicos Voltados ao Atendimento;CPM;Mulheres;CPM - Equipamentos;3;Despesas Correntes;3;Outras Despesas Correntes;90;Aplicações Diretas;30;Material para Festividades e Homenagens;33903000;00.1.500.9001;Recursos não vinculados de Impostos;0;Diversos Materiais Festividades e Homenagens;1;Material de Consumo;34.10.14.422.4025.6178.33903000.00.1.500.9001;27805.0;0.0;27805.0;27805.0;0.0;0.0;;500;9001;1;02/03/2026 09:48:53;;00;34;33903000;Material de Consumo;6178;UND;Fornecimento de 100.000 (cem mil) unidades de Tatuagens autoadesivas temporárias personalizadas de transferência a base de água, que serão utilizados na divulgação do Protocolo Não Se Cale durante o evento Carnaval SP 2026, que será realizado entre os dias 07 a 22 de fevereiro de 2026.;100000;0.27
01;PREFEITURA DO MUNICÍPIO DE SÃO PAULO;12333;14862;2026;2;02/02/2026 00:00:00;6064.2018/0000052-4;00000000965120;AÇÃO COLETIVA DE TRABALHO;7013;2014;34;SMDHC;Secretaria Municipal de Direitos Humanos e Cidadania;10;Gabinete do Secretário;14;Direitos da Cidadania;422;Direitos Individuais, Coletivos e Difusos;4024;Promoção da Cidadania e da Diversidade;4319;Políticas, Programas e Ações Inclusivas;CPLGBTI;LGBTI;CPLGBTI - Políticas;3;Despesas Correntes;3;Outras Despesas Correntes;90;Aplicações Diretas;48;Auxílios a Pessoas Físicas;33904800;00.1.500.9001;Recursos não vinculados de Impostos;9;Outros Auxílios a Pessoas Físicas;0;Outros Auxílios Financeiros a Pessoas Físicas;34.10.14.422.4024.4319.33904800.00.1.500.9001;4551281.7;0.0;4551281.7;1201590.23;1201590.23;0.0;;500;9001;1;02/03/2026 09:48:53;;00;34;33904800;Outros Auxílios Financeiros - Pessoas Físicas;4319;un | UN | un;Pagamento de benefício do Programa Operação Trabalho - POT - correspondente a Janeiro (até 914 vagas) | Pagamento de benefício do Programa Operação Trabalho - POT - correspondente a Fevereiro (até 899 vagas) | Pagamento de benefício do Programa Operação Trabalho - POT - correspondente a Março (até 861 vagas);914 | 899 | 861;1702.05 | 1702.05 | 1702.05
01;PREFEITURA DO MUNICÍPIO DE SÃO PAULO;8411;15022;2026;2;02/02/2026 00:00:00;6074.2026/0000048-5;63175015000100;63175015 STHEYSSI VITORIA GERMINIANI DA COSTA;3331;2026;34;SMDHC;Secretaria Municipal de Direitos Humanos e Cidadania;10;Gabinete do Secretário;14;Direitos da Cidadania;422;Direitos Individuais, Coletivos e Difusos;4025;Políticas para Mulheres;6178;Manutenção e Operação de Equipamentos Públicos Voltados ao Atendimento;CPM;Mulheres;CPM - Equipamentos;3;Despesas Correntes;3;Outras Despesas Correntes;90;Aplicações Diretas;30;Material de Expediente;33903000;00.1.500.9001;Recursos não vinculados de Impostos;9;Diversos Materiais de Expediente;1;Material de Consumo;34.10.14.422.4025.6178.33903000.00.1.500.9001;18150.0;0.0;18150.0;0.0;0.0;0.0;;500;9001;1;02/03/2026 09:48:53;;00;34;33903000;Material de Consumo;6178;UND | UND | UND;"Boné trucker aba curva com tela Material:
100% Poliester Tela: Poliéster
Regulador: Plástico snapback
Tamanho: ˜ 58 cm (Ajustável para +/- 4 cm)
Tamanho da aba: ˜ 18 cm x 7 cm
Largura: ˜ 17 cm
Altura: ˜13 cm
Aba: semi-curva com mínimo 6 costuras
Impressão: logomarca SMDHC branca
impressa (não costurada) preferencialmente
em sublimação de
5cm X 5 cm na parte da frente
Cor: preto | Viseira unissex lisa:
Material: 100% Poliéster
Tamanho: único adulto com fechamento e
ajuste com velcro na parte de traseira
Aba: tamanho padrão – mínimo 8 cm lado a
lado
Circunferência: universal
Diâmetro mínimo: ˜ 52cm
Diâmetro máximo: ˜ 58cm
Cor: amarela
Impressão: Conforme arte em anexo | Mochila esportiva tipo saco com
compartimento principal espaçoso:
Medidas aproximadas: 41x37cm
Material: Tecido poliéster ou nylon
Sistema de fechamento: Cordão
Funcionalidade: Fechamento realizado ao
puxar os cordões, que simultaneamente
servem como
alças de ombro.
Cor: amarela";700 | 500 | 400;12.5 | 9.6 | 11.5
01;PREFEITURA DO MUNICÍPIO DE SÃO PAULO;13854;15144;2026;2;02/02/2026 00:00:00;6064.2023/0000277-1;36145599000107;QRX SEGURANCA PATRIMONIAL LTDA;3036;2023;34;SMDHC;Secretaria Municipal de Direitos Humanos e Cidadania;10;Gabinete do Secretário;14;Direitos da Cidadania;422;Direitos Individuais, Coletivos e Difusos;4025;Políticas para Mulheres;6178;Manutenção e Operação de Equipamentos Públicos Voltados ao Atendimento;CPM;Mulheres;CPM - Equipamentos;3;Despesas Correntes;3;Outras Despesas Correntes;90;Aplicações Diretas;37;Vigilância Ostensiva;33903700;00.1.500.9001;Recursos não vinculados de Impostos;9;Vigilância Ostensiva;0;Locação de Mão-de-Obra;34.10.14.422.4025.6178.33903700.00.1.500.9001;52879.2;52879.2;0.0;0.0;0.0;0.0;;500;9001;1;02/03/2026 09:48:53;;00;34;33903700;Locação de Mão de Obra;6178;UND;Prestação de serviços de vigilância e segurança patrimonial desarmada - Mulheres - jan-fev - Principal;1;52879.2
01;PREFEITURA DO MUNICÍPIO DE SÃO PAULO;13854;15148;2026;2;02/02/2026 00:00:00;6064.2023/0000277-1;36145599000107;QRX SEGURANCA PATRIMONIAL LTDA;3036;2023;34;SMDHC;Secretaria Municipal de Direitos Humanos e Cidadania;10;Gabinete do Secretário;14;Direitos da Cidadania;422;Direitos Individuais, Coletivos e Difusos;4025;Políticas para Mulheres;6178;Manutenção e Operação de Equipamentos Públicos Voltados ao Atendimento;CPM;Mulheres;CPM - Equipamentos;3;Despesas Correntes;3;Outras Despesas Correntes;90;Aplicações Diretas;37;Vigilância Ostensiva;33903700;00.1.500.9001;Recursos não vinculados de Impostos;9;Vigilância Ostensiva;0;Locação de Mão-de-Obra;34.10.14.422.4025.6178.33903700.00.1.500.9001;4335.24;4335.24;0.0;0.0;0.0;0.0;;500;9001;1;02/03/2026 09:48:53;;00;34;33903700;Locação de Mão de Obra;6178;UND;Prestação de serviços de vigilância e segurança patrimonial desarmada - Mulheres - jan-fev - Reajuste;1;4335.24
01;PREFEITURA DO MUNICÍPIO DE SÃO PAULO;13581;15358;2026;2;03/02/2026 00:00:00;6074.2022/0002245-7;02558157000162;TELEFONICA BRASIL SA;6172;2023;34;SMDHC;Secretaria Municipal de Direitos Humanos e Cidadania;10;Gabinete do Secretário;14;Direitos da Cidadania;122;Administração Geral;4001;Suporte Administrativo;2100;Administração da Unidade;ADM;Administração;ADM;3;Despesas Correntes;3;Outras Despesas Correntes;90;Aplicações Diretas;39;Serviços de Telecomunicações;33903900;00.1.500.9006;Recursos destinados ao pagamento de concessionárias;0;Telefonia Fixa;5;Outros Serviços de Terceiros - Pessoa Jurídica;34.10.14.122.4001.2100.33903900.00.1.500.9006;450.0;0.0;450.0;107.79;107.79;0.0;;500;9006;1;02/03/2026 09:48:53;;00;34;33903900;Contratação PJ com Fins Lucrativos;2100;UNI;Contrato nº 066/SMDHC/2023 - TELEFÔNICA BRASIL - Ouvidoria;1;450.0
01;PREFEITURA DO MUNICÍPIO DE SÃO PAULO;13554;15365;2026;2;03/02/2026 00:00:00;6074.2022/0002245-7;02558157000162;TELEFONICA BRASIL SA;6172;2023;34;SMDHC;Secretaria Municipal de Direitos Humanos e Cidadania;10;Gabinete do Secretário;14;Direitos da Cidadania;422;Direitos Individuais, Coletivos e Difusos;4026;Políticas de Igualdade Racial;4334;Manutenção e Operação de Equipamentos Públicos Voltados à Promoção da ;CPIR;Igualdade Racial;CPIR - Equipamentos;3;Despesas Correntes;3;Outras Despesas Correntes;90;Aplicações Diretas;39;Serviços de Telecomunicações;33903900;00.1.500.9006;Recursos destinados ao pagamento de concessionárias;0;Telefonia Fixa;5;Outros Serviços de Terceiros - Pessoa Jurídica;34.10.14.422.4026.4334.33903900.00.1.500.9006;300.0;0.0;300.0;0.0;0.0;0.0;;500;9006;1;02/03/2026 09:48:53;;00;34;33903900;Contratação PJ com Fins Lucrativos;4334;UNI;Contrato nº 066/SMDHC/2023 - TELEFÔNICA BRASIL - CPIR - Exercício 2026;1;300.0
01;PREFEITURA DO MUNICÍPIO DE SÃO PAULO;13552;15375;2026;2;03/02/2026 00:00:00;6074.2022/0002245-7;02558157000162;TELEFONICA BRASIL SA;6172;2023;34;SMDHC;Secretaria Municipal de Direitos Humanos e Cidadania;10;Gabinete do Secretário;14;Direitos da Cidadania;422;Direitos Individuais, Coletivos e Difusos;4024;Promoção da Cidadania e da Diversidade;4333;Manutenção e Operação do Centro Público de Economia Solidária e Direit;CPDDH;Centro Público;CPDDH;3;Despesas Correntes;3;Outras Despesas Correntes;90;Aplicações Diretas;39;Serviços de Telecomunicações;33903900;00.1.500.9006;Recursos destinados ao pagamento de concessionárias;0;Telefonia Fixa;5;Outros Serviços de Terceiros - Pessoa Jurídica;34.10.14.422.4024.4333.33903900.00.1.500.9006;1800.0;0.0;1800.0;0.0;0.0;0.0;;500;9006;1;02/03/2026 09:48:53;;00;34;33903900;Contratação PJ com Fins Lucrativos;4333;UNI;"Contrato nº 066/SMDHC/2023 - TELEFÔNICA BRASIL - Centro Público - Exercício 2026
";1;1800.0
01;PREFEITURA DO MUNICÍPIO DE SÃO PAULO;12326;15385;2026;2;03/02/2026 00:00:00;6074.2020/0000429-3;29979036000140;INSTITUTO NACIONAL DO SEGURO SOCIAL;-1;-1;34;SMDHC;Secretaria Municipal de Direitos Humanos e Cidadania;10;Gabinete do Secretário;14;Direitos da Cidadania;243;Assistência à Criança e ao Adolescente;4019;Proteção a Crianças e Adolescentes;2157;Administração dos Conselhos Tutelares;CT;Conselho Tutelar;CT - Administração;3;Despesas Correntes;3;Outras Despesas Correntes;90;Aplicações Diretas;47;Contribuições Previdenciárias - Serviços de Terceiros - Pessoa Física;33904700;00.1.500.9001;Recursos não vinculados de Impostos;0;INSS - PF;1;Obrigações Tributárias e Contributivas;34.10.14.243.4019.2157.33904700.00.1.500.9001;2931919.44;0.0;2931919.44;270438.79;270438.79;0.0;;500;9001;1;02/03/2026 09:48:53;;00;34;33904700;Obrigações Tributárias e Contributivas;2157;UND;Contribuição Previdenciária - INSS Patronal - Exercício de 2026 - Conselheiro Tutelar - SMDHC.;1;2931919.44
01;PREFEITURA DO MUNICÍPIO DE SÃO PAULO;13576;15387;2026;2;03/02/2026 00:00:00;6074.2022/0002245-7;02558157000162;TELEFONICA BRASIL SA;6172;2023;34;SMDHC;Secretaria Municipal de Direitos Humanos e Cidadania;10;Gabinete do Secretário;14;Direitos da Cidadania;422;Direitos Individuais, Coletivos e Difusos;4023;Políticas para População Idosa;4330;Manutenção e Operação dos Equipamentos Públicos Voltados para Pessoa I;CPPI;Idoso;CPPI - Equipamentos;3;Despesas Correntes;3;Outras Despesas Correntes;90;Aplicações Diretas;39;Serviços de Telecomunicações;33903900;00.1.500.9006;Recursos destinados ao pagamento de concessionárias;0;Telefonia Fixa;5;Outros Serviços de Terceiros - Pessoa Jurídica;34.10.14.422.4023.4330.33903900.00.1.500.9006;450.0;0.0;450.0;0.0;0.0;0.0;;500;9006;1;02/03/2026 09:48:53;;00;34;33903900;Contratação PJ com Fins Lucrativos;4330;UNI;"Contrato nº 066/SMDHC/2023 - TELEFÔNICA BRASIL - Idosos - Exercício 2026
";1;450.0
01;PREFEITURA DO MUNICÍPIO DE SÃO PAULO;12319;15394;2026;2;03/02/2026 00:00:00;6074.2020/0000429-3;29979036000140;INSTITUTO NACIONAL DO SEGURO SOCIAL;-1;-1;34;SMDHC;Secretaria Municipal de Direitos Humanos e Cidadania;10;Gabinete do Secretário;14;Direitos da Cidadania;122;Administração Geral;4001;Suporte Administrativo;2100;Administração da Unidade;ADM;Administração;ADM;3;Despesas Correntes;3;Outras Despesas Correntes;90;Aplicações Diretas;47;Contribuições Previdenciárias - Serviços de Terceiros - Pessoa Física;33904700;00.1.500.9001;Recursos não vinculados de Impostos;0;INSS - PF;1;Obrigações Tributárias e Contributivas;34.10.14.122.4001.2100.33904700.00.1.500.9001;15000.0;0.0;15000.0;0.0;0.0;0.0;;500;9001;1;02/03/2026 09:48:53;;00;34;33904700;Obrigações Tributárias e Contributivas;2100;UND;Contribuição Previdenciária - INSS Patronal - Contribuinte Individual (Palestrantes) - Exercício de 2026 - Estimado;1;15000.0
01;PREFEITURA DO MUNICÍPIO DE SÃO PAULO;163;15803;2026;2;03/02/2026 00:00:00;6074.2025/0001287-2;07797967000195;NP TECNOLOGIA E GESTAO DE DADOS LTDA;6788;2025;34;SMDHC;Secretaria Municipal de Direitos Humanos e Cidadania;10;Gabinete do Secretário;14;Direitos da Cidadania;122;Administração Geral;4001;Suporte Administrativo;2100;Administração da Unidade;ADM;Administração;ADM;3;Despesas Correntes;3;Outras Despesas Correntes;90;Aplicações Diretas;39;Assinatura de Periódicos e Anuidades;33903900;00.1.500.9001;Recursos não vinculados de Impostos;0;Assinatura para Acesso a Sistemas de Pesquisa e Banco de Dados;0;Outros Serviços de Terceiros - Pessoa Jurídica;34.10.14.122.4001.2100.33903900.00.1.500.9001;12300.0;0.0;12300.0;0.0;0.0;0.0;;500;9001;1;02/03/2026 09:48:53;;00;34;33903900;Contratação PJ com Fins Lucrativos;2100;UND;Licença Banco de Preços;1;12300.0
01;PREFEITURA DO MUNICÍPIO DE SÃO PAULO;10177;15880;2026;2;03/02/2026 00:00:00;6074.2024/0006300-9;04373052000407;NUCLEO CRISTÃO CIDADANIA E VIDA;12620;2021;34;SMDHC;Secretaria Municipal de Direitos Humanos e Cidadania;10;Gabinete do Secretário;14;Direitos da Cidadania;422;Direitos Individuais, Coletivos e Difusos;4025;Políticas para Mulheres;6178;Manutenção e Operação de Equipamentos Públicos Voltados ao Atendimento;CPM;Mulheres;CPM - Equipamentos;3;Despesas Correntes;3;Outras Despesas Correntes;50;Transferências a Instituições Privadas sem Fins Lucrativos;39;Serviços de Assistência Social;33503900;00.1.500.9001;Recursos não vinculados de Impostos;2;Remuneração de Pessoal;5;Outros Serviços de Terceiros - Pessoa Jurídica;34.10.14.422.4025.6178.33503900.00.1.500.9001;132637.6;132637.6;0.0;0.0;0.0;0.0;;500;9001;1;02/03/2026 09:48:53;;00;34;33503900;Contratação PJ sem Fins Lucrativos;6178;UN;TCL/192/2021/SMADS/CPM (janeiro a abril);1;132637.6
01;PREFEITURA DO MUNICÍPIO DE SÃO PAULO;10177;15908;2026;2;03/02/2026 00:00:00;6074.2024/0006300-9;04373052000407;NUCLEO CRISTÃO CIDADANIA E VIDA;12620;2021;34;SMDHC;Secretaria Municipal de Direitos Humanos e Cidadania;10;Gabinete do Secretário;14;Direitos da Cidadania;422;Direitos Individuais, Coletivos e Difusos;4025;Políticas para Mulheres;6178;Manutenção e Operação de Equipamentos Públicos Voltados ao Atendimento;CPM;Mulheres;CPM - Equipamentos;3;Despesas Correntes;3;Outras Despesas Correntes;50;Transferências a Instituições Privadas sem Fins Lucrativos;39;Serviços de Assistência Social;33503900;00.1.500.9001;Recursos não vinculados de Impostos;2;Outras Despesas;5;Outros Serviços de Terceiros - Pessoa Jurídica;34.10.14.422.4025.6178.33503900.00.1.500.9001;39681.54;0.0;39681.54;39681.54;39681.54;0.0;;500;9001;1;02/03/2026 09:48:53;;00;34;33503900;Contratação PJ sem Fins Lucrativos;6178;UN;TCL/192/2021/SMADS/CPM;1;39681.54
01;PREFEITURA DO MUNICÍPIO DE SÃO PAULO;10177;15910;2026;2;03/02/2026 00:00:00;6074.2024/0006300-9;04373052000407;NUCLEO CRISTÃO CIDADANIA E VIDA;12620;2021;34;SMDHC;Secretaria Municipal de Direitos Humanos e Cidadania;10;Gabinete do Secretário;14;Direitos da Cidadania;422;Direitos Individuais, Coletivos e Difusos;4025;Políticas para Mulheres;6178;Manutenção e Operação de Equipamentos Públicos Voltados ao Atendimento;CPM;Mulheres;CPM - Equipamentos;3;Despesas Correntes;3;Outras Despesas Correntes;50;Transferências a Instituições Privadas sem Fins Lucrativos;39;Serviços de Assistência Social;33503900;00.1.500.9001;Recursos não vinculados de Impostos;2;Remuneração de Pessoal;5;Outros Serviços de Terceiros - Pessoa Jurídica;34.10.14.422.4025.6178.33503900.00.1.500.9001;66318.8;0.0;66318.8;66318.8;66318.8;0.0;;500;9001;1;02/03/2026 09:48:53;;00;34;33503900;Contratação PJ sem Fins Lucrativos;6178;UN;TCL/192/2021/SMADS/CPM;1;66318.8
01;PREFEITURA DO MUNICÍPIO DE SÃO PAULO;10292;15913;2026;2;03/02/2026 00:00:00;6074.2024/0006444-7;62661251000174;FUNDACAO FRANCISCA FRANCO;1549;2022;34;SMDHC;Secretaria Municipal de Direitos Humanos e Cidadania;10;Gabinete do Secretário;14;Direitos da Cidadania;422;Direitos Individuais, Coletivos e Difusos;4025;Políticas para Mulheres;6178;Manutenção e Operação de Equipamentos Públicos Voltados ao Atendimento;CPM;Mulheres;CPM - Equipamentos;3;Despesas Correntes;3;Outras Despesas Correntes;50;Transferências a Instituições Privadas sem Fins Lucrativos;39;Serviços de Assistência Social;33503900;00.1.500.9001;Recursos não vinculados de Impostos;2;Outras Despesas;5;Outros Serviços de Terceiros - Pessoa Jurídica;34.10.14.422.4025.6178.33503900.00.1.500.9001;137504.69;0.0;137504.69;19643.53;19643.53;0.0;;500;9001;1;02/03/2026 09:48:53;;00;34;33503900;Contratação PJ sem Fins Lucrativos;6178;UN;TCL/029/2022/SMADS/CPM (janeiro a julho);1;137504.69
01;PREFEITURA DO MUNICÍPIO DE SÃO PAULO;10292;15916;2026;2;03/02/2026 00:00:00;6074.2024/0006444-7;62661251000174;FUNDACAO FRANCISCA FRANCO;1549;2022;34;SMDHC;Secretaria Municipal de Direitos Humanos e Cidadania;10;Gabinete do Secretário;14;Direitos da Cidadania;422;Direitos Individuais, Coletivos e Difusos;4025;Políticas para Mulheres;6178;Manutenção e Operação de Equipamentos Públicos Voltados ao Atendimento;CPM;Mulheres;CPM - Equipamentos;3;Despesas Correntes;3;Outras Despesas Correntes;50;Transferências a Instituições Privadas sem Fins Lucrativos;39;Serviços de Assistência Social;33503900;00.1.500.9001;Recursos não vinculados de Impostos;2;Remuneração de Pessoal;5;Outros Serviços de Terceiros - Pessoa Jurídica;34.10.14.422.4025.6178.33503900.00.1.500.9001;286034.21;0.0;286034.21;40543.47;40543.47;0.0;;500;9001;1;02/03/2026 09:48:53;;00;34;33503900;Contratação PJ sem Fins Lucrativos;6178;UN;TCL/029/2022/SMADS/CPM (janeiro a julho);1;286034.21
01;PREFEITURA DO MUNICÍPIO DE SÃO PAULO;10305;15925;2026;2;03/02/2026 00:00:00;6074.2024/0006451-0;02928443000172;CENTRO DE INTEGRACAO ASSISTENCIAL E PROFISSIONAL SAO PATRICIO CIAP SAO PATRICIO;1426;2022;34;SMDHC;Secretaria Municipal de Direitos Humanos e Cidadania;10;Gabinete do Secretário;14;Direitos da Cidadania;422;Direitos Individuais, Coletivos e Difusos;4025;Políticas para Mulheres;6178;Manutenção e Operação de Equipamentos Públicos Voltados ao Atendimento;CPM;Mulheres;CPM - Equipamentos;3;Despesas Correntes;3;Outras Despesas Correntes;50;Transferências a Instituições Privadas sem Fins Lucrativos;39;Serviços de Assistência Social;33503900;00.1.500.9001;Recursos não vinculados de Impostos;2;Outras Despesas;5;Outros Serviços de Terceiros - Pessoa Jurídica;34.10.14.422.4025.6178.33503900.00.1.500.9001;147603.72;0.0;147603.72;26837.04;13418.52;0.0;;500;9001;1;02/03/2026 09:48:53;;00;34;33503900;Contratação PJ sem Fins Lucrativos;6178;UN;TCL/025/2022/SMADS/CPM (janeiro a novembro);1;147603.72
01;PREFEITURA DO MUNICÍPIO DE SÃO PAULO;10305;15934;2026;2;03/02/2026 00:00:00;6074.2024/0006451-0;02928443000172;CENTRO DE INTEGRACAO ASSISTENCIAL E PROFISSIONAL SAO PATRICIO CIAP SAO PATRICIO;1426;2022;34;SMDHC;Secretaria Municipal de Direitos Humanos e Cidadania;10;Gabinete do Secretário;14;Direitos da Cidadania;422;Direitos Individuais, Coletivos e Difusos;4025;Políticas para Mulheres;6178;Manutenção e Operação de Equipamentos Públicos Voltados ao Atendimento;CPM;Mulheres;CPM - Equipamentos;3;Despesas Correntes;3;Outras Despesas Correntes;50;Transferências a Instituições Privadas sem Fins Lucrativos;39;Serviços de Assistência Social;33503900;00.1.500.9001;Recursos não vinculados de Impostos;2;Remuneração de Pessoal;5;Outros Serviços de Terceiros - Pessoa Jurídica;34.10.14.422.4025.6178.33503900.00.1.500.9001;332975.38;0.0;332975.38;65161.52;32580.76;0.0;;500;9001;1;02/03/2026 09:48:53;;00;34;33503900;Contratação PJ sem Fins Lucrativos;6178;UN;TCL/025/2022/SMADS/CPM (janeiro a novembro);1;332975.38
01;PREFEITURA DO MUNICÍPIO DE SÃO PAULO;11759;16409;2026;2;04/02/2026 00:00:00;6011.2024/0003580-0;20321273000145;TOTAL FACILITY SERVICOS LTDA;638;2025;34;SMDHC;Secretaria Municipal de Direitos Humanos e Cidadania;10;Gabinete do Secretário;14;Direitos da Cidadania;122;Administração Geral;4001;Suporte Administrativo;2100;Administração da Unidade;ADM;Administração;ADM;3;Despesas Correntes;3;Outras Despesas Correntes;90;Aplicações Diretas;39;Serviços Domésticos;33903900;00.1.500.9001;Recursos não vinculados de Impostos;0;Copeiragem ;4;Outros Serviços de Terceiros - Pessoa Jurídica;34.10.14.122.4001.2100.33903900.00.1.500.9001;1827.95;0.0;1827.95;0.0;0.0;0.0;;500;9001;1;02/03/2026 09:48:53;;00;34;33903900;Contratação PJ com Fins Lucrativos;2100;DIA | MES;Prestação de serviços de copeiragem, sendo necessário o seguinte profissional: 1 (uma) copeira. (21/01 a 31/01/2026) | Prestação de serviços de copeiragem, sendo necessário o seguinte profissional: 1 (uma) copeira. (01/02 a 31/12/2026);10 | 11;5.37 | 161.29
01;PREFEITURA DO MUNICÍPIO DE SÃO PAULO;15029;16447;2026;2;04/02/2026 00:00:00;6074.2025/0004571-1;29605329000168;ABA LINK LTDA;28180;2025;34;SMDHC;Secretaria Municipal de Direitos Humanos e Cidadania;10;Gabinete do Secretário;14;Direitos da Cidadania;126;Tecnologia da Informação;4001;Suporte Administrativo;2171;Manutenção e Operação de Sistemas de Informação e Comunicação;DTIC;Tecnologia;DTIC - Manutenção;3;Despesas Correntes;3;Outras Despesas Correntes;90;Aplicações Diretas;40;Comunicação de Dados;33904000;00.1.500.9001;Recursos não vinculados de Impostos;0;Provedor de Acesso a Internet;1;Serviços de Tecnologia da Informação e Comunicação - Pessoa Jurídica;34.10.14.126.4001.2171.33904000.00.1.500.9001;13999.92;0.0;13999.92;0.0;0.0;0.0;;500;9001;1;02/03/2026 09:48:53;;00;34;33904000;Serviços de Tecnologia da Informação e Comunicação - PJ;2171;UND;Fornecimento, ativação e manutenção contínua de um Serviço de Acesso Dedicado à Internet, com capacidade de banda simétrica de 200 Mbps (Mega bits por segundo).;1;13999.92
01;PREFEITURA DO MUNICÍPIO DE SÃO PAULO;15063;16492;2026;2;04/02/2026 00:00:00;6074.2023/0009088-8;43076702000161;EMPRESA DE TECNOLOGIA DA INFORMACAO E COMUNICACAO DO MUNICIPIO DE SAO PAULO  PRODAMSP SA;32733;2023;34;SMDHC;Secretaria Municipal de Direitos Humanos e Cidadania;10;Gabinete do Secretário;14;Direitos da Cidadania;126;Tecnologia da Informação;4001;Suporte Administrativo;2171;Manutenção e Operação de Sistemas de Informação e Comunicação;DTIC;Tecnologia;DTIC - Manutenção;3;Despesas Correntes;3;Outras Despesas Correntes;90;Aplicações Diretas;40;Outros Serviços de TIC;33904000;00.1.500.9001;Recursos não vinculados de Impostos;0;Outros Serviços de Tecnologia da Informação e Comunicação - PJ;9;Serviços de Tecnologia da Informação e Comunicação - Pessoa Jurídica;34.10.14.126.4001.2171.33904000.00.1.500.9001;275958.24;0.0;275958.24;33615.59;0.0;0.0;;500;9001;1;02/03/2026 09:48:53;;00;34;33904000;Serviços de Tecnologia da Informação e Comunicação - PJ;2171;UND;TC 334/SMDHC/2023 - Fornecimento da Plataforma de Colaboração e Produtividade - Principal;1;275958.24
01;PREFEITURA DO MUNICÍPIO DE SÃO PAULO;15063;16507;2026;2;04/02/2026 00:00:00;6074.2023/0009088-8;43076702000161;EMPRESA DE TECNOLOGIA DA INFORMACAO E COMUNICACAO DO MUNICIPIO DE SAO PAULO  PRODAMSP SA;32733;2023;34;SMDHC;Secretaria Municipal de Direitos Humanos e Cidadania;10;Gabinete do Secretário;14;Direitos da Cidadania;126;Tecnologia da Informação;4001;Suporte Administrativo;2171;Manutenção e Operação de Sistemas de Informação e Comunicação;DTIC;Tecnologia;DTIC - Manutenção;3;Despesas Correntes;3;Outras Despesas Correntes;90;Aplicações Diretas;40;Outros Serviços de TIC;33904000;00.1.500.9001;Recursos não vinculados de Impostos;0;Outros Serviços de Tecnologia da Informação e Comunicação - PJ;9;Serviços de Tecnologia da Informação e Comunicação - Pessoa Jurídica;34.10.14.126.4001.2171.33904000.00.1.500.9001;12250.38;0.0;12250.38;1159.22;0.0;0.0;;500;9001;1;02/03/2026 09:48:53;;00;34;33904000;Serviços de Tecnologia da Informação e Comunicação - PJ;2171;UND;TC 334/SMDHC/2023 - Fornecimento da Plataforma de Colaboração e Produtividade - Reajuste.;1;12250.38
01;PREFEITURA DO MUNICÍPIO DE SÃO PAULO;15113;16536;2026;2;04/02/2026 00:00:00;6074.2024/0004493-4;43076702000161;EMPRESA DE TECNOLOGIA DA INFORMACAO E COMUNICACAO DO MUNICIPIO DE SAO PAULO  PRODAMSP SA;23762;2024;34;SMDHC;Secretaria Municipal de Direitos Humanos e Cidadania;10;Gabinete do Secretário;14;Direitos da Cidadania;126;Tecnologia da Informação;4001;Suporte Administrativo;2171;Manutenção e Operação de Sistemas de Informação e Comunicação;DTIC;Tecnologia;DTIC - Manutenção;3;Despesas Correntes;3;Outras Despesas Correntes;90;Aplicações Diretas;40;Comunicação de Dados;33904000;00.1.500.9001;Recursos não vinculados de Impostos;9;Outros Serviços de Comunicação de Dados;1;Serviços de Tecnologia da Informação e Comunicação - Pessoa Jurídica;34.10.14.126.4001.2171.33904000.00.1.500.9001;98662.7;0.0;98662.7;5357.51;0.0;0.0;;500;9001;1;02/03/2026 09:48:53;;00;34;33904000;Serviços de Tecnologia da Informação e Comunicação - PJ;2171;UND;Termo de Contrato nº 241/SMDHC/2024 - Serviços de Comunicação de Voz VoIP - Principal.;1;98662.7
01;PREFEITURA DO MUNICÍPIO DE SÃO PAULO;15113;16539;2026;2;04/02/2026 00:00:00;6074.2024/0004493-4;43076702000161;EMPRESA DE TECNOLOGIA DA INFORMACAO E COMUNICACAO DO MUNICIPIO DE SAO PAULO  PRODAMSP SA;23762;2024;34;SMDHC;Secretaria Municipal de Direitos Humanos e Cidadania;10;Gabinete do Secretário;14;Direitos da Cidadania;126;Tecnologia da Informação;4001;Suporte Administrativo;2171;Manutenção e Operação de Sistemas de Informação e Comunicação;DTIC;Tecnologia;DTIC - Manutenção;3;Despesas Correntes;3;Outras Despesas Correntes;90;Aplicações Diretas;40;Comunicação de Dados;33904000;00.1.500.9001;Recursos não vinculados de Impostos;9;Outros Serviços de Comunicação de Dados;1;Serviços de Tecnologia da Informação e Comunicação - Pessoa Jurídica;34.10.14.126.4001.2171.33904000.00.1.500.9001;4514.5;0.0;4514.5;257.0;0.0;0.0;;500;9001;1;02/03/2026 09:48:53;;00;34;33904000;Serviços de Tecnologia da Informação e Comunicação - PJ;2171;UND;Termo de Contrato nº 241/SMDHC/2024 - Serviços de Comunicação de Voz VoIP - Reajuste.;1;4514.5
01;PREFEITURA DO MUNICÍPIO DE SÃO PAULO;6150;17131;2026;2;05/02/2026 00:00:00;6074.2026/0000297-6;62812148000188;62812148 LUANA CARNEIRO DA FONSECA;4142;2026;34;SMDHC;Secretaria Municipal de Direitos Humanos e Cidadania;10;Gabinete do Secretário;14;Direitos da Cidadania;122;Administração Geral;4001;Suporte Administrativo;2100;Administração da Unidade;ADM;Administração;ADM;4;Despesas de Capital;4;Investimentos;90;Aplicações Diretas;52;Aparelhos e Utensílios Domésticos;44905200;00.1.500.9001;Recursos não vinculados de Impostos;9;Outros Aparelhos e Utensílios Domésticos ;1;Equipamentos e Material Permanente;34.10.14.122.4001.2100.44905200.00.1.500.9001;5459.0;0.0;5459.0;0.0;0.0;0.0;;500;9001;1;02/03/2026 09:48:53;;00;34;44905200;Aquisição de Material Permanente;2100;UND | UND;Microondas Philco 34L Branco PMO34BB 127V | Marmiteiro Elétrico 75 Marmitas 127v ou 220v Refrigenox;5 | 1;592.0 | 2499.0
01;PREFEITURA DO MUNICÍPIO DE SÃO PAULO;184;17291;2026;2;06/02/2026 00:00:00;6074.2024/0009186-0;10312101000151;RA TELECOM LTDA;2959;2025;34;SMDHC;Secretaria Municipal de Direitos Humanos e Cidadania;10;Gabinete do Secretário;14;Direitos da Cidadania;422;Direitos Individuais, Coletivos e Difusos;4024;Promoção da Cidadania e da Diversidade;4333;Manutenção e Operação do Centro Público de Economia Solidária e Direit;CPDDH;Centro Público;CPDDH;3;Despesas Correntes;3;Outras Despesas Correntes;90;Aplicações Diretas;39;Serviços de Comunicação em Geral;33903900;00.1.500.9001;Recursos não vinculados de Impostos;0;Outros Serviços de Comunicação;4;Outros Serviços de Terceiros - Pessoa Jurídica;34.10.14.422.4024.4333.33903900.00.1.500.9001;12711.96;0.0;12711.96;0.0;0.0;0.0;;500;9001;1;02/03/2026 09:48:53;;00;34;33903900;Contratação PJ com Fins Lucrativos;4333;UND;Prestação de serviços de manutenção preventiva e corretiva no sistema/aparelho de telefonia PABX (Private Automatic Branch Exchange), pertencente à Secretaria Municipal de Direitos Humanos e Cidadania – SMDHC;12;1059.33
01;PREFEITURA DO MUNICÍPIO DE SÃO PAULO;8952;17343;2026;2;06/02/2026 00:00:00;6074.2020/0003004-9;11512857000107;TERRA URBANIZADA ADMINISTRACAO LTDA;-1;-1;34;SMDHC;Secretaria Municipal de Direitos Humanos e Cidadania;10;Gabinete do Secretário;14;Direitos da Cidadania;243;Assistência à Criança e ao Adolescente;4019;Proteção a Crianças e Adolescentes;2157;Administração dos Conselhos Tutelares;CT;Conselho Tutelar;CT - Administração;3;Despesas Correntes;3;Outras Despesas Correntes;90;Aplicações Diretas;39;Locação de Imóveis;33903900;00.1.500.9001;Recursos não vinculados de Impostos;0;Locação de Imóveis;1;Outros Serviços de Terceiros - Pessoa Jurídica;34.10.14.243.4019.2157.33903900.00.1.500.9001;57600.0;0.0;57600.0;6000.0;6000.0;0.0;;500;9001;1;02/03/2026 09:48:53;;00;34;33903900;Contratação PJ com Fins Lucrativos;2157;UND;Locação Conselho Tutelar São Mateus - Principal;1;57600.0
01;PREFEITURA DO MUNICÍPIO DE SÃO PAULO;8952;17344;2026;2;06/02/2026 00:00:00;6074.2020/0003004-9;11512857000107;TERRA URBANIZADA ADMINISTRACAO LTDA;-1;-1;34;SMDHC;Secretaria Municipal de Direitos Humanos e Cidadania;10;Gabinete do Secretário;14;Direitos da Cidadania;243;Assistência à Criança e ao Adolescente;4019;Proteção a Crianças e Adolescentes;2157;Administração dos Conselhos Tutelares;CT;Conselho Tutelar;CT - Administração;3;Despesas Correntes;3;Outras Despesas Correntes;90;Aplicações Diretas;39;Locação de Imóveis;33903900;00.1.500.9001;Recursos não vinculados de Impostos;0;Locação de Imóveis;1;Outros Serviços de Terceiros - Pessoa Jurídica;34.10.14.243.4019.2157.33903900.00.1.500.9001;18207.36;0.0;18207.36;1896.6;1896.6;0.0;;500;9001;1;02/03/2026 09:48:53;;00;34;33903900;Contratação PJ com Fins Lucrativos;2157;UND;Locação Conselho Tutelar São Mateus - Reajuste;1;18207.36
01;PREFEITURA DO MUNICÍPIO DE SÃO PAULO;8953;17349;2026;2;06/02/2026 00:00:00;6074.2020/0003004-9;11512857000107;TERRA URBANIZADA ADMINISTRACAO LTDA;-1;-1;34;SMDHC;Secretaria Municipal de Direitos Humanos e Cidadania;10;Gabinete do Secretário;14;Direitos da Cidadania;243;Assistência à Criança e ao Adolescente;4019;Proteção a Crianças e Adolescentes;2157;Administração dos Conselhos Tutelares;CT;Conselho Tutelar;CT - Administração;3;Despesas Correntes;3;Outras Despesas Correntes;90;Aplicações Diretas;47;Impostos;33904700;00.1.500.9001;Recursos não vinculados de Impostos;0;IPTU;0;Obrigações Tributárias e Contributivas;34.10.14.243.4019.2157.33904700.00.1.500.9001;3184.3;0.0;3184.3;318.43;318.43;0.0;;500;9001;1;02/03/2026 09:48:53;;00;34;33904700;Obrigações Tributárias e Contributivas;2157;UND;"Locação Conselho Tutelar São Mateus - IPTU 2026.
";1;3184.3
01;PREFEITURA DO MUNICÍPIO DE SÃO PAULO;184;17377;2026;2;06/02/2026 00:00:00;6074.2024/0009186-0;10312101000151;RA TELECOM LTDA;2959;2025;34;SMDHC;Secretaria Municipal de Direitos Humanos e Cidadania;10;Gabinete do Secretário;14;Direitos da Cidadania;422;Direitos Individuais, Coletivos e Difusos;4024;Promoção da Cidadania e da Diversidade;4333;Manutenção e Operação do Centro Público de Economia Solidária e Direit;CPDDH;Centro Público;CPDDH;3;Despesas Correntes;3;Outras Despesas Correntes;90;Aplicações Diretas;39;Serviços de Comunicação em Geral;33903900;00.1.500.9001;Recursos não vinculados de Impostos;0;Outros Serviços de Comunicação;4;Outros Serviços de Terceiros - Pessoa Jurídica;34.10.14.422.4024.4333.33903900.00.1.500.9001;452.14;0.0;452.14;0.0;0.0;0.0;;500;9001;1;02/03/2026 09:48:53;;00;34;33903900;Contratação PJ com Fins Lucrativos;4333;UND;Prestação de serviços de manutenção preventiva e corretiva no sistema/aparelho de telefonia PABX (Private Automatic Branch Exchange), pertencente à Secretaria Municipal de Direitos Humanos e Cidadania – SMDHC;1;452.14
01;PREFEITURA DO MUNICÍPIO DE SÃO PAULO;8974;17380;2026;2;06/02/2026 00:00:00;6074.2023/0003176-8;04629944818;ARMANDO FERREIRA DE PAIVA FILHO;-1;-1;34;SMDHC;Secretaria Municipal de Direitos Humanos e Cidadania;10;Gabinete do Secretário;14;Direitos da Cidadania;243;Assistência à Criança e ao Adolescente;4019;Proteção a Crianças e Adolescentes;2157;Administração dos Conselhos Tutelares;CT;Conselho Tutelar;CT - Administração;3;Despesas Correntes;3;Outras Despesas Correntes;90;Aplicações Diretas;36;Locação de Imóveis;33903600;00.1.500.9001;Recursos não vinculados de Impostos;0;Locação de Imóveis;1;Outros Serviços de Terceiros - Pessoa Física;34.10.14.243.4019.2157.33903600.00.1.500.9001;21416.67;0.0;21416.67;2500.0;2500.0;0.0;;500;9001;1;02/03/2026 09:48:53;;00;34;33903600;Contratação PF;2157;UND;Locação de Imóvel - Conselho Tutelar Jaçanã - Principal.;1;21416.67
01;PREFEITURA DO MUNICÍPIO DE SÃO PAULO;8974;17383;2026;2;06/02/2026 00:00:00;6074.2023/0003176-8;18507288871;MARIA GORETI DOS REIS FERREIRA DE PAIVA;-1;-1;34;SMDHC;Secretaria Municipal de Direitos Humanos e Cidadania;10;Gabinete do Secretário;14;Direitos da Cidadania;243;Assistência à Criança e ao Adolescente;4019;Proteção a Crianças e Adolescentes;2157;Administração dos Conselhos Tutelares;CT;Conselho Tutelar;CT - Administração;3;Despesas Correntes;3;Outras Despesas Correntes;90;Aplicações Diretas;36;Locação de Imóveis;33903600;00.1.500.9001;Recursos não vinculados de Impostos;0;Locação de Imóveis;1;Outros Serviços de Terceiros - Pessoa Física;34.10.14.243.4019.2157.33903600.00.1.500.9001;21416.67;0.0;21416.67;2500.0;2500.0;0.0;;500;9001;1;02/03/2026 09:48:53;;00;34;33903600;Contratação PF;2157;UND;Locação de Imóvel - Conselho Tutelar Jaçanã - Principal.;1;21416.67
01;PREFEITURA DO MUNICÍPIO DE SÃO PAULO;8974;17393;2026;2;06/02/2026 00:00:00;6074.2023/0003176-8;04629944818;ARMANDO FERREIRA DE PAIVA FILHO;-1;-1;34;SMDHC;Secretaria Municipal de Direitos Humanos e Cidadania;10;Gabinete do Secretário;14;Direitos da Cidadania;243;Assistência à Criança e ao Adolescente;4019;Proteção a Crianças e Adolescentes;2157;Administração dos Conselhos Tutelares;CT;Conselho Tutelar;CT - Administração;3;Despesas Correntes;3;Outras Despesas Correntes;90;Aplicações Diretas;36;Locação de Imóveis;33903600;00.1.500.9001;Recursos não vinculados de Impostos;0;Locação de Imóveis;1;Outros Serviços de Terceiros - Pessoa Física;34.10.14.243.4019.2157.33903600.00.1.500.9001;1799.17;0.0;1799.17;210.02;210.02;0.0;;500;9001;1;02/03/2026 09:48:53;;00;34;33903600;Contratação PF;2157;UND;Locação de Imóvel - Conselho Tutelar Jaçanã - Reajuste.;1;1799.17
01;PREFEITURA DO MUNICÍPIO DE SÃO PAULO;8974;17397;2026;2;06/02/2026 00:00:00;6074.2023/0003176-8;18507288871;MARIA GORETI DOS REIS FERREIRA DE PAIVA;-1;-1;34;SMDHC;Secretaria Municipal de Direitos Humanos e Cidadania;10;Gabinete do Secretário;14;Direitos da Cidadania;243;Assistência à Criança e ao Adolescente;4019;Proteção a Crianças e Adolescentes;2157;Administração dos Conselhos Tutelares;CT;Conselho Tutelar;CT - Administração;3;Despesas Correntes;3;Outras Despesas Correntes;90;Aplicações Diretas;36;Locação de Imóveis;33903600;00.1.500.9001;Recursos não vinculados de Impostos;0;Locação de Imóveis;1;Outros Serviços de Terceiros - Pessoa Física;34.10.14.243.4019.2157.33903600.00.1.500.9001;1799.17;0.0;1799.17;210.02;210.02;0.0;;500;9001;1;02/03/2026 09:48:53;;00;34;33903600;Contratação PF;2157;UND;Locação de Imóvel - Conselho Tutelar Jaçanã - Reajuste;1;1799.17
01;PREFEITURA DO MUNICÍPIO DE SÃO PAULO;8974;17400;2026;2;06/02/2026 00:00:00;6074.2023/0003176-8;04629944818;ARMANDO FERREIRA DE PAIVA FILHO;-1;-1;34;SMDHC;Secretaria Municipal de Direitos Humanos e Cidadania;10;Gabinete do Secretário;14;Direitos da Cidadania;243;Assistência à Criança e ao Adolescente;4019;Proteção a Crianças e Adolescentes;2157;Administração dos Conselhos Tutelares;CT;Conselho Tutelar;CT - Administração;3;Despesas Correntes;3;Outras Despesas Correntes;90;Aplicações Diretas;36;Locação de Imóveis;33903600;00.1.500.9001;Recursos não vinculados de Impostos;0;Despesas com Reembolso;1;Outros Serviços de Terceiros - Pessoa Física;34.10.14.243.4019.2157.33903600.00.1.500.9001;3743.0;0.0;3743.0;0.0;0.0;0.0;;500;9001;1;02/03/2026 09:48:53;;00;34;33903600;Contratação PF;2157;UND;Locação de Imóvel - Conselho Tutelar Jaçanã - IPTU;1;3743.0
01;PREFEITURA DO MUNICÍPIO DE SÃO PAULO;8992;17514;2026;2;06/02/2026 00:00:00;6074.2024/0006197-9;75854627868;SERGIO KIYOSHI YAMAGUCHI;-1;-1;34;SMDHC;Secretaria Municipal de Direitos Humanos e Cidadania;10;Gabinete do Secretário;14;Direitos da Cidadania;243;Assistência à Criança e ao Adolescente;4019;Proteção a Crianças e Adolescentes;2157;Administração dos Conselhos Tutelares;CT;Conselho Tutelar;CT - Administração;3;Despesas Correntes;3;Outras Despesas Correntes;90;Aplicações Diretas;36;Locação de Imóveis;33903600;00.1.500.9001;Recursos não vinculados de Impostos;0;Locação de Imóveis;1;Outros Serviços de Terceiros - Pessoa Física;34.10.14.243.4019.2157.33903600.00.1.500.9001;34000.0;0.0;34000.0;4250.0;4250.0;0.0;;500;9001;1;02/03/2026 09:48:53;;00;34;33903600;Contratação PF;2157;UND;Locação de imóvel Conselho Tutelar Lapa.;1;34000.0
01;PREFEITURA DO MUNICÍPIO DE SÃO PAULO;8992;17516;2026;2;06/02/2026 00:00:00;6074.2024/0006197-9;01517707862;MIYOKO MUKAI YAMAGUCHI;-1;-1;34;SMDHC;Secretaria Municipal de Direitos Humanos e Cidadania;10;Gabinete do Secretário;14;Direitos da Cidadania;243;Assistência à Criança e ao Adolescente;4019;Proteção a Crianças e Adolescentes;2157;Administração dos Conselhos Tutelares;CT;Conselho Tutelar;CT - Administração;3;Despesas Correntes;3;Outras Despesas Correntes;90;Aplicações Diretas;36;Locação de Imóveis;33903600;00.1.500.9001;Recursos não vinculados de Impostos;0;Locação de Imóveis;1;Outros Serviços de Terceiros - Pessoa Física;34.10.14.243.4019.2157.33903600.00.1.500.9001;34000.0;0.0;34000.0;4250.0;4250.0;0.0;;500;9001;1;02/03/2026 09:48:53;;00;34;33903600;Contratação PF;2157;UND;Locação de imóvel Conselho Tutelar Lapa.;1;34000.0
01;PREFEITURA DO MUNICÍPIO DE SÃO PAULO;8991;17519;2026;2;06/02/2026 00:00:00;6074.2024/0006197-9;75854627868;SERGIO KIYOSHI YAMAGUCHI;-1;-1;34;SMDHC;Secretaria Municipal de Direitos Humanos e Cidadania;10;Gabinete do Secretário;14;Direitos da Cidadania;243;Assistência à Criança e ao Adolescente;4019;Proteção a Crianças e Adolescentes;2157;Administração dos Conselhos Tutelares;CT;Conselho Tutelar;CT - Administração;3;Despesas Correntes;3;Outras Despesas Correntes;90;Aplicações Diretas;36;Locação de Imóveis;33903600;00.1.500.9001;Recursos não vinculados de Impostos;0;Despesas com Reembolso;1;Outros Serviços de Terceiros - Pessoa Física;34.10.14.243.4019.2157.33903600.00.1.500.9001;8801.2;0.0;8801.2;0.0;0.0;0.0;;500;9001;1;02/03/2026 09:48:53;;00;34;33903600;Contratação PF;2157;UND;Locação de imóvel Conselho Tutelar Lapa - IPTU.;1;8801.2
01;PREFEITURA DO MUNICÍPIO DE SÃO PAULO;8971;17563;2026;2;06/02/2026 00:00:00;6037.2018/0000130-2;03387895887;LUIZ ANTÔNIO SIQUEIRA;-1;-1;34;SMDHC;Secretaria Municipal de Direitos Humanos e Cidadania;10;Gabinete do Secretário;14;Direitos da Cidadania;243;Assistência à Criança e ao Adolescente;4019;Proteção a Crianças e Adolescentes;2157;Administração dos Conselhos Tutelares;CT;Conselho Tutelar;CT - Administração;3;Despesas Correntes;3;Outras Despesas Correntes;90;Aplicações Diretas;36;Locação de Imóveis;33903600;00.1.500.9001;Recursos não vinculados de Impostos;0;Locação de Imóveis;1;Outros Serviços de Terceiros - Pessoa Física;34.10.14.243.4019.2157.33903600.00.1.500.9001;9652.0;0.0;9652.0;1930.4;1930.4;0.0;;500;9001;1;02/03/2026 09:48:53;;00;34;33903600;Contratação PF;2157;UND;Locação Conselho Tutelar Freguesia do Ó - Principal.;1;9652.0
01;PREFEITURA DO MUNICÍPIO DE SÃO PAULO;8971;17567;2026;2;06/02/2026 00:00:00;6037.2018/0000130-2;03387895887;LUIZ ANTÔNIO SIQUEIRA;-1;-1;34;SMDHC;Secretaria Municipal de Direitos Humanos e Cidadania;10;Gabinete do Secretário;14;Direitos da Cidadania;243;Assistência à Criança e ao Adolescente;4019;Proteção a Crianças e Adolescentes;2157;Administração dos Conselhos Tutelares;CT;Conselho Tutelar;CT - Administração;3;Despesas Correntes;3;Outras Despesas Correntes;90;Aplicações Diretas;36;Locação de Imóveis;33903600;00.1.500.9001;Recursos não vinculados de Impostos;0;Locação de Imóveis;1;Outros Serviços de Terceiros - Pessoa Física;34.10.14.243.4019.2157.33903600.00.1.500.9001;4580.9;0.0;4580.9;916.18;916.18;0.0;;500;9001;1;02/03/2026 09:48:53;;00;34;33903600;Contratação PF;2157;UND;Locação Conselho Tutelar Freguesia do Ó - Reajuste.;1;4580.9
01;PREFEITURA DO MUNICÍPIO DE SÃO PAULO;8971;17571;2026;2;06/02/2026 00:00:00;6037.2018/0000130-2;03387895887;LUIZ ANTÔNIO SIQUEIRA;-1;-1;34;SMDHC;Secretaria Municipal de Direitos Humanos e Cidadania;10;Gabinete do Secretário;14;Direitos da Cidadania;243;Assistência à Criança e ao Adolescente;4019;Proteção a Crianças e Adolescentes;2157;Administração dos Conselhos Tutelares;CT;Conselho Tutelar;CT - Administração;3;Despesas Correntes;3;Outras Despesas Correntes;90;Aplicações Diretas;36;Locação de Imóveis;33903600;00.1.500.9001;Recursos não vinculados de Impostos;0;Despesas com Reembolso;1;Outros Serviços de Terceiros - Pessoa Física;34.10.14.243.4019.2157.33903600.00.1.500.9001;2506.3;0.0;2506.3;0.0;0.0;0.0;;500;9001;1;02/03/2026 09:48:53;;00;34;33903600;Contratação PF;2157;UND;Locação Conselho Tutelar Freguesia do Ó - IPTU.;1;2506.3
01;PREFEITURA DO MUNICÍPIO DE SÃO PAULO;15385;17591;2026;2;06/02/2026 00:00:00;6074.2026/0000786-2;51910821000104;PREMIUM GRAFICA E EDITORA LTDA;4361;2026;34;SMDHC;Secretaria Municipal de Direitos Humanos e Cidadania;10;Gabinete do Secretário;14;Direitos da Cidadania;422;Direitos Individuais, Coletivos e Difusos;4025;Políticas para Mulheres;6178;Manutenção e Operação de Equipamentos Públicos Voltados ao Atendimento;CPM;Mulheres;CPM - Equipamentos;3;Despesas Correntes;3;Outras Despesas Correntes;90;Aplicações Diretas;30;Material para Festividades e Homenagens;33903000;00.1.500.9001;Recursos não vinculados de Impostos;0;Diversos Materiais Festividades e Homenagens;1;Material de Consumo;34.10.14.422.4025.6178.33903000.00.1.500.9001;2520.0;0.0;2520.0;0.0;0.0;0.0;;500;9001;1;02/03/2026 09:48:53;;00;34;33903000;Material de Consumo;6178;UND;"Contratação tem por objeto a confecção e impressão de 6.000 (seis mil) cartazes A3, com as seguintes especificações: formato A3 (29,7 x 42,0 cm); impressão frente; cores 4x0 (colorido); papel couchê fosco 170g; acabamento em refile; sem enobrecimento.";6000;0.42
01;PREFEITURA DO MUNICÍPIO DE SÃO PAULO;14037;17600;2026;2;06/02/2026 00:00:00;6074.2026/0000191-0;42264760000156;LIVRE DE ASSEDIO LTDA;4363;2026;34;SMDHC;Secretaria Municipal de Direitos Humanos e Cidadania;10;Gabinete do Secretário;14;Direitos da Cidadania;422;Direitos Individuais, Coletivos e Difusos;4025;Políticas para Mulheres;6178;Manutenção e Operação de Equipamentos Públicos Voltados ao Atendimento;CPM;Mulheres;CPM - Equipamentos;3;Despesas Correntes;3;Outras Despesas Correntes;90;Aplicações Diretas;39;Serviços Técnicos Profissionais;33903900;00.1.500.9001;Recursos não vinculados de Impostos;9;Outros Serviços Técnicos Profissionais - PJ;0;Outros Serviços de Terceiros - Pessoa Jurídica;34.10.14.422.4025.6178.33903900.00.1.500.9001;566200.0;0.0;566200.0;0.0;0.0;0.0;;500;9001;1;02/03/2026 09:48:53;;00;34;33903900;Contratação PJ com Fins Lucrativos;6178;UND;Contratação de empresa especializada para atendimento do Protocolo Não Se Cale no Carnaval de São Paulo, com acolhimento, escuta inicial, orientações e encaminhamento, conforme diretrizes da SMDHC, no combate às violências e divulgação do Protocolo.;1;566200.0
01;PREFEITURA DO MUNICÍPIO DE SÃO PAULO;15850;17612;2026;2;06/02/2026 00:00:00;6074.2017/0000033-0;64544455000150;FWMA  ADMINISTRADORA  LTDA - EPP;-1;-1;34;SMDHC;Secretaria Municipal de Direitos Humanos e Cidadania;10;Gabinete do Secretário;14;Direitos da Cidadania;122;Administração Geral;4001;Suporte Administrativo;2100;Administração da Unidade;ADM;Administração;ADM;3;Despesas Correntes;3;Outras Despesas Correntes;90;Aplicações Diretas;39;Locação de Imóveis;33903900;00.1.500.9001;Recursos não vinculados de Impostos;0;Locação de Imóveis;1;Outros Serviços de Terceiros - Pessoa Jurídica;34.10.14.122.4001.2100.33903900.00.1.500.9001;128000.0;0.0;128000.0;128000.0;128000.0;0.0;;500;9001;1;02/03/2026 09:48:53;;00;34;33903900;Contratação PJ com Fins Lucrativos;2100;UN;Locação destinada às instalações da Sede da Secretaria Municipal de Direitos - Principal - janeiro/2026.;1;128000.0
01;PREFEITURA DO MUNICÍPIO DE SÃO PAULO;15850;17613;2026;2;06/02/2026 00:00:00;6074.2017/0000033-0;64544455000150;FWMA  ADMINISTRADORA  LTDA - EPP;-1;-1;34;SMDHC;Secretaria Municipal de Direitos Humanos e Cidadania;10;Gabinete do Secretário;14;Direitos da Cidadania;122;Administração Geral;4001;Suporte Administrativo;2100;Administração da Unidade;ADM;Administração;ADM;3;Despesas Correntes;3;Outras Despesas Correntes;90;Aplicações Diretas;39;Locação de Imóveis;33903900;00.1.500.9001;Recursos não vinculados de Impostos;0;Locação de Imóveis;1;Outros Serviços de Terceiros - Pessoa Jurídica;34.10.14.122.4001.2100.33903900.00.1.500.9001;49501.21;0.0;49501.21;49501.21;49501.21;0.0;;500;9001;1;02/03/2026 09:48:53;;00;34;33903900;Contratação PJ com Fins Lucrativos;2100;UN;Locação destinada às instalações da Sede da Secretaria Municipal de Direitos - Reajuste - janeiro/2026.;1;49501.21
01;PREFEITURA DO MUNICÍPIO DE SÃO PAULO;10177;17660;2026;2;07/02/2026 00:00:00;6074.2024/0006300-9;04373052000407;NUCLEO CRISTÃO CIDADANIA E VIDA;12620;2021;34;SMDHC;Secretaria Municipal de Direitos Humanos e Cidadania;10;Gabinete do Secretário;14;Direitos da Cidadania;422;Direitos Individuais, Coletivos e Difusos;4025;Políticas para Mulheres;6178;Manutenção e Operação de Equipamentos Públicos Voltados ao Atendimento;CPM;Mulheres;CPM - Equipamentos;3;Despesas Correntes;3;Outras Despesas Correntes;50;Transferências a Instituições Privadas sem Fins Lucrativos;39;Serviços de Assistência Social;33503900;00.1.500.9001;Recursos não vinculados de Impostos;2;Outras Despesas;5;Outros Serviços de Terceiros - Pessoa Jurídica;34.10.14.422.4025.6178.33503900.00.1.500.9001;39681.54;0.0;39681.54;0.0;0.0;0.0;;500;9001;1;02/03/2026 09:48:53;;00;34;33503900;Contratação PJ sem Fins Lucrativos;6178;UND;TCL/192/2021/SMADS/CPM (Março a Abril);1;39681.54
01;PREFEITURA DO MUNICÍPIO DE SÃO PAULO;10177;17661;2026;2;07/02/2026 00:00:00;6074.2024/0006300-9;04373052000407;NUCLEO CRISTÃO CIDADANIA E VIDA;12620;2021;34;SMDHC;Secretaria Municipal de Direitos Humanos e Cidadania;10;Gabinete do Secretário;14;Direitos da Cidadania;422;Direitos Individuais, Coletivos e Difusos;4025;Políticas para Mulheres;6178;Manutenção e Operação de Equipamentos Públicos Voltados ao Atendimento;CPM;Mulheres;CPM - Equipamentos;3;Despesas Correntes;3;Outras Despesas Correntes;50;Transferências a Instituições Privadas sem Fins Lucrativos;39;Serviços de Assistência Social;33503900;00.1.500.9001;Recursos não vinculados de Impostos;2;Remuneração de Pessoal;5;Outros Serviços de Terceiros - Pessoa Jurídica;34.10.14.422.4025.6178.33503900.00.1.500.9001;66318.8;0.0;66318.8;0.0;0.0;0.0;;500;9001;1;02/03/2026 09:48:53;;00;34;33503900;Contratação PJ sem Fins Lucrativos;6178;UND;"TCL/192/2021/SMADS/CPM (Março a Abril)
";1;66318.8
01;PREFEITURA DO MUNICÍPIO DE SÃO PAULO;15990;17817;2026;2;09/02/2026 00:00:00;6074.2023/0009188-4;50076064000144;THHD COMERCIAL LTDA;37228;2023;34;SMDHC;Secretaria Municipal de Direitos Humanos e Cidadania;10;Gabinete do Secretário;14;Direitos da Cidadania;422;Direitos Individuais, Coletivos e Difusos;4010;Segurança Alimentar e Nutricional;4470;Manutenção e Operação de Centro de Referência de Segurança Alimentar e;SESANA;Segurança Alimentar;SESANA - CRESAN;3;Despesas Correntes;3;Outras Despesas Correntes;90;Aplicações Diretas;30;Gêneros de Alimentação;33903000;00.1.500.9001;Recursos não vinculados de Impostos;9;Diversos Gêneros Alimentícios;0;Material de Consumo;34.10.14.422.4010.4470.33903000.00.1.500.9001;12540.0;0.0;12540.0;0.0;0.0;0.0;;500;9001;1;02/03/2026 09:48:53;;00;34;33903000;Material de Consumo;4470;UND;Contrato nº 405/SMDHC/2023 referente a fornecimento - sob demanda - de água mineral natural ou potável de mesa, acondicionada em garrafões de 20 (vinte) litros - Principal;1;12540.0
01;PREFEITURA DO MUNICÍPIO DE SÃO PAULO;15990;17822;2026;2;09/02/2026 00:00:00;6074.2023/0009188-4;50076064000144;THHD COMERCIAL LTDA;37228;2023;34;SMDHC;Secretaria Municipal de Direitos Humanos e Cidadania;10;Gabinete do Secretário;14;Direitos da Cidadania;422;Direitos Individuais, Coletivos e Difusos;4010;Segurança Alimentar e Nutricional;4470;Manutenção e Operação de Centro de Referência de Segurança Alimentar e;SESANA;Segurança Alimentar;SESANA - CRESAN;3;Despesas Correntes;3;Outras Despesas Correntes;90;Aplicações Diretas;30;Gêneros de Alimentação;33903000;00.1.500.9001;Recursos não vinculados de Impostos;9;Diversos Gêneros Alimentícios;0;Material de Consumo;34.10.14.422.4010.4470.33903000.00.1.500.9001;1089.0;0.0;1089.0;0.0;0.0;0.0;;500;9001;1;02/03/2026 09:48:53;;00;34;33903000;Material de Consumo;4470;UND;Contrato nº 405/SMDHC/2023 referente a fornecimento - sob demanda - de água mineral natural ou potável de mesa, acondicionada em garrafões de 20 (vinte) litros - Reajuste;1;1089.0
01;PREFEITURA DO MUNICÍPIO DE SÃO PAULO;16053;17883;2026;2;09/02/2026 00:00:00;6074.2022/0003201-0;23169093000188;ASERP LOCAÇÃO E SERVIÇOS GERAIS LTDA. ME;1892;2023;34;SMDHC;Secretaria Municipal de Direitos Humanos e Cidadania;10;Gabinete do Secretário;14;Direitos da Cidadania;422;Direitos Individuais, Coletivos e Difusos;4026;Políticas de Igualdade Racial;4334;Manutenção e Operação de Equipamentos Públicos Voltados à Promoção da ;CPIR;Igualdade Racial;CPIR - Equipamentos;3;Despesas Correntes;3;Outras Despesas Correntes;90;Aplicações Diretas;39;Serviços Técnicos Profissionais;33903900;00.1.500.9001;Recursos não vinculados de Impostos;0;Gerenciamento;0;Outros Serviços de Terceiros - Pessoa Jurídica;34.10.14.422.4026.4334.33903900.00.1.500.9001;44304.0;0.0;44304.0;0.0;0.0;0.0;;500;9001;1;02/03/2026 09:48:53;;00;34;33903900;Contratação PJ com Fins Lucrativos;4334;UND;" Termo de Contrato n° 059/SMDHC/2023 - ASERP LOCAÇÃO E SERVIÇOS GERAIS LTDA - Contratação, por lotes, de empresa especializada na administração e gerenciamento de frota
veicular - CPIR - Principal Retroativo";1;44304.0
01;PREFEITURA DO MUNICÍPIO DE SÃO PAULO;16053;17885;2026;2;09/02/2026 00:00:00;6074.2022/0003201-0;23169093000188;ASERP LOCAÇÃO E SERVIÇOS GERAIS LTDA. ME;1892;2023;34;SMDHC;Secretaria Municipal de Direitos Humanos e Cidadania;10;Gabinete do Secretário;14;Direitos da Cidadania;422;Direitos Individuais, Coletivos e Difusos;4026;Políticas de Igualdade Racial;4334;Manutenção e Operação de Equipamentos Públicos Voltados à Promoção da ;CPIR;Igualdade Racial;CPIR - Equipamentos;3;Despesas Correntes;3;Outras Despesas Correntes;90;Aplicações Diretas;39;Serviços Técnicos Profissionais;33903900;00.1.500.9001;Recursos não vinculados de Impostos;0;Gerenciamento;0;Outros Serviços de Terceiros - Pessoa Jurídica;34.10.14.422.4026.4334.33903900.00.1.500.9001;3359.42;0.0;3359.42;0.0;0.0;0.0;;500;9001;1;02/03/2026 09:48:53;;00;34;33903900;Contratação PJ com Fins Lucrativos;4334;UND; Termo de Contrato n° 059/SMDHC/2023 - ASERP LOCAÇÃO E SERVIÇOS GERAIS LTDA - Contratação, por lotes, de empresa especializada na administração e gerenciamento de frota veicular - CPIR - Reajuste - Retroativo;1;3359.42
01;PREFEITURA DO MUNICÍPIO DE SÃO PAULO;16062;17887;2026;2;09/02/2026 00:00:00;6074.2022/0003201-0;23169093000188;ASERP LOCAÇÃO E SERVIÇOS GERAIS LTDA. ME;1892;2023;34;SMDHC;Secretaria Municipal de Direitos Humanos e Cidadania;10;Gabinete do Secretário;14;Direitos da Cidadania;422;Direitos Individuais, Coletivos e Difusos;4025;Políticas para Mulheres;6178;Manutenção e Operação de Equipamentos Públicos Voltados ao Atendimento;CPM;Mulheres;CPM - Equipamentos;3;Despesas Correntes;3;Outras Despesas Correntes;90;Aplicações Diretas;39;Serviços Técnicos Profissionais;33903900;00.1.500.9001;Recursos não vinculados de Impostos;0;Gerenciamento;0;Outros Serviços de Terceiros - Pessoa Jurídica;34.10.14.422.4025.6178.33903900.00.1.500.9001;32354.4;0.0;32354.4;0.0;0.0;0.0;;500;9001;1;02/03/2026 09:48:53;;00;34;33903900;Contratação PJ com Fins Lucrativos;6178;UND;Termo de Contrato n° 059/SMDHC/2023 - Contratação, por lotes, de empresa especializada na administração e gerenciamento de frota veicular - CPM - Principal Retroativo;1;32354.4
01;PREFEITURA DO MUNICÍPIO DE SÃO PAULO;16062;17888;2026;2;09/02/2026 00:00:00;6074.2022/0003201-0;23169093000188;ASERP LOCAÇÃO E SERVIÇOS GERAIS LTDA. ME;1892;2023;34;SMDHC;Secretaria Municipal de Direitos Humanos e Cidadania;10;Gabinete do Secretário;14;Direitos da Cidadania;422;Direitos Individuais, Coletivos e Difusos;4025;Políticas para Mulheres;6178;Manutenção e Operação de Equipamentos Públicos Voltados ao Atendimento;CPM;Mulheres;CPM - Equipamentos;3;Despesas Correntes;3;Outras Despesas Correntes;90;Aplicações Diretas;39;Serviços Técnicos Profissionais;33903900;00.1.500.9001;Recursos não vinculados de Impostos;0;Gerenciamento;0;Outros Serviços de Terceiros - Pessoa Jurídica;34.10.14.422.4025.6178.33903900.00.1.500.9001;2447.98;0.0;2447.98;0.0;0.0;0.0;;500;9001;1;02/03/2026 09:48:53;;00;34;33903900;Contratação PJ com Fins Lucrativos;6178;UND;Termo de Contrato n° 059/SMDHC/2023 - Contratação, por lotes, de empresa especializada na administração e gerenciamento de frota veicular - CPM - Reajuste Retroativo;1;2447.98
01;PREFEITURA DO MUNICÍPIO DE SÃO PAULO;16071;17892;2026;2;09/02/2026 00:00:00;6074.2022/0003201-0;23169093000188;ASERP LOCAÇÃO E SERVIÇOS GERAIS LTDA. ME;1892;2023;34;SMDHC;Secretaria Municipal de Direitos Humanos e Cidadania;10;Gabinete do Secretário;14;Direitos da Cidadania;422;Direitos Individuais, Coletivos e Difusos;4010;Segurança Alimentar e Nutricional;4470;Manutenção e Operação de Centro de Referência de Segurança Alimentar e;SESANA;Segurança Alimentar;SESANA - CRESAN;3;Despesas Correntes;3;Outras Despesas Correntes;90;Aplicações Diretas;39;Serviços Técnicos Profissionais;33903900;00.1.500.9001;Recursos não vinculados de Impostos;0;Gerenciamento;0;Outros Serviços de Terceiros - Pessoa Jurídica;34.10.14.422.4010.4470.33903900.00.1.500.9001;19097.0;0.0;19097.0;0.0;0.0;0.0;;500;9001;1;02/03/2026 09:48:53;;00;34;33903900;Contratação PJ com Fins Lucrativos;4470;UND;Termo de Contrato n° 059/SMDHC/2023 - Contratação, por lotes, de empresa especializada na administração e gerenciamento de frota veicular - SESANA - Principal Retroativo;1;19097.0
01;PREFEITURA DO MUNICÍPIO DE SÃO PAULO;864;18107;2026;2;09/02/2026 00:00:00;6074.2022/0003201-0;23169093000188;ASERP LOCAÇÃO E SERVIÇOS GERAIS LTDA. ME;1892;2023;34;SMDHC;Secretaria Municipal de Direitos Humanos e Cidadania;10;Gabinete do Secretário;14;Direitos da Cidadania;422;Direitos Individuais, Coletivos e Difusos;4025;Políticas para Mulheres;6178;Manutenção e Operação de Equipamentos Públicos Voltados ao Atendimento;CPM;Mulheres;CPM - Equipamentos;3;Despesas Correntes;3;Outras Despesas Correntes;90;Aplicações Diretas;39;Serviços Técnicos Profissionais;33903900;00.1.500.9001;Recursos não vinculados de Impostos;0;Gerenciamento;0;Outros Serviços de Terceiros - Pessoa Jurídica;34.10.14.422.4025.6178.33903900.00.1.500.9001;266301.6;0.0;266301.6;0.0;0.0;0.0;;500;9001;1;02/03/2026 09:48:53;;00;34;33903900;Contratação PJ com Fins Lucrativos;6178;UND;Termo de Contrato n° 059/SMDHC/2023 - Contratação, por lotes, de empresa especializada na administração e gerenciamento de frota veicular - CPM - Principal - a partir de 10/02/2026;1;266301.6
01;PREFEITURA DO MUNICÍPIO DE SÃO PAULO;864;18110;2026;2;09/02/2026 00:00:00;6074.2022/0003201-0;23169093000188;ASERP LOCAÇÃO E SERVIÇOS GERAIS LTDA. ME;1892;2023;34;SMDHC;Secretaria Municipal de Direitos Humanos e Cidadania;10;Gabinete do Secretário;14;Direitos da Cidadania;422;Direitos Individuais, Coletivos e Difusos;4025;Políticas para Mulheres;6178;Manutenção e Operação de Equipamentos Públicos Voltados ao Atendimento;CPM;Mulheres;CPM - Equipamentos;3;Despesas Correntes;3;Outras Despesas Correntes;90;Aplicações Diretas;39;Serviços Técnicos Profissionais;33903900;00.1.500.9001;Recursos não vinculados de Impostos;0;Gerenciamento;0;Outros Serviços de Terceiros - Pessoa Jurídica;34.10.14.422.4025.6178.33903900.00.1.500.9001;41452.88;0.0;41452.88;0.0;0.0;0.0;;500;9001;1;02/03/2026 09:48:53;;00;34;33903900;Contratação PJ com Fins Lucrativos;6178;UND;Termo de Contrato n° 059/SMDHC/2023 - Contratação, por lotes, de empresa especializada na administração e gerenciamento de frota veicular - CPM - Reajuste Estimado - a partir de 10/02/2026;1;41452.88
01;PREFEITURA DO MUNICÍPIO DE SÃO PAULO;872;18114;2026;2;09/02/2026 00:00:00;6074.2022/0003201-0;23169093000188;ASERP LOCAÇÃO E SERVIÇOS GERAIS LTDA. ME;1892;2023;34;SMDHC;Secretaria Municipal de Direitos Humanos e Cidadania;10;Gabinete do Secretário;14;Direitos da Cidadania;422;Direitos Individuais, Coletivos e Difusos;4026;Políticas de Igualdade Racial;4334;Manutenção e Operação de Equipamentos Públicos Voltados à Promoção da ;CPIR;Igualdade Racial;CPIR - Equipamentos;3;Despesas Correntes;3;Outras Despesas Correntes;90;Aplicações Diretas;39;Serviços Técnicos Profissionais;33903900;00.1.500.9001;Recursos não vinculados de Impostos;0;Gerenciamento;0;Outros Serviços de Terceiros - Pessoa Jurídica;34.10.14.422.4026.4334.33903900.00.1.500.9001;364656.0;0.0;364656.0;0.0;0.0;0.0;;500;9001;1;02/03/2026 09:48:53;;00;34;33903900;Contratação PJ com Fins Lucrativos;4334;UND;Termo de Contrato n° 059/SMDHC/2023 - Contratação, por lotes, de empresa especializada na administração e gerenciamento de frota veicular - CPIR  - Principal - a partir de 10/02/2026;1;364656.0
01;PREFEITURA DO MUNICÍPIO DE SÃO PAULO;872;18118;2026;2;09/02/2026 00:00:00;6074.2022/0003201-0;23169093000188;ASERP LOCAÇÃO E SERVIÇOS GERAIS LTDA. ME;1892;2023;34;SMDHC;Secretaria Municipal de Direitos Humanos e Cidadania;10;Gabinete do Secretário;14;Direitos da Cidadania;422;Direitos Individuais, Coletivos e Difusos;4026;Políticas de Igualdade Racial;4334;Manutenção e Operação de Equipamentos Públicos Voltados à Promoção da ;CPIR;Igualdade Racial;CPIR - Equipamentos;3;Despesas Correntes;3;Outras Despesas Correntes;90;Aplicações Diretas;39;Serviços Técnicos Profissionais;33903900;00.1.500.9001;Recursos não vinculados de Impostos;0;Gerenciamento;0;Outros Serviços de Terceiros - Pessoa Jurídica;34.10.14.422.4026.4334.33903900.00.1.500.9001;56823.09;0.0;56823.09;0.0;0.0;0.0;;500;9001;1;02/03/2026 09:48:53;;00;34;33903900;Contratação PJ com Fins Lucrativos;4334;UND;Termo de Contrato n° 059/SMDHC/2023 - Contratação, por lotes, de empresa especializada na administração e gerenciamento de frota veicular - CPIR - Reajuste Estimado - a partir de 10/02/2026;1;56823.09
01;PREFEITURA DO MUNICÍPIO DE SÃO PAULO;883;18122;2026;2;09/02/2026 00:00:00;6074.2022/0003201-0;23169093000188;ASERP LOCAÇÃO E SERVIÇOS GERAIS LTDA. ME;1892;2023;34;SMDHC;Secretaria Municipal de Direitos Humanos e Cidadania;10;Gabinete do Secretário;14;Direitos da Cidadania;422;Direitos Individuais, Coletivos e Difusos;4010;Segurança Alimentar e Nutricional;4470;Manutenção e Operação de Centro de Referência de Segurança Alimentar e;SESANA;Segurança Alimentar;SESANA - CRESAN;3;Despesas Correntes;3;Outras Despesas Correntes;90;Aplicações Diretas;39;Serviços Técnicos Profissionais;33903900;00.1.500.9001;Recursos não vinculados de Impostos;0;Gerenciamento;0;Outros Serviços de Terceiros - Pessoa Jurídica;34.10.14.422.4010.4470.33903900.00.1.500.9001;157183.0;0.0;157183.0;0.0;0.0;0.0;;500;9001;1;02/03/2026 09:48:53;;00;34;33903900;Contratação PJ com Fins Lucrativos;4470;UND;Termo de Contrato n° 059/SMDHC/2023 - Contratação, por lotes, de empresa especializada na administração e gerenciamento de frota veicular - SESANA - Principal - a partir de 10/02/2026;1;157183.0
01;PREFEITURA DO MUNICÍPIO DE SÃO PAULO;883;18127;2026;2;09/02/2026 00:00:00;6074.2022/0003201-0;23169093000188;ASERP LOCAÇÃO E SERVIÇOS GERAIS LTDA. ME;1892;2023;34;SMDHC;Secretaria Municipal de Direitos Humanos e Cidadania;10;Gabinete do Secretário;14;Direitos da Cidadania;422;Direitos Individuais, Coletivos e Difusos;4010;Segurança Alimentar e Nutricional;4470;Manutenção e Operação de Centro de Referência de Segurança Alimentar e;SESANA;Segurança Alimentar;SESANA - CRESAN;3;Despesas Correntes;3;Outras Despesas Correntes;90;Aplicações Diretas;39;Serviços Técnicos Profissionais;33903900;00.1.500.9001;Recursos não vinculados de Impostos;0;Gerenciamento;0;Outros Serviços de Terceiros - Pessoa Jurídica;34.10.14.422.4010.4470.33903900.00.1.500.9001;24561.96;0.0;24561.96;0.0;0.0;0.0;;500;9001;1;02/03/2026 09:48:53;;00;34;33903900;Contratação PJ com Fins Lucrativos;4470;UND;Termo de Contrato n° 059/SMDHC/2023 - Contratação, por lotes, de empresa especializada na administração e gerenciamento de frota veicular - SESANA - Reajuste Estimado - a partir de 10/02/2026;1;24561.96
01;PREFEITURA DO MUNICÍPIO DE SÃO PAULO;16702;18920;2026;2;10/02/2026 00:00:00;6074.2020/0003572-5;02558157000162;TELEFONICA BRASIL SA;16833;2020;34;SMDHC;Secretaria Municipal de Direitos Humanos e Cidadania;10;Gabinete do Secretário;14;Direitos da Cidadania;243;Assistência à Criança e ao Adolescente;4019;Proteção a Crianças e Adolescentes;2157;Administração dos Conselhos Tutelares;CT;Conselho Tutelar;CT - Administração;3;Despesas Correntes;3;Outras Despesas Correntes;90;Aplicações Diretas;39;Serviços de Telecomunicações;33903900;00.1.500.9006;Recursos destinados ao pagamento de concessionárias;0;Telefonia Fixa;5;Outros Serviços de Terceiros - Pessoa Jurídica;34.10.14.243.4019.2157.33903900.00.1.500.9006;60000.0;0.0;60000.0;4614.6;0.0;0.0;;500;9006;1;02/03/2026 09:48:53;;00;34;33903900;Contratação PJ com Fins Lucrativos;2157;UND;TERMO DE CONTRATO Nº 058/SMDHC/2020 - Serviços de Telefonia Fixa Conselho Tutelar ;1;60000.0
01;PREFEITURA DO MUNICÍPIO DE SÃO PAULO;16735;18960;2026;2;10/02/2026 00:00:00;6074.2021/0003084-9;02421421000111;TIM S A;18248;2021;34;SMDHC;Secretaria Municipal de Direitos Humanos e Cidadania;10;Gabinete do Secretário;14;Direitos da Cidadania;243;Assistência à Criança e ao Adolescente;4019;Proteção a Crianças e Adolescentes;2157;Administração dos Conselhos Tutelares;CT;Conselho Tutelar;CT - Administração;3;Despesas Correntes;3;Outras Despesas Correntes;90;Aplicações Diretas;39;Serviços de Telecomunicações;33903900;00.1.500.9006;Recursos destinados ao pagamento de concessionárias;0;Telefonia Móvel;5;Outros Serviços de Terceiros - Pessoa Jurídica;34.10.14.243.4019.2157.33903900.00.1.500.9006;308517.0;0.0;308517.0;31143.21;0.0;0.0;;500;9006;1;02/03/2026 09:48:53;;00;34;33903900;Contratação PJ com Fins Lucrativos;2157;UND;Termo de Contrato nº 225/SMDHC/2021 - Serviços de Telefonia Móvel - Conselho Tutelar;1;308517.0
01;PREFEITURA DO MUNICÍPIO DE SÃO PAULO;16752;19022;2026;2;10/02/2026 00:00:00;6074.2022/0003858-2;05070948000137;ACJS SANEAMENTO E CONTROLE AMBIENTAL LTDA.;16779;2022;34;SMDHC;Secretaria Municipal de Direitos Humanos e Cidadania;10;Gabinete do Secretário;14;Direitos da Cidadania;122;Administração Geral;4001;Suporte Administrativo;2100;Administração da Unidade;ADM;Administração;ADM;3;Despesas Correntes;3;Outras Despesas Correntes;90;Aplicações Diretas;39;Limpeza e Conservação;33903900;00.1.500.9001;Recursos não vinculados de Impostos;0;Limpeza de Reservatórios de Água;7;Outros Serviços de Terceiros - Pessoa Jurídica;34.10.14.122.4001.2100.33903900.00.1.500.9001;789.48;0.0;789.48;0.0;0.0;0.0;;500;9001;1;02/03/2026 09:48:53;;00;34;33903900;Contratação PJ com Fins Lucrativos;2100;UND;CONTRATO Nº 144/SMDHC/2022 - Prestação de serviços de limpeza e desinfecção de reservatório predial - até 10/07/2026.;1;789.48
01;PREFEITURA DO MUNICÍPIO DE SÃO PAULO;16775;19067;2026;2;10/02/2026 00:00:00;6074.2022/0007913-0;02198980000104;ACAO TRANSPORTES E TURISMO LTDA;3724;2023;34;SMDHC;Secretaria Municipal de Direitos Humanos e Cidadania;10;Gabinete do Secretário;14;Direitos da Cidadania;122;Administração Geral;4001;Suporte Administrativo;2100;Administração da Unidade;ADM;Administração;ADM;3;Despesas Correntes;3;Outras Despesas Correntes;90;Aplicações Diretas;39;Locação de Bens Móveis de Outra Natureza e Intangíveis;33903900;00.1.500.9001;Recursos não vinculados de Impostos;0;Ônibus com Motorista;1;Outros Serviços de Terceiros - Pessoa Jurídica;34.10.14.122.4001.2100.33903900.00.1.500.9001;44704.49;0.0;44704.49;0.0;0.0;0.0;;500;9001;1;02/03/2026 09:48:53;;00;34;33903900;Contratação PJ com Fins Lucrativos;2100;UND;CONTRATO Nº 062/SMDHC/2023 - Serviços de transporte através de fretamento por micro-ônibus, em caráter eventual - Viagem normal e Excedente - Principal;1;44704.49
01;PREFEITURA DO MUNICÍPIO DE SÃO PAULO;16775;19073;2026;2;10/02/2026 00:00:00;6074.2022/0007913-0;02198980000104;ACAO TRANSPORTES E TURISMO LTDA;3724;2023;34;SMDHC;Secretaria Municipal de Direitos Humanos e Cidadania;10;Gabinete do Secretário;14;Direitos da Cidadania;122;Administração Geral;4001;Suporte Administrativo;2100;Administração da Unidade;ADM;Administração;ADM;3;Despesas Correntes;3;Outras Despesas Correntes;90;Aplicações Diretas;39;Locação de Bens Móveis de Outra Natureza e Intangíveis;33903900;00.1.500.9001;Recursos não vinculados de Impostos;0;Ônibus com Motorista;1;Outros Serviços de Terceiros - Pessoa Jurídica;34.10.14.122.4001.2100.33903900.00.1.500.9001;2020.64;2020.64;0.0;0.0;0.0;0.0;;500;9001;1;02/03/2026 09:48:53;;00;34;33903900;Contratação PJ com Fins Lucrativos;2100;UND;CONTRATO Nº 062/SMDHC/2023 - Serviços de transporte através de fretamento por micro-ônibus, em caráter eventual - Viagem normal e Excedente - Reajuste 01/01/2026 a 12/03/2026;1;2020.64
01;PREFEITURA DO MUNICÍPIO DE SÃO PAULO;16775;19077;2026;2;10/02/2026 00:00:00;6074.2022/0007913-0;02198980000104;ACAO TRANSPORTES E TURISMO LTDA;3724;2023;34;SMDHC;Secretaria Municipal de Direitos Humanos e Cidadania;10;Gabinete do Secretário;14;Direitos da Cidadania;122;Administração Geral;4001;Suporte Administrativo;2100;Administração da Unidade;ADM;Administração;ADM;3;Despesas Correntes;3;Outras Despesas Correntes;90;Aplicações Diretas;39;Locação de Bens Móveis de Outra Natureza e Intangíveis;33903900;00.1.500.9001;Recursos não vinculados de Impostos;0;Ônibus com Motorista;1;Outros Serviços de Terceiros - Pessoa Jurídica;34.10.14.122.4001.2100.33903900.00.1.500.9001;2020.64;0.0;2020.64;0.0;0.0;0.0;;500;9001;1;02/03/2026 09:48:53;;00;34;33903900;Contratação PJ com Fins Lucrativos;2100;und;CONTRATO Nº 062/SMDHC/2023 - Serviços de transporte através de fretamento por micro-ônibus, em caráter eventual - Viagem normal e Excedente - Reajuste 01/01/2026 a 12/03/2026;1;2020.64
01;PREFEITURA DO MUNICÍPIO DE SÃO PAULO;8972;23672;2026;2;12/02/2026 00:00:00;6074.2021/0006548-0;48295566849;JOSE ANTONIO FLORIO;-1;-1;34;SMDHC;Secretaria Municipal de Direitos Humanos e Cidadania;10;Gabinete do Secretário;14;Direitos da Cidadania;243;Assistência à Criança e ao Adolescente;4019;Proteção a Crianças e Adolescentes;2157;Administração dos Conselhos Tutelares;CT;Conselho Tutelar;CT - Administração;3;Despesas Correntes;3;Outras Despesas Correntes;90;Aplicações Diretas;36;Locação de Imóveis;33903600;00.1.500.9001;Recursos não vinculados de Impostos;0;Locação de Imóveis;1;Outros Serviços de Terceiros - Pessoa Física;34.10.14.243.4019.2157.33903600.00.1.500.9001;22.73;0.0;22.73;0.0;0.0;0.0;;500;9001;1;02/03/2026 09:48:53;;00;34;33903600;Contratação PF;2157;UND;Contrato de Locação nº 04/SP/PR/2013/2022 - Conselho Tutelar Brasilândia - Reajuste - até 01/02/2026;1;22.73
01;PREFEITURA DO MUNICÍPIO DE SÃO PAULO;8978;23722;2026;2;12/02/2026 00:00:00;6074.2021/0006581-2;11778059872;MANOEL DE ARAUJO NETO;-1;-1;34;SMDHC;Secretaria Municipal de Direitos Humanos e Cidadania;10;Gabinete do Secretário;14;Direitos da Cidadania;243;Assistência à Criança e ao Adolescente;4019;Proteção a Crianças e Adolescentes;2157;Administração dos Conselhos Tutelares;CT;Conselho Tutelar;CT - Administração;3;Despesas Correntes;3;Outras Despesas Correntes;90;Aplicações Diretas;36;Locação de Imóveis;33903600;00.1.500.9001;Recursos não vinculados de Impostos;0;Locação de Imóveis;1;Outros Serviços de Terceiros - Pessoa Física;34.10.14.243.4019.2157.33903600.00.1.500.9001;51133.33;0.0;51133.33;0.0;0.0;0.0;;500;9001;1;02/03/2026 09:48:53;;00;34;33903600;Contratação PF;2157;UNI;Locação do imóvel destinado ao Conselho Tutelar São Raphael - Exercício 2026 - Principal;1;51133.33
01;PREFEITURA DO MUNICÍPIO DE SÃO PAULO;17502;23821;2026;2;12/02/2026 00:00:00;6074.2023/0011075-7;10749468000137;INSTITUTO SOCIAL ESPACO NEGRO;37613;2023;34;SMDHC;Secretaria Municipal de Direitos Humanos e Cidadania;10;Gabinete do Secretário;14;Direitos da Cidadania;422;Direitos Individuais, Coletivos e Difusos;4026;Políticas de Igualdade Racial;4334;Manutenção e Operação de Equipamentos Públicos Voltados à Promoção da ;CPIR;Igualdade Racial;CPIR - Equipamentos;3;Despesas Correntes;3;Outras Despesas Correntes;50;Transferências a Instituições Privadas sem Fins Lucrativos;39;Serviços de Assistência Social;33503900;00.1.500.9001;Recursos não vinculados de Impostos;2;Remuneração de Pessoal;5;Outros Serviços de Terceiros - Pessoa Jurídica;34.10.14.422.4026.4334.33503900.00.1.500.9001;126136.87;0.0;126136.87;126136.87;0.0;0.0;;500;9001;1;02/03/2026 09:48:53;;00;34;33503900;Contratação PJ sem Fins Lucrativos;4334;UND;Termo de Colaboração nº TCL/069/2023/SMDHC/CPIR - Gestão do Centro de Referência de Promoção da Igualdade Racial da Região Centro e Oeste - Lote 4, vinculado à Coordenação de Promoção e Igualdade Racial da SMDHC - Exercício 2026;1;126136.87
01;PREFEITURA DO MUNICÍPIO DE SÃO PAULO;17540;23847;2026;2;12/02/2026 00:00:00;6074.2017/0000708-4;02072483000165;ASSOCIAÇÃO  PRÓ-HOPE - APOIO À CRIANÇA COM CÂNCER;18372;2018;34;SMDHC;Secretaria Municipal de Direitos Humanos e Cidadania;10;Gabinete do Secretário;14;Direitos da Cidadania;422;Direitos Individuais, Coletivos e Difusos;4019;Proteção a Crianças e Adolescentes;4328;Políticas, Programas e Ações Para Criança e Adolescente;CPCA;Criança e Adolescente;CPCA - Políticas;3;Despesas Correntes;3;Outras Despesas Correntes;50;Transferências a Instituições Privadas sem Fins Lucrativos;39;Serviços de Assistência Social;33503900;00.1.500.9001;Recursos não vinculados de Impostos;2;Remuneração de Pessoal;5;Outros Serviços de Terceiros - Pessoa Jurídica;34.10.14.422.4019.4328.33503900.00.1.500.9001;53134.95;0.0;53134.95;0.0;0.0;0.0;;500;9001;1;02/03/2026 09:48:53;;00;34;33503900;Contratação PJ sem Fins Lucrativos;4328;UND;TCL/001/2018/SMDHC/CPCA - Complementar;1;53134.95
01;PREFEITURA DO MUNICÍPIO DE SÃO PAULO;17754;24024;2026;2;12/02/2026 00:00:00;6074.2023/0000803-0;00545524000168;CLIMATECNICA AR CONDICIONADO COMERCIO E SERVICOS LTDA;21250;2023;34;SMDHC;Secretaria Municipal de Direitos Humanos e Cidadania;10;Gabinete do Secretário;14;Direitos da Cidadania;422;Direitos Individuais, Coletivos e Difusos;4025;Políticas para Mulheres;2053;Manutenção e Operação da Casa da Mulher Brasileira;CPM;Mulheres;CPM - Casa da Mulher Brasileira;3;Despesas Correntes;3;Outras Despesas Correntes;90;Aplicações Diretas;39;Manutenção e Conserv. de Bens Móveis e de Outras Naturezas;33903900;00.1.500.9001;Recursos não vinculados de Impostos;0;Bens Móveis;2;Outros Serviços de Terceiros - Pessoa Jurídica;34.10.14.422.4025.2053.33903900.00.1.500.9001;215189.62;0.0;215189.62;0.0;0.0;0.0;;500;9001;1;02/03/2026 09:48:53;;00;34;33903900;Contratação PJ com Fins Lucrativos;2053;UND;CONTRATO 172/SMDHC/2023 - Manutenção  Ar  Condicionado - CMB;1;215189.62
01;PREFEITURA DO MUNICÍPIO DE SÃO PAULO;17755;24025;2026;2;12/02/2026 00:00:00;6074.2023/0000803-0;00545524000168;CLIMATECNICA AR CONDICIONADO COMERCIO E SERVICOS LTDA;21250;2023;34;SMDHC;Secretaria Municipal de Direitos Humanos e Cidadania;10;Gabinete do Secretário;14;Direitos da Cidadania;122;Administração Geral;4001;Suporte Administrativo;2100;Administração da Unidade;ADM;Administração;ADM;3;Despesas Correntes;3;Outras Despesas Correntes;90;Aplicações Diretas;39;Manutenção e Conserv. de Bens Móveis e de Outras Naturezas;33903900;00.1.500.9001;Recursos não vinculados de Impostos;0;Bens Móveis;2;Outros Serviços de Terceiros - Pessoa Jurídica;34.10.14.122.4001.2100.33903900.00.1.500.9001;38522.26;0.0;38522.26;0.0;0.0;0.0;;500;9001;1;02/03/2026 09:48:53;;00;34;33903900;Contratação PJ com Fins Lucrativos;2100;UND;CONTRATO 172/SMDHC/2023 - Manutenção Ar Condicionado - Sede SMDHC;1;38522.26
01;PREFEITURA DO MUNICÍPIO DE SÃO PAULO;17829;24083;2026;2;13/02/2026 00:00:00;6074.2025/0004022-1;10781353000120;REI DE OURO MUDANCAS E TRANSPORTES LTDA;30122;2025;34;SMDHC;Secretaria Municipal de Direitos Humanos e Cidadania;10;Gabinete do Secretário;14;Direitos da Cidadania;122;Administração Geral;4001;Suporte Administrativo;2100;Administração da Unidade;ADM;Administração;ADM;3;Despesas Correntes;3;Outras Despesas Correntes;90;Aplicações Diretas;39;Locação de Bens Móveis de Outra Natureza e Intangíveis;33903900;00.1.500.9001;Recursos não vinculados de Impostos;0;Veículos Pesados com Motorista;1;Outros Serviços de Terceiros - Pessoa Jurídica;34.10.14.122.4001.2100.33903900.00.1.500.9001;129450.0;0.0;129450.0;2950.0;0.0;0.0;;500;9001;1;02/03/2026 09:48:53;;00;34;33903900;Contratação PJ com Fins Lucrativos;2100;D | D | D;Transporte com VUC (Veículo Urbano de Carga) com capacidade de até 3.000 kg, com motorista. | Transporte com CAMINHÃO BAÚ SEMI-PESADO, capacidade de até 6.000 kg, com motorista. | Quantidade Estimada Mensal de Ajudantes;24 | 12 | 60;2950.0 | 3137.5 | 350.0
01;PREFEITURA DO MUNICÍPIO DE SÃO PAULO;4396;24135;2026;2;13/02/2026 00:00:00;6074.2025/0006454-6;16985925000179;RPGM NEGOCIOS IMOBILIARIOS LTDA;-1;-1;34;SMDHC;Secretaria Municipal de Direitos Humanos e Cidadania;10;Gabinete do Secretário;14;Direitos da Cidadania;243;Assistência à Criança e ao Adolescente;4019;Proteção a Crianças e Adolescentes;2157;Administração dos Conselhos Tutelares;CT;Conselho Tutelar;CT - Administração;3;Despesas Correntes;3;Outras Despesas Correntes;90;Aplicações Diretas;39;Locação de Imóveis;33903900;00.1.500.9001;Recursos não vinculados de Impostos;0;Locação de Imóveis;1;Outros Serviços de Terceiros - Pessoa Jurídica;34.10.14.243.4019.2157.33903900.00.1.500.9001;71500.0;0.0;71500.0;0.0;0.0;0.0;;500;9001;1;02/03/2026 09:48:53;;00;34;33903900;Contratação PJ com Fins Lucrativos;2157;UND; Locação do imóvel para sedear o Conselho Tutelar Jardim São Luiz.;1;71500.0
01;PREFEITURA DO MUNICÍPIO DE SÃO PAULO;4442;24140;2026;2;13/02/2026 00:00:00;6074.2025/0006454-6;16985925000179;RPGM NEGOCIOS IMOBILIARIOS LTDA;-1;-1;34;SMDHC;Secretaria Municipal de Direitos Humanos e Cidadania;10;Gabinete do Secretário;14;Direitos da Cidadania;243;Assistência à Criança e ao Adolescente;4019;Proteção a Crianças e Adolescentes;2157;Administração dos Conselhos Tutelares;CT;Conselho Tutelar;CT - Administração;3;Despesas Correntes;3;Outras Despesas Correntes;90;Aplicações Diretas;39;Locação de Imóveis;33903900;00.1.500.9001;Recursos não vinculados de Impostos;0;Despesas com Reembolso;1;Outros Serviços de Terceiros - Pessoa Jurídica;34.10.14.243.4019.2157.33903900.00.1.500.9001;3919.9;0.0;3919.9;0.0;0.0;0.0;;500;9001;1;02/03/2026 09:48:53;;00;34;33903900;Contratação PJ com Fins Lucrativos;2157;UND; Locação do imóvel para sedear o Conselho Tutelar Jardim São Luiz. Reembolso IPTU 2026;1;3919.9
01;PREFEITURA DO MUNICÍPIO DE SÃO PAULO;18323;24891;2026;2;14/02/2026 00:00:00;6074.2021/0003776-2;19963881000174;GUARDA DE VEICULOS JDN LTDA;15405;2021;34;SMDHC;Secretaria Municipal de Direitos Humanos e Cidadania;10;Gabinete do Secretário;14;Direitos da Cidadania;243;Assistência à Criança e ao Adolescente;4019;Proteção a Crianças e Adolescentes;2157;Administração dos Conselhos Tutelares;CT;Conselho Tutelar;CT - Administração;3;Despesas Correntes;3;Outras Despesas Correntes;90;Aplicações Diretas;39;Serviços de Estacionamento de Veículos;33903900;00.1.500.9001;Recursos não vinculados de Impostos;0;Vagas em Estacionamento;1;Outros Serviços de Terceiros - Pessoa Jurídica;34.10.14.243.4019.2157.33903900.00.1.500.9001;9012.41;0.0;9012.41;3218.72;0.0;0.0;;500;9001;1;02/03/2026 09:48:53;;00;34;33903900;Contratação PJ com Fins Lucrativos;2157;UND;prestação de serviços contínuos de locação de vagas em garagens cobertas, para a guarda veículos oficiais, automotores pertencentes à SMDHC - Conselho Tutelar;1;9012.41
01;PREFEITURA DO MUNICÍPIO DE SÃO PAULO;18323;24892;2026;2;14/02/2026 00:00:00;6074.2021/0003776-2;19963881000174;GUARDA DE VEICULOS JDN LTDA;15405;2021;34;SMDHC;Secretaria Municipal de Direitos Humanos e Cidadania;10;Gabinete do Secretário;14;Direitos da Cidadania;243;Assistência à Criança e ao Adolescente;4019;Proteção a Crianças e Adolescentes;2157;Administração dos Conselhos Tutelares;CT;Conselho Tutelar;CT - Administração;3;Despesas Correntes;3;Outras Despesas Correntes;90;Aplicações Diretas;39;Serviços de Estacionamento de Veículos;33903900;00.1.500.9001;Recursos não vinculados de Impostos;0;Vagas em Estacionamento;1;Outros Serviços de Terceiros - Pessoa Jurídica;34.10.14.243.4019.2157.33903900.00.1.500.9001;1901.53;0.0;1901.53;1864.22;0.0;0.0;;500;9001;1;02/03/2026 09:48:53;;00;34;33903900;Contratação PJ com Fins Lucrativos;2157;UND;prestação de serviços contínuos de locação de vagas em garagens cobertas, para a guarda veículos oficiais, automotores pertencentes à SMDHC - Conselho Tutelar - Reajuste;1;1901.53
01;PREFEITURA DO MUNICÍPIO DE SÃO PAULO;18324;24893;2026;2;14/02/2026 00:00:00;6074.2024/0006739-0;26727694000157;AWK AMBIENTAL LTDA;37929;2024;34;SMDHC;Secretaria Municipal de Direitos Humanos e Cidadania;10;Gabinete do Secretário;14;Direitos da Cidadania;422;Direitos Individuais, Coletivos e Difusos;4010;Segurança Alimentar e Nutricional;4470;Manutenção e Operação de Centro de Referência de Segurança Alimentar e;SESANA;Segurança Alimentar;SESANA - CRESAN;3;Despesas Correntes;3;Outras Despesas Correntes;90;Aplicações Diretas;39;Limpeza e Conservação;33903900;00.1.500.9001;Recursos não vinculados de Impostos;0;Dedetização, Descupinização e Outros;7;Outros Serviços de Terceiros - Pessoa Jurídica;34.10.14.422.4010.4470.33903900.00.1.500.9001;942.07;0.0;942.07;0.0;0.0;0.0;;500;9001;1;02/03/2026 09:48:53;;00;34;33903900;Contratação PJ com Fins Lucrativos;4470;UND;TC 429/SMDHC/2024 - Contratação de empresa especializada na prestação de serviços de controle sanitário integrado no combate a vetores e pragas urbanas - COSAN Vila Maria e Butantã. Reajuste;1;942.07
01;PREFEITURA DO MUNICÍPIO DE SÃO PAULO;18325;24894;2026;2;14/02/2026 00:00:00;6074.2024/0000835-0;35962880000161;DAVIS SOARES DA SILVA  DETETIZADORA;17376;2024;34;SMDHC;Secretaria Municipal de Direitos Humanos e Cidadania;10;Gabinete do Secretário;14;Direitos da Cidadania;243;Assistência à Criança e ao Adolescente;4019;Proteção a Crianças e Adolescentes;2157;Administração dos Conselhos Tutelares;CT;Conselho Tutelar;CT - Administração;3;Despesas Correntes;3;Outras Despesas Correntes;90;Aplicações Diretas;39;Limpeza e Conservação;33903900;00.1.500.9001;Recursos não vinculados de Impostos;0;Dedetização, Descupinização e Outros;7;Outros Serviços de Terceiros - Pessoa Jurídica;34.10.14.243.4019.2157.33903900.00.1.500.9001;698.88;0.0;698.88;0.0;0.0;0.0;;500;9001;1;02/03/2026 09:48:53;;00;34;33903900;Contratação PJ com Fins Lucrativos;2157;UND;TC 168/SMDHC/2024 - Serviços de Controle de Pragas Urbanas e Vetores - Conselho Tutelar. Reajuste - 02 Aplicações;1;698.88
01;PREFEITURA DO MUNICÍPIO DE SÃO PAULO;18326;24895;2026;2;14/02/2026 00:00:00;6074.2024/0000835-0;35962880000161;DAVIS SOARES DA SILVA  DETETIZADORA;17376;2024;34;SMDHC;Secretaria Municipal de Direitos Humanos e Cidadania;10;Gabinete do Secretário;14;Direitos da Cidadania;422;Direitos Individuais, Coletivos e Difusos;4026;Políticas de Igualdade Racial;4334;Manutenção e Operação de Equipamentos Públicos Voltados à Promoção da ;CPIR;Igualdade Racial;CPIR - Equipamentos;3;Despesas Correntes;3;Outras Despesas Correntes;90;Aplicações Diretas;39;Limpeza e Conservação;33903900;00.1.500.9001;Recursos não vinculados de Impostos;0;Dedetização, Descupinização e Outros;7;Outros Serviços de Terceiros - Pessoa Jurídica;34.10.14.422.4026.4334.33903900.00.1.500.9001;29.12;0.0;29.12;0.0;0.0;0.0;;500;9001;1;02/03/2026 09:48:53;;00;34;33903900;Contratação PJ com Fins Lucrativos;4334;UND;TC 168/SMDHC/2024 - Serviços de Controle de Pragas Urbanas e Vetores - CRPIR Reajuste - 02 Aplicações;1;29.12
01;PREFEITURA DO MUNICÍPIO DE SÃO PAULO;18327;24896;2026;2;15/02/2026 00:00:00;6074.2022/0006463-0;00000000000191;BANCO DO BRASIL SA;31664;2022;34;SMDHC;Secretaria Municipal de Direitos Humanos e Cidadania;10;Gabinete do Secretário;14;Direitos da Cidadania;422;Direitos Individuais, Coletivos e Difusos;4025;Políticas para Mulheres;6178;Manutenção e Operação de Equipamentos Públicos Voltados ao Atendimento;CPM;Mulheres;CPM - Equipamentos;3;Despesas Correntes;3;Outras Despesas Correntes;90;Aplicações Diretas;39;Serviços Bancários;33903900;00.1.500.9001;Recursos não vinculados de Impostos;0;Taxas Bancárias;8;Outros Serviços de Terceiros - Pessoa Jurídica;34.10.14.422.4025.6178.33903900.00.1.500.9001;257250.0;0.0;257250.0;23949.0;0.0;0.0;;500;9001;1;02/03/2026 09:48:53;;00;34;33903900;Contratação PJ com Fins Lucrativos;6178;UND;Contratação de Instituição Financeira para prestação de serviços de pagamento de benefício assistencial referente ao Auxílio - aluguel concedido às mulheres vítimas de violência doméstica no Município de São Paulo;1;257250.0
01;PREFEITURA DO MUNICÍPIO DE SÃO PAULO;18327;24897;2026;2;15/02/2026 00:00:00;6074.2022/0006463-0;00000000000191;BANCO DO BRASIL SA;31664;2022;34;SMDHC;Secretaria Municipal de Direitos Humanos e Cidadania;10;Gabinete do Secretário;14;Direitos da Cidadania;422;Direitos Individuais, Coletivos e Difusos;4025;Políticas para Mulheres;6178;Manutenção e Operação de Equipamentos Públicos Voltados ao Atendimento;CPM;Mulheres;CPM - Equipamentos;3;Despesas Correntes;3;Outras Despesas Correntes;90;Aplicações Diretas;39;Serviços Bancários;33903900;00.1.500.9001;Recursos não vinculados de Impostos;0;Taxas Bancárias;8;Outros Serviços de Terceiros - Pessoa Jurídica;34.10.14.422.4025.6178.33903900.00.1.500.9001;23037.0;0.0;23037.0;957.96;0.0;0.0;;500;9001;1;02/03/2026 09:48:53;;00;34;33903900;Contratação PJ com Fins Lucrativos;6178;UND;Contratação de Instituição Financeira para prestação de serviços de pagamento de benefício assistencial referente ao Auxílio - aluguel concedido às mulheres vítimas de violência doméstica no Município de São Paulo - Reajuste;1;23037.0
01;PREFEITURA DO MUNICÍPIO DE SÃO PAULO;18328;24899;2026;2;16/02/2026 00:00:00;6074.2022/0007184-9;25208284000137;SANTOS  SILVA  COMERCIO E SERVICOS DE MANUTENCAO EM ELEVADORES LTDA;29091;2022;34;SMDHC;Secretaria Municipal de Direitos Humanos e Cidadania;10;Gabinete do Secretário;14;Direitos da Cidadania;122;Administração Geral;4001;Suporte Administrativo;2100;Administração da Unidade;ADM;Administração;ADM;3;Despesas Correntes;3;Outras Despesas Correntes;90;Aplicações Diretas;39;Manutenção e Conserv. de Bens Móveis e de Outras Naturezas;33903900;00.1.500.9001;Recursos não vinculados de Impostos;0;Bens Móveis;2;Outros Serviços de Terceiros - Pessoa Jurídica;34.10.14.122.4001.2100.33903900.00.1.500.9001;20607.67;0.0;20607.67;0.0;0.0;0.0;;500;9001;1;02/03/2026 09:48:53;;00;34;33903900;Contratação PJ com Fins Lucrativos;2100;UND;Contrato nº 212/SMDHC/2022 - serviços técnicos especializados para manutenção preventiva e corretiva de 03 (três) elevadores instalados no prédio Sede da SMDHC - Principal;1;20607.67
01;PREFEITURA DO MUNICÍPIO DE SÃO PAULO;18328;24900;2026;2;16/02/2026 00:00:00;6074.2022/0007184-9;25208284000137;SANTOS  SILVA  COMERCIO E SERVICOS DE MANUTENCAO EM ELEVADORES LTDA;29091;2022;34;SMDHC;Secretaria Municipal de Direitos Humanos e Cidadania;10;Gabinete do Secretário;14;Direitos da Cidadania;122;Administração Geral;4001;Suporte Administrativo;2100;Administração da Unidade;ADM;Administração;ADM;3;Despesas Correntes;3;Outras Despesas Correntes;90;Aplicações Diretas;39;Manutenção e Conserv. de Bens Móveis e de Outras Naturezas;33903900;00.1.500.9001;Recursos não vinculados de Impostos;0;Bens Móveis;2;Outros Serviços de Terceiros - Pessoa Jurídica;34.10.14.122.4001.2100.33903900.00.1.500.9001;1859.47;0.0;1859.47;0.0;0.0;0.0;;500;9001;1;02/03/2026 09:48:53;;00;34;33903900;Contratação PJ com Fins Lucrativos;2100;UND;Contrato nº 212/SMDHC/2022 - serviços técnicos especializados para manutenção preventiva e corretiva de 03 (três) elevadores instalados no prédio Sede da SMDHC - Reajuste;1;1859.47
01;PREFEITURA DO MUNICÍPIO DE SÃO PAULO;18330;24901;2026;2;16/02/2026 00:00:00;6074.2025/0003426-4;04990553000190;FLAMA SEGURANCA EIRELI;35047;2025;34;SMDHC;Secretaria Municipal de Direitos Humanos e Cidadania;10;Gabinete do Secretário;14;Direitos da Cidadania;122;Administração Geral;4001;Suporte Administrativo;2100;Administração da Unidade;ADM;Administração;ADM;3;Despesas Correntes;3;Outras Despesas Correntes;90;Aplicações Diretas;39;Vigilância Ostensiva / Monitorada;33903900;00.1.500.9001;Recursos não vinculados de Impostos;0;Guarda, Vigilância e Segurança em Geral;7;Outros Serviços de Terceiros - Pessoa Jurídica;34.10.14.122.4001.2100.33903900.00.1.500.9001;11844.0;0.0;11844.0;0.0;0.0;0.0;;500;9001;1;02/03/2026 09:48:53;;00;34;33903900;Contratação PJ com Fins Lucrativos;2100;UND;Contrato nº 298/SMDHC/2025 - prestação de Sistema de Circuito Fechado de Televisão – CFTV - SEDE;1;11844.0
01;PREFEITURA DO MUNICÍPIO DE SÃO PAULO;18331;24902;2026;2;16/02/2026 00:00:00;6074.2025/0003426-4;04990553000190;FLAMA SEGURANCA EIRELI;35047;2025;34;SMDHC;Secretaria Municipal de Direitos Humanos e Cidadania;10;Gabinete do Secretário;14;Direitos da Cidadania;243;Assistência à Criança e ao Adolescente;4019;Proteção a Crianças e Adolescentes;2157;Administração dos Conselhos Tutelares;CT;Conselho Tutelar;CT - Administração;3;Despesas Correntes;3;Outras Despesas Correntes;90;Aplicações Diretas;39;Vigilância Ostensiva / Monitorada;33903900;00.1.500.9001;Recursos não vinculados de Impostos;0;Guarda, Vigilância e Segurança em Geral;7;Outros Serviços de Terceiros - Pessoa Jurídica;34.10.14.243.4019.2157.33903900.00.1.500.9001;352354.32;0.0;352354.32;0.0;0.0;0.0;;500;9001;1;02/03/2026 09:48:53;;00;34;33903900;Contratação PJ com Fins Lucrativos;2157;UND;Contrato nº 298/SMDHC/2025 - prestação de Sistema de Circuito Fechado de Televisão – CFTV - Conselho Tutelar;1;352354.32
01;PREFEITURA DO MUNICÍPIO DE SÃO PAULO;18332;24903;2026;2;16/02/2026 00:00:00;6074.2023/0002763-9;55905350000199;PAINEIRAS LIMPEZA E SERVICOS GERAIS LTDA;26849;2023;34;SMDHC;Secretaria Municipal de Direitos Humanos e Cidadania;10;Gabinete do Secretário;14;Direitos da Cidadania;122;Administração Geral;4001;Suporte Administrativo;2100;Administração da Unidade;ADM;Administração;ADM;3;Despesas Correntes;3;Outras Despesas Correntes;90;Aplicações Diretas;39;Serviço de Apoio Administrativo, Técnico e Operacional;33903900;00.1.500.9001;Recursos não vinculados de Impostos;0;Serviços de Recepção e Portaria;7;Outros Serviços de Terceiros - Pessoa Jurídica;34.10.14.122.4001.2100.33903900.00.1.500.9001;328214.91;0.0;328214.91;0.0;0.0;0.0;;500;9001;1;02/03/2026 09:48:53;;00;34;33903900;Contratação PJ com Fins Lucrativos;2100;UND;Prestação de serviços contínuos de Controle de Acesso ao Edifício São Joaquim - Principal;1;328214.91
01;PREFEITURA DO MUNICÍPIO DE SÃO PAULO;18332;24904;2026;2;16/02/2026 00:00:00;6074.2023/0002763-9;55905350000199;PAINEIRAS LIMPEZA E SERVICOS GERAIS LTDA;26849;2023;34;SMDHC;Secretaria Municipal de Direitos Humanos e Cidadania;10;Gabinete do Secretário;14;Direitos da Cidadania;122;Administração Geral;4001;Suporte Administrativo;2100;Administração da Unidade;ADM;Administração;ADM;3;Despesas Correntes;3;Outras Despesas Correntes;90;Aplicações Diretas;39;Serviço de Apoio Administrativo, Técnico e Operacional;33903900;00.1.500.9001;Recursos não vinculados de Impostos;0;Serviços de Recepção e Portaria;7;Outros Serviços de Terceiros - Pessoa Jurídica;34.10.14.122.4001.2100.33903900.00.1.500.9001;28408.1;0.0;28408.1;0.0;0.0;0.0;;500;9001;1;02/03/2026 09:48:54;;00;34;33903900;Contratação PJ com Fins Lucrativos;2100;UND;Prestação de serviços contínuos de Controle de Acesso ao Edifício São Joaquim - Reajuste;1;28408.1
01;PREFEITURA DO MUNICÍPIO DE SÃO PAULO;18333;24905;2026;2;16/02/2026 00:00:00;6074.2023/0002763-9;55905350000199;PAINEIRAS LIMPEZA E SERVICOS GERAIS LTDA;26849;2023;34;SMDHC;Secretaria Municipal de Direitos Humanos e Cidadania;10;Gabinete do Secretário;14;Direitos da Cidadania;422;Direitos Individuais, Coletivos e Difusos;4010;Segurança Alimentar e Nutricional;4470;Manutenção e Operação de Centro de Referência de Segurança Alimentar e;SESANA;Segurança Alimentar;SESANA - CRESAN;3;Despesas Correntes;3;Outras Despesas Correntes;90;Aplicações Diretas;39;Serviço de Apoio Administrativo, Técnico e Operacional;33903900;00.1.500.9001;Recursos não vinculados de Impostos;0;Serviços de Recepção e Portaria;7;Outros Serviços de Terceiros - Pessoa Jurídica;34.10.14.422.4010.4470.33903900.00.1.500.9001;108610.18;0.0;108610.18;0.0;0.0;0.0;;500;9001;1;02/03/2026 09:48:54;;00;34;33903900;Contratação PJ com Fins Lucrativos;4470;UND;Prestação de serviços contínuos de Controle de Acesso ao 25º andar do Edifício Conde de Prates - SESANA - Principal;1;108610.18
01;PREFEITURA DO MUNICÍPIO DE SÃO PAULO;18333;24906;2026;2;16/02/2026 00:00:00;6074.2023/0002763-9;55905350000199;PAINEIRAS LIMPEZA E SERVICOS GERAIS LTDA;26849;2023;34;SMDHC;Secretaria Municipal de Direitos Humanos e Cidadania;10;Gabinete do Secretário;14;Direitos da Cidadania;422;Direitos Individuais, Coletivos e Difusos;4010;Segurança Alimentar e Nutricional;4470;Manutenção e Operação de Centro de Referência de Segurança Alimentar e;SESANA;Segurança Alimentar;SESANA - CRESAN;3;Despesas Correntes;3;Outras Despesas Correntes;90;Aplicações Diretas;39;Serviço de Apoio Administrativo, Técnico e Operacional;33903900;00.1.500.9001;Recursos não vinculados de Impostos;0;Serviços de Recepção e Portaria;7;Outros Serviços de Terceiros - Pessoa Jurídica;34.10.14.422.4010.4470.33903900.00.1.500.9001;9400.06;0.0;9400.06;0.0;0.0;0.0;;500;9001;1;02/03/2026 09:48:54;;00;34;33903900;Contratação PJ com Fins Lucrativos;4470;UND;Prestação de serviços contínuos de Controle de Acesso ao 25º andar do Edifício Conde de Prates - SESANA - Reajuste;1;9400.06
01;PREFEITURA DO MUNICÍPIO DE SÃO PAULO;18334;24907;2026;2;16/02/2026 00:00:00;6074.2024/0008938-5;56828320000199;KATEL COMÉRCIO E ASSESSORIA EM TELEFONIA LTDA;250;2025;34;SMDHC;Secretaria Municipal de Direitos Humanos e Cidadania;10;Gabinete do Secretário;14;Direitos da Cidadania;122;Administração Geral;4001;Suporte Administrativo;2100;Administração da Unidade;ADM;Administração;ADM;3;Despesas Correntes;3;Outras Despesas Correntes;90;Aplicações Diretas;39;Manutenção e Conservação de Bens Imóveis;33903900;00.1.500.9001;Recursos não vinculados de Impostos;1;Manutenção e Conservação de Bens Imóveis;1;Outros Serviços de Terceiros - Pessoa Jurídica;34.10.14.122.4001.2100.33903900.00.1.500.9001;22399.2;0.0;22399.2;0.0;0.0;0.0;;500;9001;1;02/03/2026 09:48:54;;00;34;33903900;Contratação PJ com Fins Lucrativos;2100;UND;TC 003/SMDHC/2025 - serviços de assistência técnica e manutenção preventiva e corretiva para bombas hidráulicas e suas respectivas tubulações no Edifício São Joaquim, sede da Secretaria Municipal de Direitos Humanos e Cidadania – SMDHC;1;22399.2
01;PREFEITURA DO MUNICÍPIO DE SÃO PAULO;18335;24908;2026;2;16/02/2026 00:00:00;6074.2025/0004024-8;60523080000191;POLIVERSA LTDA;22512;2025;34;SMDHC;Secretaria Municipal de Direitos Humanos e Cidadania;10;Gabinete do Secretário;14;Direitos da Cidadania;122;Administração Geral;4001;Suporte Administrativo;2100;Administração da Unidade;ADM;Administração;ADM;3;Despesas Correntes;3;Outras Despesas Correntes;90;Aplicações Diretas;39;Serviços de Estacionamento de Veículos;33903900;00.1.500.9001;Recursos não vinculados de Impostos;0;Vagas em Estacionamento;1;Outros Serviços de Terceiros - Pessoa Jurídica;34.10.14.122.4001.2100.33903900.00.1.500.9001;22893.34;0.0;22893.34;3400.0;0.0;0.0;;500;9001;1;02/03/2026 09:48:54;;00;34;33903900;Contratação PJ com Fins Lucrativos;2100;UND;Serviços de locação de vagas cobertas em garagem para a guarda de 04 (quatro) veículos oficiais utilizados pelo Gabinete desta Secretaria Municipal de Direitos Humanos e Cidadania – SMDHC;1;22893.34
01;PREFEITURA DO MUNICÍPIO DE SÃO PAULO;18336;24909;2026;2;16/02/2026 00:00:00;6074.2025/0005906-2;08223709000168;LANG SERVICOS LTDA;24028;2025;34;SMDHC;Secretaria Municipal de Direitos Humanos e Cidadania;10;Gabinete do Secretário;14;Direitos da Cidadania;122;Administração Geral;4001;Suporte Administrativo;2100;Administração da Unidade;ADM;Administração;ADM;3;Despesas Correntes;3;Outras Despesas Correntes;90;Aplicações Diretas;39;Fretes e Transporte de Encomendas;33903900;00.1.500.9001;Recursos não vinculados de Impostos;0;Transporte e Remessa de Encomendas;7;Outros Serviços de Terceiros - Pessoa Jurídica;34.10.14.122.4001.2100.33903900.00.1.500.9001;65198.67;0.0;65198.67;9140.0;0.0;0.0;;500;9001;1;02/03/2026 09:48:54;;00;34;33903900;Contratação PJ com Fins Lucrativos;2100;UND;Contratação de serviços de moto frete para entrega e coleta de pequenas cargas por meio de motocicletas, na modalidade contratação mensal;1;65198.67
01;PREFEITURA DO MUNICÍPIO DE SÃO PAULO;18337;24910;2026;2;16/02/2026 00:00:00;6074.2025/0003395-0;23045434000103;JK TRANSPORTES LOCACOES E SERVICOS LTDA;35856;2025;34;SMDHC;Secretaria Municipal de Direitos Humanos e Cidadania;10;Gabinete do Secretário;14;Direitos da Cidadania;122;Administração Geral;4001;Suporte Administrativo;2100;Administração da Unidade;ADM;Administração;ADM;3;Despesas Correntes;3;Outras Despesas Correntes;90;Aplicações Diretas;39;Locação de Bens Móveis de Outra Natureza e Intangíveis;33903900;00.1.500.9001;Recursos não vinculados de Impostos;0;Veículos Leves ;1;Outros Serviços de Terceiros - Pessoa Jurídica;34.10.14.122.4001.2100.33903900.00.1.500.9001;333402.67;0.0;333402.67;28415.0;0.0;0.0;;500;9001;1;02/03/2026 09:48:54;;00;34;33903900;Contratação PJ com Fins Lucrativos;2100;UND;TERMO DE CONTRATO Nº 300/SMDHC/2025 - Serviço de Locação de 01 (um) veículo do Tipo “B” e 03 (três) veículos do Tipo “C”, em caráter não eventual, sem condutor, quilometragem livre, combustível, lavagem, avarias e manutenções, para atendimento SMDHC;1;333402.67
01;PREFEITURA DO MUNICÍPIO DE SÃO PAULO;18338;24911;2026;2;16/02/2026 00:00:00;6074.2025/0003395-0;23045434000103;JK TRANSPORTES LOCACOES E SERVICOS LTDA;35856;2025;34;SMDHC;Secretaria Municipal de Direitos Humanos e Cidadania;10;Gabinete do Secretário;14;Direitos da Cidadania;422;Direitos Individuais, Coletivos e Difusos;4010;Segurança Alimentar e Nutricional;4470;Manutenção e Operação de Centro de Referência de Segurança Alimentar e;SESANA;Segurança Alimentar;SESANA - CRESAN;3;Despesas Correntes;3;Outras Despesas Correntes;90;Aplicações Diretas;39;Locação de Bens Móveis de Outra Natureza e Intangíveis;33903900;00.1.500.9001;Recursos não vinculados de Impostos;0;Veículos Leves com Motorista;1;Outros Serviços de Terceiros - Pessoa Jurídica;34.10.14.422.4010.4470.33903900.00.1.500.9001;111466.67;0.0;111466.67;9500.0;0.0;0.0;;500;9001;1;02/03/2026 09:48:54;;00;34;33903900;Contratação PJ com Fins Lucrativos;4470;UND;TERMO DE CONTRATO Nº 300/SMDHC/2025 - Serviço de Locação de 01 (um) veículo do Tipo “B”, em caráter não eventual, sem condutor,quilometragem livre, combustível, lavagem, avarias e manutenções, para atendimento SESANA;1;111466.67
01;PREFEITURA DO MUNICÍPIO DE SÃO PAULO;18340;24912;2026;2;17/02/2026 00:00:00;6074.2024/0002608-1;04238297000189;3CORP TECHNOLOGY S/AINFRAESTRUTURA TELECOM;39239;2024;34;SMDHC;Secretaria Municipal de Direitos Humanos e Cidadania;10;Gabinete do Secretário;14;Direitos da Cidadania;422;Direitos Individuais, Coletivos e Difusos;4025;Políticas para Mulheres;2053;Manutenção e Operação da Casa da Mulher Brasileira;CPM;Mulheres;CPM - Casa da Mulher Brasileira;3;Despesas Correntes;3;Outras Despesas Correntes;90;Aplicações Diretas;39;Locação de Máquinas e Equipamentos;33903900;00.1.500.9001;Recursos não vinculados de Impostos;9;Outras Máquinas e Equipamentos em Geral;1;Outros Serviços de Terceiros - Pessoa Jurídica;34.10.14.422.4025.2053.33903900.00.1.500.9001;11476.8;0.0;11476.8;0.0;0.0;0.0;;500;9001;1;02/03/2026 09:48:54;;00;34;33903900;Contratação PJ com Fins Lucrativos;2053;UND;TERMO DE CONTRATO nº 437/SMDHC/2024 - locação de Sistema PABX (Private Automatic Branch Exchange), com DDR, incluídos os serviços de instalação, gerenciamento manutenção - Principal - CMB;1;11476.8
01;PREFEITURA DO MUNICÍPIO DE SÃO PAULO;18339;24913;2026;2;17/02/2026 00:00:00;6074.2024/0002608-1;04238297000189;3CORP TECHNOLOGY S/AINFRAESTRUTURA TELECOM;39239;2024;34;SMDHC;Secretaria Municipal de Direitos Humanos e Cidadania;10;Gabinete do Secretário;14;Direitos da Cidadania;122;Administração Geral;4001;Suporte Administrativo;2100;Administração da Unidade;ADM;Administração;ADM;3;Despesas Correntes;3;Outras Despesas Correntes;90;Aplicações Diretas;39;Locação de Máquinas e Equipamentos;33903900;00.1.500.9001;Recursos não vinculados de Impostos;9;Outras Máquinas e Equipamentos em Geral;1;Outros Serviços de Terceiros - Pessoa Jurídica;34.10.14.122.4001.2100.33903900.00.1.500.9001;36703.2;0.0;36703.2;0.0;0.0;0.0;;500;9001;1;02/03/2026 09:48:54;;00;34;33903900;Contratação PJ com Fins Lucrativos;2100;UND;TERMO DE CONTRATO nº 437/SMDHC/2024 - locação de Sistema PABX (Private Automatic Branch Exchange), com DDR, incluídos os serviços de instalação, gerenciamento manutenção - SEDE Principal;1;36703.2
01;PREFEITURA DO MUNICÍPIO DE SÃO PAULO;18341;24914;2026;2;17/02/2026 00:00:00;6074.2024/0002050-4;29597360000102;OPERADORA JRC TELECOMUNICACOES LTDA;39264;2024;34;SMDHC;Secretaria Municipal de Direitos Humanos e Cidadania;10;Gabinete do Secretário;14;Direitos da Cidadania;122;Administração Geral;4001;Suporte Administrativo;2100;Administração da Unidade;ADM;Administração;ADM;3;Despesas Correntes;3;Outras Despesas Correntes;90;Aplicações Diretas;39;Serviços de Telecomunicações;33903900;00.1.500.9001;Recursos não vinculados de Impostos;0;Telefonia Fixa;5;Outros Serviços de Terceiros - Pessoa Jurídica;34.10.14.122.4001.2100.33903900.00.1.500.9001;42361.44;0.0;42361.44;2112.72;0.0;0.0;;500;9001;1;02/03/2026 09:48:54;;00;34;33903900;Contratação PJ com Fins Lucrativos;2100;UND;TERMO DE CONTRATO N° 438/SMDHC/2024 - Serviços de Telefonia Fixa - Sede SMDHC;1;42361.44
01;PREFEITURA DO MUNICÍPIO DE SÃO PAULO;18342;24915;2026;2;17/02/2026 00:00:00;6074.2024/0002050-4;29597360000102;OPERADORA JRC TELECOMUNICACOES LTDA;39264;2024;34;SMDHC;Secretaria Municipal de Direitos Humanos e Cidadania;10;Gabinete do Secretário;14;Direitos da Cidadania;422;Direitos Individuais, Coletivos e Difusos;4025;Políticas para Mulheres;2053;Manutenção e Operação da Casa da Mulher Brasileira;CPM;Mulheres;CPM - Casa da Mulher Brasileira;3;Despesas Correntes;3;Outras Despesas Correntes;90;Aplicações Diretas;39;Serviços de Telecomunicações;33903900;00.1.500.9001;Recursos não vinculados de Impostos;0;Telefonia Fixa;5;Outros Serviços de Terceiros - Pessoa Jurídica;34.10.14.422.4025.2053.33903900.00.1.500.9001;21180.84;0.0;21180.84;2028.89;0.0;0.0;;500;9001;1;02/03/2026 09:48:54;;00;34;33903900;Contratação PJ com Fins Lucrativos;2053;UND;TERMO DE CONTRATO N° 438/SMDHC/2024 - Serviços de Telefonia Fixa - CMB;1;21180.84
01;PREFEITURA DO MUNICÍPIO DE SÃO PAULO;18343;24916;2026;2;17/02/2026 00:00:00;6074.2024/0002050-4;29597360000102;OPERADORA JRC TELECOMUNICACOES LTDA;39264;2024;34;SMDHC;Secretaria Municipal de Direitos Humanos e Cidadania;10;Gabinete do Secretário;14;Direitos da Cidadania;422;Direitos Individuais, Coletivos e Difusos;4010;Segurança Alimentar e Nutricional;4470;Manutenção e Operação de Centro de Referência de Segurança Alimentar e;SESANA;Segurança Alimentar;SESANA - CRESAN;3;Despesas Correntes;3;Outras Despesas Correntes;90;Aplicações Diretas;39;Serviços de Telecomunicações;33903900;00.1.500.9001;Recursos não vinculados de Impostos;0;Telefonia Fixa;5;Outros Serviços de Terceiros - Pessoa Jurídica;34.10.14.422.4010.4470.33903900.00.1.500.9001;21180.84;0.0;21180.84;1993.2;0.0;0.0;;500;9001;1;02/03/2026 09:48:54;;00;34;33903900;Contratação PJ com Fins Lucrativos;4470;UND;TERMO DE CONTRATO N° 438/SMDHC/2024 - Serviços de Telefonia Fixa -  CRESAN Vila Maria;1;21180.84
01;PREFEITURA DO MUNICÍPIO DE SÃO PAULO;18344;24917;2026;2;17/02/2026 00:00:00;6074.2024/0006168-5;52345713000190;IMPACTO SOLUCOES OPERACIONAIS LTDA;36788;2024;34;SMDHC;Secretaria Municipal de Direitos Humanos e Cidadania;10;Gabinete do Secretário;14;Direitos da Cidadania;122;Administração Geral;4001;Suporte Administrativo;2100;Administração da Unidade;ADM;Administração;ADM;3;Despesas Correntes;3;Outras Despesas Correntes;90;Aplicações Diretas;39;Serviço de Apoio Administrativo, Técnico e Operacional;33903900;00.1.500.9001;Recursos não vinculados de Impostos;0;Serviços de Copa e Cozinha;7;Outros Serviços de Terceiros - Pessoa Jurídica;34.10.14.122.4001.2100.33903900.00.1.500.9001;78437.59;0.0;78437.59;0.0;0.0;0.0;;500;9001;1;02/03/2026 09:48:54;;00;34;33903900;Contratação PJ com Fins Lucrativos;2100;UND;TC 345/SMDHC/2024 - Serviços de Copeiragem Gabinete SMDHC;1;78437.59
01;PREFEITURA DO MUNICÍPIO DE SÃO PAULO;18345;24918;2026;2;17/02/2026 00:00:00;6074.2024/0006168-5;52345713000190;IMPACTO SOLUCOES OPERACIONAIS LTDA;36788;2024;34;SMDHC;Secretaria Municipal de Direitos Humanos e Cidadania;10;Gabinete do Secretário;14;Direitos da Cidadania;422;Direitos Individuais, Coletivos e Difusos;4010;Segurança Alimentar e Nutricional;4470;Manutenção e Operação de Centro de Referência de Segurança Alimentar e;SESANA;Segurança Alimentar;SESANA - CRESAN;3;Despesas Correntes;3;Outras Despesas Correntes;90;Aplicações Diretas;39;Serviço de Apoio Administrativo, Técnico e Operacional;33903900;00.1.500.9001;Recursos não vinculados de Impostos;0;Serviços de Copa e Cozinha;7;Outros Serviços de Terceiros - Pessoa Jurídica;34.10.14.422.4010.4470.33903900.00.1.500.9001;39218.8;0.0;39218.8;0.0;0.0;0.0;;500;9001;1;02/03/2026 09:48:54;;00;34;33903900;Contratação PJ com Fins Lucrativos;4470;UND;TC 345/SMDHC/2024 - Serviços de Copeiragem Gabinete  - SESANA;1;39218.8
01;PREFEITURA DO MUNICÍPIO DE SÃO PAULO;18346;24919;2026;2;17/02/2026 00:00:00;6074.2017/0000033-0;64544455000150;FWMA  ADMINISTRADORA  LTDA - EPP;-1;-1;34;SMDHC;Secretaria Municipal de Direitos Humanos e Cidadania;10;Gabinete do Secretário;14;Direitos da Cidadania;122;Administração Geral;4001;Suporte Administrativo;2100;Administração da Unidade;ADM;Administração;ADM;3;Despesas Correntes;3;Outras Despesas Correntes;90;Aplicações Diretas;39;Locação de Imóveis;33903900;00.1.500.9001;Recursos não vinculados de Impostos;0;Locação de Imóveis;1;Outros Serviços de Terceiros - Pessoa Jurídica;34.10.14.122.4001.2100.33903900.00.1.500.9001;1408000.0;0.0;1408000.0;0.0;0.0;0.0;;500;9001;1;02/03/2026 09:48:54;;00;34;33903900;Contratação PJ com Fins Lucrativos;2100;UND;Locação destinada às instalações da Sede da Secretaria Municipal de Direitos - Principal - Fev-Dez;1;1408000.0
01;PREFEITURA DO MUNICÍPIO DE SÃO PAULO;18346;24920;2026;2;17/02/2026 00:00:00;6074.2017/0000033-0;64544455000150;FWMA  ADMINISTRADORA  LTDA - EPP;-1;-1;34;SMDHC;Secretaria Municipal de Direitos Humanos e Cidadania;10;Gabinete do Secretário;14;Direitos da Cidadania;122;Administração Geral;4001;Suporte Administrativo;2100;Administração da Unidade;ADM;Administração;ADM;3;Despesas Correntes;3;Outras Despesas Correntes;90;Aplicações Diretas;39;Locação de Imóveis;33903900;00.1.500.9001;Recursos não vinculados de Impostos;0;Locação de Imóveis;1;Outros Serviços de Terceiros - Pessoa Jurídica;34.10.14.122.4001.2100.33903900.00.1.500.9001;612779.97;0.0;612779.97;0.0;0.0;0.0;;500;9001;1;02/03/2026 09:48:54;;00;34;33903900;Contratação PJ com Fins Lucrativos;2100;UND;Locação destinada às instalações da Sede da Secretaria Municipal de Direitos - Reajuste - Fev-Dez;1;612779.97
01;PREFEITURA DO MUNICÍPIO DE SÃO PAULO;18347;24921;2026;2;17/02/2026 00:00:00;6074.2021/0002331-1;08646703000101;SAGAZ SERVICOS E COMERCIO DE EQUIPAMENTOS DE TECNOLOGIA LTDA;24655;2021;34;SMDHC;Secretaria Municipal de Direitos Humanos e Cidadania;10;Gabinete do Secretário;14;Direitos da Cidadania;122;Administração Geral;4001;Suporte Administrativo;2100;Administração da Unidade;ADM;Administração;ADM;3;Despesas Correntes;3;Outras Despesas Correntes;90;Aplicações Diretas;39;Serviço de Apoio Administrativo, Técnico e Operacional;33903900;00.1.500.9001;Recursos não vinculados de Impostos;9;Outros Serviços de Apoio Administrativo, Técnico e Operacional;7;Outros Serviços de Terceiros - Pessoa Jurídica;34.10.14.122.4001.2100.33903900.00.1.500.9001;438073.91;0.0;438073.91;53623.63;0.0;0.0;;500;9001;1;02/03/2026 09:48:54;;00;34;33903900;Contratação PJ com Fins Lucrativos;2100;UND;Infraestrutura de rede com manutenção corretiva - SEDE;1;438073.91
01;PREFEITURA DO MUNICÍPIO DE SÃO PAULO;18348;24922;2026;2;17/02/2026 00:00:00;6074.2023/0007230-8;09114027000180;BRAZON MAXFILTER INDUSTRIA E LOCACAO DE PURIFICADORES DE AGUA LTDA;28568;2023;34;SMDHC;Secretaria Municipal de Direitos Humanos e Cidadania;10;Gabinete do Secretário;14;Direitos da Cidadania;122;Administração Geral;4001;Suporte Administrativo;2100;Administração da Unidade;ADM;Administração;ADM;3;Despesas Correntes;3;Outras Despesas Correntes;90;Aplicações Diretas;39;Locação de Máquinas e Equipamentos;33903900;00.1.500.9001;Recursos não vinculados de Impostos;9;Outras Máquinas e Equipamentos em Geral;1;Outros Serviços de Terceiros - Pessoa Jurídica;34.10.14.122.4001.2100.33903900.00.1.500.9001;5472.0;0.0;5472.0;0.0;0.0;0.0;;500;9001;1;02/03/2026 09:48:54;;00;34;33903900;Contratação PJ com Fins Lucrativos;2100;UND;CONTRATO Nº 325/SMDHC/2023 - Locação de 19 (dezenove) Purificadores de água - SMDHC - Principal ;1;5472.0
01;PREFEITURA DO MUNICÍPIO DE SÃO PAULO;18348;24923;2026;2;17/02/2026 00:00:00;6074.2023/0007230-8;09114027000180;BRAZON MAXFILTER INDUSTRIA E LOCACAO DE PURIFICADORES DE AGUA LTDA;28568;2023;34;SMDHC;Secretaria Municipal de Direitos Humanos e Cidadania;10;Gabinete do Secretário;14;Direitos da Cidadania;122;Administração Geral;4001;Suporte Administrativo;2100;Administração da Unidade;ADM;Administração;ADM;3;Despesas Correntes;3;Outras Despesas Correntes;90;Aplicações Diretas;39;Locação de Máquinas e Equipamentos;33903900;00.1.500.9001;Recursos não vinculados de Impostos;9;Outras Máquinas e Equipamentos em Geral;1;Outros Serviços de Terceiros - Pessoa Jurídica;34.10.14.122.4001.2100.33903900.00.1.500.9001;436.05;0.0;436.05;0.0;0.0;0.0;;500;9001;1;02/03/2026 09:48:54;;00;34;33903900;Contratação PJ com Fins Lucrativos;2100;UND;CONTRATO Nº 325/SMDHC/2023 - Locação de 19 (dezenove) Purificadores de água - SMDHC - Reajuste;1;436.05
01;PREFEITURA DO MUNICÍPIO DE SÃO PAULO;18350;24924;2026;2;17/02/2026 00:00:00;6074.2023/0007230-8;09114027000180;BRAZON MAXFILTER INDUSTRIA E LOCACAO DE PURIFICADORES DE AGUA LTDA;28568;2023;34;SMDHC;Secretaria Municipal de Direitos Humanos e Cidadania;10;Gabinete do Secretário;14;Direitos da Cidadania;422;Direitos Individuais, Coletivos e Difusos;4025;Políticas para Mulheres;2053;Manutenção e Operação da Casa da Mulher Brasileira;CPM;Mulheres;CPM - Casa da Mulher Brasileira;3;Despesas Correntes;3;Outras Despesas Correntes;90;Aplicações Diretas;39;Locação de Máquinas e Equipamentos;33903900;00.1.500.9001;Recursos não vinculados de Impostos;9;Outras Máquinas e Equipamentos em Geral;1;Outros Serviços de Terceiros - Pessoa Jurídica;34.10.14.422.4025.2053.33903900.00.1.500.9001;1728.0;0.0;1728.0;0.0;0.0;0.0;;500;9001;1;02/03/2026 09:48:54;;00;34;33903900;Contratação PJ com Fins Lucrativos;2053;UND;CONTRATO Nº 325/SMDHC/2023 - Locação de 06 (seis) Purificadores de água - CMB - Principal;1;1728.0
01;PREFEITURA DO MUNICÍPIO DE SÃO PAULO;18350;24925;2026;2;17/02/2026 00:00:00;6074.2023/0007230-8;09114027000180;BRAZON MAXFILTER INDUSTRIA E LOCACAO DE PURIFICADORES DE AGUA LTDA;28568;2023;34;SMDHC;Secretaria Municipal de Direitos Humanos e Cidadania;10;Gabinete do Secretário;14;Direitos da Cidadania;422;Direitos Individuais, Coletivos e Difusos;4025;Políticas para Mulheres;2053;Manutenção e Operação da Casa da Mulher Brasileira;CPM;Mulheres;CPM - Casa da Mulher Brasileira;3;Despesas Correntes;3;Outras Despesas Correntes;90;Aplicações Diretas;39;Locação de Máquinas e Equipamentos;33903900;00.1.500.9001;Recursos não vinculados de Impostos;9;Outras Máquinas e Equipamentos em Geral;1;Outros Serviços de Terceiros - Pessoa Jurídica;34.10.14.422.4025.2053.33903900.00.1.500.9001;137.7;0.0;137.7;0.0;0.0;0.0;;500;9001;1;02/03/2026 09:48:54;;00;34;33903900;Contratação PJ com Fins Lucrativos;2053;UND;CONTRATO Nº 325/SMDHC/2023 - Locação de 06 (seis) Purificadores de água - CMB - Reajuste;1;137.7
01;PREFEITURA DO MUNICÍPIO DE SÃO PAULO;18352;24927;2026;2;17/02/2026 00:00:00;6074.2023/0007230-8;09114027000180;BRAZON MAXFILTER INDUSTRIA E LOCACAO DE PURIFICADORES DE AGUA LTDA;28568;2023;34;SMDHC;Secretaria Municipal de Direitos Humanos e Cidadania;10;Gabinete do Secretário;14;Direitos da Cidadania;422;Direitos Individuais, Coletivos e Difusos;4010;Segurança Alimentar e Nutricional;4470;Manutenção e Operação de Centro de Referência de Segurança Alimentar e;SESANA;Segurança Alimentar;SESANA - CRESAN;3;Despesas Correntes;3;Outras Despesas Correntes;90;Aplicações Diretas;39;Locação de Máquinas e Equipamentos;33903900;00.1.500.9001;Recursos não vinculados de Impostos;9;Outras Máquinas e Equipamentos em Geral;1;Outros Serviços de Terceiros - Pessoa Jurídica;34.10.14.422.4010.4470.33903900.00.1.500.9001;576.0;0.0;576.0;0.0;0.0;0.0;;500;9001;1;02/03/2026 09:48:54;;00;34;33903900;Contratação PJ com Fins Lucrativos;4470;UND;CONTRATO Nº 325/SMDHC/2023 - Locação de 02 (dois) Purificadores de água - SESANA - Principal;1;576.0
01;PREFEITURA DO MUNICÍPIO DE SÃO PAULO;18352;24928;2026;2;17/02/2026 00:00:00;6074.2023/0007230-8;09114027000180;BRAZON MAXFILTER INDUSTRIA E LOCACAO DE PURIFICADORES DE AGUA LTDA;28568;2023;34;SMDHC;Secretaria Municipal de Direitos Humanos e Cidadania;10;Gabinete do Secretário;14;Direitos da Cidadania;422;Direitos Individuais, Coletivos e Difusos;4010;Segurança Alimentar e Nutricional;4470;Manutenção e Operação de Centro de Referência de Segurança Alimentar e;SESANA;Segurança Alimentar;SESANA - CRESAN;3;Despesas Correntes;3;Outras Despesas Correntes;90;Aplicações Diretas;39;Locação de Máquinas e Equipamentos;33903900;00.1.500.9001;Recursos não vinculados de Impostos;9;Outras Máquinas e Equipamentos em Geral;1;Outros Serviços de Terceiros - Pessoa Jurídica;34.10.14.422.4010.4470.33903900.00.1.500.9001;45.9;0.0;45.9;0.0;0.0;0.0;;500;9001;1;02/03/2026 09:48:54;;00;34;33903900;Contratação PJ com Fins Lucrativos;4470;UND;CONTRATO Nº 325/SMDHC/2023 - Locação de 02 (dois) Purificadores de água - SESANA - Reajuste;1;45.9
01;PREFEITURA DO MUNICÍPIO DE SÃO PAULO;18354;24929;2026;2;17/02/2026 00:00:00;6074.2023/0007230-8;09114027000180;BRAZON MAXFILTER INDUSTRIA E LOCACAO DE PURIFICADORES DE AGUA LTDA;28568;2023;34;SMDHC;Secretaria Municipal de Direitos Humanos e Cidadania;10;Gabinete do Secretário;14;Direitos da Cidadania;422;Direitos Individuais, Coletivos e Difusos;4024;Promoção da Cidadania e da Diversidade;4333;Manutenção e Operação do Centro Público de Economia Solidária e Direit;CPDDH;Centro Público;CPDDH;3;Despesas Correntes;3;Outras Despesas Correntes;90;Aplicações Diretas;39;Locação de Máquinas e Equipamentos;33903900;00.1.500.9001;Recursos não vinculados de Impostos;9;Outras Máquinas e Equipamentos em Geral;1;Outros Serviços de Terceiros - Pessoa Jurídica;34.10.14.422.4024.4333.33903900.00.1.500.9001;576.0;0.0;576.0;0.0;0.0;0.0;;500;9001;1;02/03/2026 09:48:54;;00;34;33903900;Contratação PJ com Fins Lucrativos;4333;UND;CONTRATO Nº 325/SMDHC/2023 - Locação de 02 (dois) Purificadores de água - Centro Público - Principal;1;576.0
01;PREFEITURA DO MUNICÍPIO DE SÃO PAULO;18356;24930;2026;2;17/02/2026 00:00:00;6074.2023/0007230-8;09114027000180;BRAZON MAXFILTER INDUSTRIA E LOCACAO DE PURIFICADORES DE AGUA LTDA;28568;2023;34;SMDHC;Secretaria Municipal de Direitos Humanos e Cidadania;10;Gabinete do Secretário;14;Direitos da Cidadania;422;Direitos Individuais, Coletivos e Difusos;4024;Promoção da Cidadania e da Diversidade;4333;Manutenção e Operação do Centro Público de Economia Solidária e Direit;CPDDH;Centro Público;CPDDH;3;Despesas Correntes;3;Outras Despesas Correntes;90;Aplicações Diretas;39;Locação de Máquinas e Equipamentos;33903900;00.1.500.9001;Recursos não vinculados de Impostos;9;Outras Máquinas e Equipamentos em Geral;1;Outros Serviços de Terceiros - Pessoa Jurídica;34.10.14.422.4024.4333.33903900.00.1.500.9001;45.9;0.0;45.9;0.0;0.0;0.0;;500;9001;1;02/03/2026 09:48:54;;00;34;33903900;Contratação PJ com Fins Lucrativos;4333;UND;CONTRATO Nº 325/SMDHC/2023 - Locação de 02 (dois) Purificadores de água - Centro Público - Reajuste;1;45.9
01;PREFEITURA DO MUNICÍPIO DE SÃO PAULO;18358;24931;2026;2;17/02/2026 00:00:00;6074.2023/0007230-8;09114027000180;BRAZON MAXFILTER INDUSTRIA E LOCACAO DE PURIFICADORES DE AGUA LTDA;28568;2023;34;SMDHC;Secretaria Municipal de Direitos Humanos e Cidadania;10;Gabinete do Secretário;14;Direitos da Cidadania;422;Direitos Individuais, Coletivos e Difusos;4023;Políticas para População Idosa;4330;Manutenção e Operação dos Equipamentos Públicos Voltados para Pessoa I;CPPI;Idoso;CPPI - Equipamentos;3;Despesas Correntes;3;Outras Despesas Correntes;90;Aplicações Diretas;39;Locação de Máquinas e Equipamentos;33903900;00.1.500.9001;Recursos não vinculados de Impostos;9;Outras Máquinas e Equipamentos em Geral;1;Outros Serviços de Terceiros - Pessoa Jurídica;34.10.14.422.4023.4330.33903900.00.1.500.9001;576.0;0.0;576.0;0.0;0.0;0.0;;500;9001;1;02/03/2026 09:48:54;;00;34;33903900;Contratação PJ com Fins Lucrativos;4330;UND;CONTRATO Nº 325/SMDHC/2023 - Locação de 02 (dois) Purificadores de água - IDOSO - Principal;1;576.0
01;PREFEITURA DO MUNICÍPIO DE SÃO PAULO;18358;24932;2026;2;17/02/2026 00:00:00;6074.2023/0007230-8;09114027000180;BRAZON MAXFILTER INDUSTRIA E LOCACAO DE PURIFICADORES DE AGUA LTDA;28568;2023;34;SMDHC;Secretaria Municipal de Direitos Humanos e Cidadania;10;Gabinete do Secretário;14;Direitos da Cidadania;422;Direitos Individuais, Coletivos e Difusos;4023;Políticas para População Idosa;4330;Manutenção e Operação dos Equipamentos Públicos Voltados para Pessoa I;CPPI;Idoso;CPPI - Equipamentos;3;Despesas Correntes;3;Outras Despesas Correntes;90;Aplicações Diretas;39;Locação de Máquinas e Equipamentos;33903900;00.1.500.9001;Recursos não vinculados de Impostos;9;Outras Máquinas e Equipamentos em Geral;1;Outros Serviços de Terceiros - Pessoa Jurídica;34.10.14.422.4023.4330.33903900.00.1.500.9001;45.9;0.0;45.9;0.0;0.0;0.0;;500;9001;1;02/03/2026 09:48:54;;00;34;33903900;Contratação PJ com Fins Lucrativos;4330;UND;CONTRATO Nº 325/SMDHC/2023 - Locação de 02 (dois) Purificadores de água - IDOSO - Reajuste;1;45.9
01;PREFEITURA DO MUNICÍPIO DE SÃO PAULO;18360;24933;2026;2;17/02/2026 00:00:00;6074.2023/0007230-8;09114027000180;BRAZON MAXFILTER INDUSTRIA E LOCACAO DE PURIFICADORES DE AGUA LTDA;28568;2023;34;SMDHC;Secretaria Municipal de Direitos Humanos e Cidadania;10;Gabinete do Secretário;14;Direitos da Cidadania;422;Direitos Individuais, Coletivos e Difusos;4026;Políticas de Igualdade Racial;4334;Manutenção e Operação de Equipamentos Públicos Voltados à Promoção da ;CPIR;Igualdade Racial;CPIR - Equipamentos;3;Despesas Correntes;3;Outras Despesas Correntes;90;Aplicações Diretas;39;Locação de Máquinas e Equipamentos;33903900;00.1.500.9001;Recursos não vinculados de Impostos;9;Outras Máquinas e Equipamentos em Geral;1;Outros Serviços de Terceiros - Pessoa Jurídica;34.10.14.422.4026.4334.33903900.00.1.500.9001;288.0;0.0;288.0;0.0;0.0;0.0;;500;9001;1;02/03/2026 09:48:54;;00;34;33903900;Contratação PJ com Fins Lucrativos;4334;UND;CONTRATO Nº 325/SMDHC/2023 - Locação de 01 (um) Purificador de água - CRPIR - Principal;1;288.0
01;PREFEITURA DO MUNICÍPIO DE SÃO PAULO;18360;24934;2026;2;17/02/2026 00:00:00;6074.2023/0007230-8;09114027000180;BRAZON MAXFILTER INDUSTRIA E LOCACAO DE PURIFICADORES DE AGUA LTDA;28568;2023;34;SMDHC;Secretaria Municipal de Direitos Humanos e Cidadania;10;Gabinete do Secretário;14;Direitos da Cidadania;422;Direitos Individuais, Coletivos e Difusos;4026;Políticas de Igualdade Racial;4334;Manutenção e Operação de Equipamentos Públicos Voltados à Promoção da ;CPIR;Igualdade Racial;CPIR - Equipamentos;3;Despesas Correntes;3;Outras Despesas Correntes;90;Aplicações Diretas;39;Locação de Máquinas e Equipamentos;33903900;00.1.500.9001;Recursos não vinculados de Impostos;9;Outras Máquinas e Equipamentos em Geral;1;Outros Serviços de Terceiros - Pessoa Jurídica;34.10.14.422.4026.4334.33903900.00.1.500.9001;22.95;0.0;22.95;0.0;0.0;0.0;;500;9001;1;02/03/2026 09:48:54;;00;34;33903900;Contratação PJ com Fins Lucrativos;4334;UND;CONTRATO Nº 325/SMDHC/2023 - Locação de 01 (um) Purificador de água - CRPIR - Reajuste;1;22.95
01;PREFEITURA DO MUNICÍPIO DE SÃO PAULO;18367;24935;2026;2;17/02/2026 00:00:00;6074.2023/0006553-0;03641257000110;UNISERV TERCEIRIZACAO E SERVICOS LTDA;29365;2024;34;SMDHC;Secretaria Municipal de Direitos Humanos e Cidadania;10;Gabinete do Secretário;14;Direitos da Cidadania;422;Direitos Individuais, Coletivos e Difusos;4024;Promoção da Cidadania e da Diversidade;4333;Manutenção e Operação do Centro Público de Economia Solidária e Direit;CPDDH;Centro Público;CPDDH;3;Despesas Correntes;3;Outras Despesas Correntes;90;Aplicações Diretas;39;Limpeza e Conservação;33903900;00.1.500.9001;Recursos não vinculados de Impostos;0;Limpeza de Ambientes;7;Outros Serviços de Terceiros - Pessoa Jurídica;34.10.14.422.4024.4333.33903900.00.1.500.9001;202844.39;0.0;202844.39;0.0;0.0;0.0;;500;9001;1;02/03/2026 09:48:54;;00;34;33903900;Contratação PJ com Fins Lucrativos;4333;UND;Contrato nº 261/SMDHC/2024 - posto de limpeza Centro Público - Principal - Jan-Julho;1;202844.39
01;PREFEITURA DO MUNICÍPIO DE SÃO PAULO;18367;24936;2026;2;17/02/2026 00:00:00;6074.2023/0006553-0;03641257000110;UNISERV TERCEIRIZACAO E SERVICOS LTDA;29365;2024;34;SMDHC;Secretaria Municipal de Direitos Humanos e Cidadania;10;Gabinete do Secretário;14;Direitos da Cidadania;422;Direitos Individuais, Coletivos e Difusos;4024;Promoção da Cidadania e da Diversidade;4333;Manutenção e Operação do Centro Público de Economia Solidária e Direit;CPDDH;Centro Público;CPDDH;3;Despesas Correntes;3;Outras Despesas Correntes;90;Aplicações Diretas;39;Limpeza e Conservação;33903900;00.1.500.9001;Recursos não vinculados de Impostos;0;Limpeza de Ambientes;7;Outros Serviços de Terceiros - Pessoa Jurídica;34.10.14.422.4024.4333.33903900.00.1.500.9001;13696.55;0.0;13696.55;0.0;0.0;0.0;;500;9001;1;02/03/2026 09:48:54;;00;34;33903900;Contratação PJ com Fins Lucrativos;4333;UND;Contrato nº 261/SMDHC/2024 - posto de limpeza Centro Público - Reajuste - Jan-Julho;1;13696.55
01;PREFEITURA DO MUNICÍPIO DE SÃO PAULO;18368;24937;2026;2;17/02/2026 00:00:00;6074.2023/0006553-0;03641257000110;UNISERV TERCEIRIZACAO E SERVICOS LTDA;29365;2024;34;SMDHC;Secretaria Municipal de Direitos Humanos e Cidadania;10;Gabinete do Secretário;14;Direitos da Cidadania;122;Administração Geral;4001;Suporte Administrativo;2100;Administração da Unidade;ADM;Administração;ADM;3;Despesas Correntes;3;Outras Despesas Correntes;90;Aplicações Diretas;39;Limpeza e Conservação;33903900;00.1.500.9001;Recursos não vinculados de Impostos;0;Limpeza de Ambientes;7;Outros Serviços de Terceiros - Pessoa Jurídica;34.10.14.122.4001.2100.33903900.00.1.500.9001;831262.56;0.0;831262.56;0.0;0.0;0.0;;500;9001;1;02/03/2026 09:48:54;;00;34;33903900;Contratação PJ com Fins Lucrativos;2100;UND;Termo de Contrato nº 261/SMDHC/2024 - Serviços de Limpeza - Edifício São Joaquim e Edifício Patriarca (até 18/01/2026) - Principal;1;831262.56
01;PREFEITURA DO MUNICÍPIO DE SÃO PAULO;18368;24938;2026;2;17/02/2026 00:00:00;6074.2023/0006553-0;03641257000110;UNISERV TERCEIRIZACAO E SERVICOS LTDA;29365;2024;34;SMDHC;Secretaria Municipal de Direitos Humanos e Cidadania;10;Gabinete do Secretário;14;Direitos da Cidadania;122;Administração Geral;4001;Suporte Administrativo;2100;Administração da Unidade;ADM;Administração;ADM;3;Despesas Correntes;3;Outras Despesas Correntes;90;Aplicações Diretas;39;Limpeza e Conservação;33903900;00.1.500.9001;Recursos não vinculados de Impostos;0;Limpeza de Ambientes;7;Outros Serviços de Terceiros - Pessoa Jurídica;34.10.14.122.4001.2100.33903900.00.1.500.9001;56091.43;0.0;56091.43;0.0;0.0;0.0;;500;9001;1;02/03/2026 09:48:54;;00;34;33903900;Contratação PJ com Fins Lucrativos;2100;UND;Termo de Contrato nº 261/SMDHC/2024 - Serviços de Limpeza - Edifício São Joaquim e Edifício Patriarca (até 18/01/2026) - Reajuste;1;56091.43
01;PREFEITURA DO MUNICÍPIO DE SÃO PAULO;18370;24945;2026;2;18/02/2026 00:00:00;6074.2023/0002608-0;10965693000100;CS BRASIL TRANSPORTES DE PASSAGEIROS E SERVICOS AMBIENTAIS LTDA;9352;2024;34;SMDHC;Secretaria Municipal de Direitos Humanos e Cidadania;10;Gabinete do Secretário;14;Direitos da Cidadania;122;Administração Geral;4001;Suporte Administrativo;2100;Administração da Unidade;ADM;Administração;ADM;3;Despesas Correntes;3;Outras Despesas Correntes;90;Aplicações Diretas;39;Locação de Bens Móveis de Outra Natureza e Intangíveis;33903900;00.1.500.9001;Recursos não vinculados de Impostos;0;Veículos Leves com Motorista;1;Outros Serviços de Terceiros - Pessoa Jurídica;34.10.14.122.4001.2100.33903900.00.1.500.9001;2369099.3;0.0;2369099.3;0.0;0.0;0.0;;500;9001;1;02/03/2026 09:48:54;;00;34;33903900;Contratação PJ com Fins Lucrativos;2100;UND;Termo de Contrato nº 152/SMDHC/2024 - Locação de veículos com motoristas - SMDHC - Principal.;1;2369099.3
01;PREFEITURA DO MUNICÍPIO DE SÃO PAULO;18370;24946;2026;2;18/02/2026 00:00:00;6074.2023/0002608-0;10965693000100;CS BRASIL TRANSPORTES DE PASSAGEIROS E SERVICOS AMBIENTAIS LTDA;9352;2024;34;SMDHC;Secretaria Municipal de Direitos Humanos e Cidadania;10;Gabinete do Secretário;14;Direitos da Cidadania;122;Administração Geral;4001;Suporte Administrativo;2100;Administração da Unidade;ADM;Administração;ADM;3;Despesas Correntes;3;Outras Despesas Correntes;90;Aplicações Diretas;39;Locação de Bens Móveis de Outra Natureza e Intangíveis;33903900;00.1.500.9001;Recursos não vinculados de Impostos;0;Veículos Leves com Motorista;1;Outros Serviços de Terceiros - Pessoa Jurídica;34.10.14.122.4001.2100.33903900.00.1.500.9001;107642.1;0.0;107642.1;0.0;0.0;0.0;;500;9001;1;02/03/2026 09:48:54;;00;34;33903900;Contratação PJ com Fins Lucrativos;2100;UND;Termo de Contrato nº 152/SMDHC/2024 - Locação de veículos com motoristas - SMDHC - Reajuste;1;107642.1
01;PREFEITURA DO MUNICÍPIO DE SÃO PAULO;18381;24952;2026;2;18/02/2026 00:00:00;6074.2023/0006553-0;03641257000110;UNISERV TERCEIRIZACAO E SERVICOS LTDA;29365;2024;34;SMDHC;Secretaria Municipal de Direitos Humanos e Cidadania;10;Gabinete do Secretário;14;Direitos da Cidadania;422;Direitos Individuais, Coletivos e Difusos;4010;Segurança Alimentar e Nutricional;4470;Manutenção e Operação de Centro de Referência de Segurança Alimentar e;SESANA;Segurança Alimentar;SESANA - CRESAN;3;Despesas Correntes;3;Outras Despesas Correntes;90;Aplicações Diretas;39;Limpeza e Conservação;33903900;00.1.500.9001;Recursos não vinculados de Impostos;0;Limpeza de Ambientes;7;Outros Serviços de Terceiros - Pessoa Jurídica;34.10.14.422.4010.4470.33903900.00.1.500.9001;82123.01;0.0;82123.01;0.0;0.0;0.0;;500;9001;1;02/03/2026 09:48:54;;00;34;33903900;Contratação PJ com Fins Lucrativos;4470;UND;Contrato nº 261/SMDHC/2024 - posto de limpeza SESANA - Principal;1;82123.01
01;PREFEITURA DO MUNICÍPIO DE SÃO PAULO;18381;24954;2026;2;18/02/2026 00:00:00;6074.2023/0006553-0;03641257000110;UNISERV TERCEIRIZACAO E SERVICOS LTDA;29365;2024;34;SMDHC;Secretaria Municipal de Direitos Humanos e Cidadania;10;Gabinete do Secretário;14;Direitos da Cidadania;422;Direitos Individuais, Coletivos e Difusos;4010;Segurança Alimentar e Nutricional;4470;Manutenção e Operação de Centro de Referência de Segurança Alimentar e;SESANA;Segurança Alimentar;SESANA - CRESAN;3;Despesas Correntes;3;Outras Despesas Correntes;90;Aplicações Diretas;39;Limpeza e Conservação;33903900;00.1.500.9001;Recursos não vinculados de Impostos;0;Limpeza de Ambientes;7;Outros Serviços de Terceiros - Pessoa Jurídica;34.10.14.422.4010.4470.33903900.00.1.500.9001;5574.23;0.0;5574.23;0.0;0.0;0.0;;500;9001;1;02/03/2026 09:48:54;;00;34;33903900;Contratação PJ com Fins Lucrativos;4470;UND;Contrato nº 261/SMDHC/2024 - posto de limpeza SESANA - Reajuste;1;5574.23
01;PREFEITURA DO MUNICÍPIO DE SÃO PAULO;18383;24960;2026;2;18/02/2026 00:00:00;6074.2023/0006553-0;03641257000110;UNISERV TERCEIRIZACAO E SERVICOS LTDA;29365;2024;34;SMDHC;Secretaria Municipal de Direitos Humanos e Cidadania;10;Gabinete do Secretário;14;Direitos da Cidadania;422;Direitos Individuais, Coletivos e Difusos;4023;Políticas para População Idosa;4330;Manutenção e Operação dos Equipamentos Públicos Voltados para Pessoa I;CPPI;Idoso;CPPI - Equipamentos;3;Despesas Correntes;3;Outras Despesas Correntes;90;Aplicações Diretas;39;Limpeza e Conservação;33903900;00.1.500.9001;Recursos não vinculados de Impostos;0;Limpeza de Ambientes;7;Outros Serviços de Terceiros - Pessoa Jurídica;34.10.14.422.4023.4330.33903900.00.1.500.9001;122456.74;0.0;122456.74;0.0;0.0;0.0;;500;9001;1;02/03/2026 09:48:54;;00;34;33903900;Contratação PJ com Fins Lucrativos;4330;UND;Contrato nº 261/SMDHC/2024 - posto de limpeza Polo do Idoso e CEDPES;1;122456.74
01;PREFEITURA DO MUNICÍPIO DE SÃO PAULO;18383;24961;2026;2;18/02/2026 00:00:00;6074.2023/0006553-0;03641257000110;UNISERV TERCEIRIZACAO E SERVICOS LTDA;29365;2024;34;SMDHC;Secretaria Municipal de Direitos Humanos e Cidadania;10;Gabinete do Secretário;14;Direitos da Cidadania;422;Direitos Individuais, Coletivos e Difusos;4023;Políticas para População Idosa;4330;Manutenção e Operação dos Equipamentos Públicos Voltados para Pessoa I;CPPI;Idoso;CPPI - Equipamentos;3;Despesas Correntes;3;Outras Despesas Correntes;90;Aplicações Diretas;39;Limpeza e Conservação;33903900;00.1.500.9001;Recursos não vinculados de Impostos;0;Limpeza de Ambientes;7;Outros Serviços de Terceiros - Pessoa Jurídica;34.10.14.422.4023.4330.33903900.00.1.500.9001;8287.92;0.0;8287.92;0.0;0.0;0.0;;500;9001;1;02/03/2026 09:48:54;;00;34;33903900;Contratação PJ com Fins Lucrativos;4330;UND;Contrato nº 261/SMDHC/2024 - posto de limpeza Polo do Idoso e CEDPES - Reajuste;1;8287.92
01;PREFEITURA DO MUNICÍPIO DE SÃO PAULO;18218;24983;2026;2;18/02/2026 00:00:00;6074.2026/0000924-5;28238134897;HERMIZIA DANIELA SILVEIRA DOS ANJOS;-1;-1;34;SMDHC;Secretaria Municipal de Direitos Humanos e Cidadania;10;Gabinete do Secretário;14;Direitos da Cidadania;122;Administração Geral;4001;Suporte Administrativo;2100;Administração da Unidade;ADM;Administração;ADM;3;Despesas Correntes;3;Outras Despesas Correntes;90;Aplicações Diretas;14;Diárias no País;33901400;00.1.500.9001;Recursos não vinculados de Impostos;0;Viagens Temporárias de Serv. no Interesse da Adm.- Art 2º Lei 10513/88;1;Diárias - Civil;34.10.14.122.4001.2100.33901400.00.1.500.9001;2247.0;0.0;2247.0;2247.0;2247.0;0.0;;500;9001;1;02/03/2026 09:48:54;;00;34;33901400;Diárias - Civil;2100;UND;Diárias da Servidora para participação em curso com aulas presenciais do programa de aprendizagem “Liderança Feminina (América Latina)”, organizado pela Tana Copenhagen no Estado do Rio de Janeiro;1;2247.0
01;PREFEITURA DO MUNICÍPIO DE SÃO PAULO;18522;25197;2026;2;18/02/2026 00:00:00;6074.2021/0004115-8;65622946000135;RPC INFORMATICA LTDA;21847;2021;34;SMDHC;Secretaria Municipal de Direitos Humanos e Cidadania;10;Gabinete do Secretário;14;Direitos da Cidadania;243;Assistência à Criança e ao Adolescente;4019;Proteção a Crianças e Adolescentes;2157;Administração dos Conselhos Tutelares;CT;Conselho Tutelar;CT - Administração;3;Despesas Correntes;3;Outras Despesas Correntes;90;Aplicações Diretas;39;Locação de Máquinas e Equipamentos;33903900;00.1.500.9001;Recursos não vinculados de Impostos;9;Outras Máquinas e Equipamentos em Geral;1;Outros Serviços de Terceiros - Pessoa Jurídica;34.10.14.243.4019.2157.33903900.00.1.500.9001;125458.67;0.0;125458.67;0.0;0.0;0.0;;500;9001;1;02/03/2026 09:48:54;;00;34;33903900;Contratação PJ com Fins Lucrativos;2157;UND;TC 286/SMDHC/2021 - Locação de microcomputadores tipo desktop - Principal;1;125458.67
01;PREFEITURA DO MUNICÍPIO DE SÃO PAULO;18522;25198;2026;2;18/02/2026 00:00:00;6074.2021/0004115-8;65622946000135;RPC INFORMATICA LTDA;21847;2021;34;SMDHC;Secretaria Municipal de Direitos Humanos e Cidadania;10;Gabinete do Secretário;14;Direitos da Cidadania;243;Assistência à Criança e ao Adolescente;4019;Proteção a Crianças e Adolescentes;2157;Administração dos Conselhos Tutelares;CT;Conselho Tutelar;CT - Administração;3;Despesas Correntes;3;Outras Despesas Correntes;90;Aplicações Diretas;39;Locação de Máquinas e Equipamentos;33903900;00.1.500.9001;Recursos não vinculados de Impostos;9;Outras Máquinas e Equipamentos em Geral;1;Outros Serviços de Terceiros - Pessoa Jurídica;34.10.14.243.4019.2157.33903900.00.1.500.9001;19320.53;0.0;19320.53;0.0;0.0;0.0;;500;9001;1;02/03/2026 09:48:54;;00;34;33903900;Contratação PJ com Fins Lucrativos;2157;UND;TC 286/SMDHC/2021 - Locação de microcomputadores tipo desktop - Reajuste;1;19320.53
01;PREFEITURA DO MUNICÍPIO DE SÃO PAULO;18510;25200;2026;2;18/02/2026 00:00:00;6074.2023/0007194-8;09114027000180;BRAZON MAXFILTER INDUSTRIA E LOCACAO DE PURIFICADORES DE AGUA LTDA;23852;2023;34;SMDHC;Secretaria Municipal de Direitos Humanos e Cidadania;10;Gabinete do Secretário;14;Direitos da Cidadania;243;Assistência à Criança e ao Adolescente;4019;Proteção a Crianças e Adolescentes;2157;Administração dos Conselhos Tutelares;CT;Conselho Tutelar;CT - Administração;3;Despesas Correntes;3;Outras Despesas Correntes;90;Aplicações Diretas;39;Locação de Máquinas e Equipamentos;33903900;00.1.500.9001;Recursos não vinculados de Impostos;9;Outras Máquinas e Equipamentos em Geral;1;Outros Serviços de Terceiros - Pessoa Jurídica;34.10.14.243.4019.2157.33903900.00.1.500.9001;25847.47;0.0;25847.47;0.0;0.0;0.0;;500;9001;1;02/03/2026 09:48:54;;00;34;33903900;Contratação PJ com Fins Lucrativos;2157;UND;Locação, instalação e manutenção de aparelhos purificadores de água para os Conselhos tutelares - Principal - período de 01/01/2026 a 25/08/2026;1;25847.47
01;PREFEITURA DO MUNICÍPIO DE SÃO PAULO;18529;25202;2026;2;18/02/2026 00:00:00;6074.2020/0003961-5;10312101000151;RA TELECOM LTDA;21214;2020;34;SMDHC;Secretaria Municipal de Direitos Humanos e Cidadania;10;Gabinete do Secretário;14;Direitos da Cidadania;243;Assistência à Criança e ao Adolescente;4019;Proteção a Crianças e Adolescentes;2157;Administração dos Conselhos Tutelares;CT;Conselho Tutelar;CT - Administração;3;Despesas Correntes;3;Outras Despesas Correntes;90;Aplicações Diretas;39;Locação de Máquinas e Equipamentos;33903900;00.1.500.9001;Recursos não vinculados de Impostos;9;Outras Máquinas e Equipamentos em Geral;1;Outros Serviços de Terceiros - Pessoa Jurídica;34.10.14.243.4019.2157.33903900.00.1.500.9001;64915.1;0.0;64915.1;6448.52;0.0;0.0;;500;9001;1;02/03/2026 09:48:54;;00;34;33903900;Contratação PJ com Fins Lucrativos;2157;UND;Termo de Contrato 059/SMDHC/2020  - Serviços de locação - PABX Conselhos Tutelares - Principal;1;64915.1
01;PREFEITURA DO MUNICÍPIO DE SÃO PAULO;18510;25206;2026;2;18/02/2026 00:00:00;6074.2023/0007194-8;09114027000180;BRAZON MAXFILTER INDUSTRIA E LOCACAO DE PURIFICADORES DE AGUA LTDA;23852;2023;34;SMDHC;Secretaria Municipal de Direitos Humanos e Cidadania;10;Gabinete do Secretário;14;Direitos da Cidadania;243;Assistência à Criança e ao Adolescente;4019;Proteção a Crianças e Adolescentes;2157;Administração dos Conselhos Tutelares;CT;Conselho Tutelar;CT - Administração;3;Despesas Correntes;3;Outras Despesas Correntes;90;Aplicações Diretas;39;Locação de Máquinas e Equipamentos;33903900;00.1.500.9001;Recursos não vinculados de Impostos;9;Outras Máquinas e Equipamentos em Geral;1;Outros Serviços de Terceiros - Pessoa Jurídica;34.10.14.243.4019.2157.33903900.00.1.500.9001;2059.72;0.0;2059.72;0.0;0.0;0.0;;500;9001;1;02/03/2026 09:48:54;;00;34;33903900;Contratação PJ com Fins Lucrativos;2157;UND;Locação, instalação e manutenção de aparelhos purificadores de água para os Conselhos tutelares - Reajuste - período de 01/01/2026 a 25/08/2026;1;2059.72
01;PREFEITURA DO MUNICÍPIO DE SÃO PAULO;18529;25208;2026;2;18/02/2026 00:00:00;6074.2020/0003961-5;10312101000151;RA TELECOM LTDA;21214;2020;34;SMDHC;Secretaria Municipal de Direitos Humanos e Cidadania;10;Gabinete do Secretário;14;Direitos da Cidadania;243;Assistência à Criança e ao Adolescente;4019;Proteção a Crianças e Adolescentes;2157;Administração dos Conselhos Tutelares;CT;Conselho Tutelar;CT - Administração;3;Despesas Correntes;3;Outras Despesas Correntes;90;Aplicações Diretas;39;Locação de Máquinas e Equipamentos;33903900;00.1.500.9001;Recursos não vinculados de Impostos;9;Outras Máquinas e Equipamentos em Geral;1;Outros Serviços de Terceiros - Pessoa Jurídica;34.10.14.243.4019.2157.33903900.00.1.500.9001;19531.56;0.0;19531.56;1940.22;0.0;0.0;;500;9001;1;02/03/2026 09:48:54;;00;34;33903900;Contratação PJ com Fins Lucrativos;2157;UND;Termo de Contrato 059/SMDHC/2020 - Serviços de locação - PABX Conselhos Tutelares - Reajuste;1;19531.56
01;PREFEITURA DO MUNICÍPIO DE SÃO PAULO;18549;25219;2026;2;18/02/2026 00:00:00;6074.2021/0002331-1;08646703000101;SAGAZ SERVICOS E COMERCIO DE EQUIPAMENTOS DE TECNOLOGIA LTDA;24655;2021;34;SMDHC;Secretaria Municipal de Direitos Humanos e Cidadania;10;Gabinete do Secretário;14;Direitos da Cidadania;243;Assistência à Criança e ao Adolescente;4019;Proteção a Crianças e Adolescentes;2157;Administração dos Conselhos Tutelares;CT;Conselho Tutelar;CT - Administração;3;Despesas Correntes;3;Outras Despesas Correntes;90;Aplicações Diretas;39;Serviço de Apoio Administrativo, Técnico e Operacional;33903900;00.1.500.9001;Recursos não vinculados de Impostos;9;Outros Serviços de Apoio Administrativo, Técnico e Operacional;7;Outros Serviços de Terceiros - Pessoa Jurídica;34.10.14.243.4019.2157.33903900.00.1.500.9001;946458.44;0.0;946458.44;102364.14;0.0;0.0;;500;9001;1;02/03/2026 09:48:54;;00;34;33903900;Contratação PJ com Fins Lucrativos;2157;UND;Infraestrutura de rede com manutenção corretiva - Conselho Tutelar;1;946458.44
01;PREFEITURA DO MUNICÍPIO DE SÃO PAULO;18550;25220;2026;2;18/02/2026 00:00:00;6074.2020/0002536-3;28813283000100;PRIORATO ENGENHARIA LTDA;14321;2020;34;SMDHC;Secretaria Municipal de Direitos Humanos e Cidadania;10;Gabinete do Secretário;14;Direitos da Cidadania;243;Assistência à Criança e ao Adolescente;4019;Proteção a Crianças e Adolescentes;2157;Administração dos Conselhos Tutelares;CT;Conselho Tutelar;CT - Administração;3;Despesas Correntes;3;Outras Despesas Correntes;90;Aplicações Diretas;39;Manutenção e Conservação de Bens Imóveis;33903900;00.1.500.9001;Recursos não vinculados de Impostos;1;Manutenção e Conservação de Bens Imóveis;1;Outros Serviços de Terceiros - Pessoa Jurídica;34.10.14.243.4019.2157.33903900.00.1.500.9001;601402.8;0.0;601402.8;0.0;0.0;0.0;;500;9001;1;02/03/2026 09:48:54;;00;34;33903900;Contratação PJ com Fins Lucrativos;2157;UND;Contrato n. 028/SMDHC/2020 - Serviços de Manutenção nas unidades dos Conselhos Tutelar - Principal ;1;601402.8
01;PREFEITURA DO MUNICÍPIO DE SÃO PAULO;18551;25221;2026;2;18/02/2026 00:00:00;6074.2020/0002536-3;28813283000100;PRIORATO ENGENHARIA LTDA;14321;2020;34;SMDHC;Secretaria Municipal de Direitos Humanos e Cidadania;10;Gabinete do Secretário;14;Direitos da Cidadania;243;Assistência à Criança e ao Adolescente;4019;Proteção a Crianças e Adolescentes;2157;Administração dos Conselhos Tutelares;CT;Conselho Tutelar;CT - Administração;3;Despesas Correntes;3;Outras Despesas Correntes;90;Aplicações Diretas;30;Material para Manutenção de Bens Imóveis;33903000;00.1.500.9001;Recursos não vinculados de Impostos;9;Diversos Materiais para Manutenção de Bens Imóveis;2;Material de Consumo;34.10.14.243.4019.2157.33903000.00.1.500.9001;250712.54;0.0;250712.54;0.0;0.0;0.0;;500;9001;1;02/03/2026 09:48:54;;00;34;33903000;Material de Consumo;2157;UND;Contrato n. 028/SMDHC/2020 - Serviços de Manutenção nas unidades dos Conselhos Tutelar - Reembolso de Materiais ;1;250712.54
01;PREFEITURA DO MUNICÍPIO DE SÃO PAULO;18552;25222;2026;2;18/02/2026 00:00:00;6074.2025/0008084-3;15490863000161;FND  TELECOMUNICACAO LTDA;36060;2025;34;SMDHC;Secretaria Municipal de Direitos Humanos e Cidadania;10;Gabinete do Secretário;14;Direitos da Cidadania;243;Assistência à Criança e ao Adolescente;4019;Proteção a Crianças e Adolescentes;2157;Administração dos Conselhos Tutelares;CT;Conselho Tutelar;CT - Administração;3;Despesas Correntes;3;Outras Despesas Correntes;90;Aplicações Diretas;39;Locação de Máquinas e Equipamentos;33903900;00.1.500.9001;Recursos não vinculados de Impostos;9;Outras Máquinas e Equipamentos em Geral;1;Outros Serviços de Terceiros - Pessoa Jurídica;34.10.14.243.4019.2157.33903900.00.1.500.9001;990000.0;0.0;990000.0;0.0;0.0;0.0;;500;9001;1;02/03/2026 09:48:55;;00;34;33903900;Contratação PJ com Fins Lucrativos;2157;UND;Contratação de empresa especializada na locação de 364 microcomputadores desktop com garantia, manutenção e suporte, entregues e instalados nos 52 Conselhos Tutelares de São Paulo;1;990000.0
01;PREFEITURA DO MUNICÍPIO DE SÃO PAULO;18561;25348;2026;2;19/02/2026 00:00:00;6074.2021/0007944-9;19428087000120;CLEAN4 SERVICOS GERAIS E ADMINISTRATIVOS EIRELI;16811;2022;34;SMDHC;Secretaria Municipal de Direitos Humanos e Cidadania;10;Gabinete do Secretário;14;Direitos da Cidadania;243;Assistência à Criança e ao Adolescente;4019;Proteção a Crianças e Adolescentes;2157;Administração dos Conselhos Tutelares;CT;Conselho Tutelar;CT - Administração;3;Despesas Correntes;3;Outras Despesas Correntes;90;Aplicações Diretas;39;Limpeza e Conservação;33903900;00.1.500.9001;Recursos não vinculados de Impostos;0;Limpeza de Ambientes;7;Outros Serviços de Terceiros - Pessoa Jurídica;34.10.14.243.4019.2157.33903900.00.1.500.9001;1933312.52;0.0;1933312.52;0.0;0.0;0.0;;500;9001;1;02/03/2026 09:48:55;;00;34;33903900;Contratação PJ com Fins Lucrativos;2157;UN;Termo de Contrato nº 145/SMDHC/2022 - Serviços de Limpeza - Conselho Tutelar - Principal.;1;1933312.52
01;PREFEITURA DO MUNICÍPIO DE SÃO PAULO;18561;25350;2026;2;19/02/2026 00:00:00;6074.2021/0007944-9;19428087000120;CLEAN4 SERVICOS GERAIS E ADMINISTRATIVOS EIRELI;16811;2022;34;SMDHC;Secretaria Municipal de Direitos Humanos e Cidadania;10;Gabinete do Secretário;14;Direitos da Cidadania;243;Assistência à Criança e ao Adolescente;4019;Proteção a Crianças e Adolescentes;2157;Administração dos Conselhos Tutelares;CT;Conselho Tutelar;CT - Administração;3;Despesas Correntes;3;Outras Despesas Correntes;90;Aplicações Diretas;39;Limpeza e Conservação;33903900;00.1.500.9001;Recursos não vinculados de Impostos;0;Limpeza de Ambientes;7;Outros Serviços de Terceiros - Pessoa Jurídica;34.10.14.243.4019.2157.33903900.00.1.500.9001;242087.15;0.0;242087.15;0.0;0.0;0.0;;500;9001;1;02/03/2026 09:48:55;;00;34;33903900;Contratação PJ com Fins Lucrativos;2157;UN;Termo de Contrato nº 145/SMDHC/2022 - Serviços de Limpeza - Conselho Tutelar - Reajuste.;1;242087.15
01;PREFEITURA DO MUNICÍPIO DE SÃO PAULO;18539;25355;2026;2;19/02/2026 00:00:00;6074.2024/0003943-4;35147368000161;MINERVA ENGENHARIA LTDA;27770;2024;34;SMDHC;Secretaria Municipal de Direitos Humanos e Cidadania;10;Gabinete do Secretário;14;Direitos da Cidadania;243;Assistência à Criança e ao Adolescente;4019;Proteção a Crianças e Adolescentes;2157;Administração dos Conselhos Tutelares;CT;Conselho Tutelar;CT - Administração;3;Despesas Correntes;3;Outras Despesas Correntes;90;Aplicações Diretas;39;Serviço de Apoio Administrativo, Técnico e Operacional;33903900;00.1.500.9001;Recursos não vinculados de Impostos;9;Outros Serviços de Apoio Administrativo, Técnico e Operacional;7;Outros Serviços de Terceiros - Pessoa Jurídica;34.10.14.243.4019.2157.33903900.00.1.500.9001;26108.5;0.0;26108.5;0.0;0.0;0.0;;500;9001;1;02/03/2026 09:48:55;;00;34;33903900;Contratação PJ com Fins Lucrativos;2157;UND;Prestação de Serviços, sob demanda, de empresa especializada para elaboração de laudo de avaliação de locação de imóveis - Principal  (período de 01/01/2026 a 25/08/2026);1;26108.5
01;PREFEITURA DO MUNICÍPIO DE SÃO PAULO;18539;25360;2026;2;19/02/2026 00:00:00;6074.2024/0003943-4;35147368000161;MINERVA ENGENHARIA LTDA;27770;2024;34;SMDHC;Secretaria Municipal de Direitos Humanos e Cidadania;10;Gabinete do Secretário;14;Direitos da Cidadania;243;Assistência à Criança e ao Adolescente;4019;Proteção a Crianças e Adolescentes;2157;Administração dos Conselhos Tutelares;CT;Conselho Tutelar;CT - Administração;3;Despesas Correntes;3;Outras Despesas Correntes;90;Aplicações Diretas;39;Serviço de Apoio Administrativo, Técnico e Operacional;33903900;00.1.500.9001;Recursos não vinculados de Impostos;9;Outros Serviços de Apoio Administrativo, Técnico e Operacional;7;Outros Serviços de Terceiros - Pessoa Jurídica;34.10.14.243.4019.2157.33903900.00.1.500.9001;1357.67;0.0;1357.67;0.0;0.0;0.0;;500;9001;1;02/03/2026 09:48:55;;00;34;33903900;Contratação PJ com Fins Lucrativos;2157;UND;Prestação de Serviços, sob demanda, de empresa especializada para elaboração de laudo de avaliação de locação de imóveis - Reajuste  (período de 01/01/2026 a 25/08/2026);1;1357.67
01;PREFEITURA DO MUNICÍPIO DE SÃO PAULO;16292;25452;2026;2;19/02/2026 00:00:00;6048.2017/0000022-3;09240541000161;VENTURA EMPREENDIMENTOS E PARTICIPACOES LTDA;-1;-1;34;SMDHC;Secretaria Municipal de Direitos Humanos e Cidadania;10;Gabinete do Secretário;14;Direitos da Cidadania;243;Assistência à Criança e ao Adolescente;4019;Proteção a Crianças e Adolescentes;2157;Administração dos Conselhos Tutelares;CT;Conselho Tutelar;CT - Administração;3;Despesas Correntes;3;Outras Despesas Correntes;90;Aplicações Diretas;39;Locação de Imóveis;33903900;00.1.500.9001;Recursos não vinculados de Impostos;0;Despesas com Reembolso;1;Outros Serviços de Terceiros - Pessoa Jurídica;34.10.14.243.4019.2157.33903900.00.1.500.9001;286.49;0.0;286.49;286.49;0.0;0.0;;500;9001;1;02/03/2026 09:48:55;;00;34;33903900;Contratação PJ com Fins Lucrativos;2157;UN;Reembolso de Contratação de Seguro Contra Incêndio - CT Cangaíba.;1;286.49
01;PREFEITURA DO MUNICÍPIO DE SÃO PAULO;15028;25456;2026;2;19/02/2026 00:00:00;6074.2021/0005337-7;27404769817;TIEKO YOSHIMOTO SAGA;-1;-1;34;SMDHC;Secretaria Municipal de Direitos Humanos e Cidadania;10;Gabinete do Secretário;14;Direitos da Cidadania;243;Assistência à Criança e ao Adolescente;4019;Proteção a Crianças e Adolescentes;2157;Administração dos Conselhos Tutelares;CT;Conselho Tutelar;CT - Administração;3;Despesas Correntes;3;Outras Despesas Correntes;90;Aplicações Diretas;36;Locação de Imóveis;33903600;00.1.500.9001;Recursos não vinculados de Impostos;0;Locação de Imóveis;1;Outros Serviços de Terceiros - Pessoa Física;34.10.14.243.4019.2157.33903600.00.1.500.9001;22231.94;0.0;22231.94;0.0;0.0;0.0;;500;9001;1;02/03/2026 09:48:55;;00;34;33903600;Contratação PF;2157;UN;Locação de Imóvel - Conselho Tutelar Ermelino Matarazzo - Principal (19/abril a dezembro).;1;22231.94
01;PREFEITURA DO MUNICÍPIO DE SÃO PAULO;15028;25459;2026;2;19/02/2026 00:00:00;6074.2021/0005337-7;27404769817;TIEKO YOSHIMOTO SAGA;-1;-1;34;SMDHC;Secretaria Municipal de Direitos Humanos e Cidadania;10;Gabinete do Secretário;14;Direitos da Cidadania;243;Assistência à Criança e ao Adolescente;4019;Proteção a Crianças e Adolescentes;2157;Administração dos Conselhos Tutelares;CT;Conselho Tutelar;CT - Administração;3;Despesas Correntes;3;Outras Despesas Correntes;90;Aplicações Diretas;36;Locação de Imóveis;33903600;00.1.500.9001;Recursos não vinculados de Impostos;0;Locação de Imóveis;1;Outros Serviços de Terceiros - Pessoa Física;34.10.14.243.4019.2157.33903600.00.1.500.9001;3480.57;0.0;3480.57;0.0;0.0;0.0;;500;9001;1;02/03/2026 09:48:55;;00;34;33903600;Contratação PF;2157;UN;Locação de Imóvel - Conselho Tutelar Ermelino Matarazzo - Reajuste Estimado (19/abril a dezembro).;1;3480.57
01;PREFEITURA DO MUNICÍPIO DE SÃO PAULO;15028;25460;2026;2;19/02/2026 00:00:00;6074.2021/0005337-7;59872454868;MASATOSHI SAGA;-1;-1;34;SMDHC;Secretaria Municipal de Direitos Humanos e Cidadania;10;Gabinete do Secretário;14;Direitos da Cidadania;243;Assistência à Criança e ao Adolescente;4019;Proteção a Crianças e Adolescentes;2157;Administração dos Conselhos Tutelares;CT;Conselho Tutelar;CT - Administração;3;Despesas Correntes;3;Outras Despesas Correntes;90;Aplicações Diretas;36;Locação de Imóveis;33903600;00.1.500.9001;Recursos não vinculados de Impostos;0;Locação de Imóveis;1;Outros Serviços de Terceiros - Pessoa Física;34.10.14.243.4019.2157.33903600.00.1.500.9001;22232.03;0.0;22232.03;0.0;0.0;0.0;;500;9001;1;02/03/2026 09:48:55;;00;34;33903600;Contratação PF;2157;UN;"Locação de Imóvel - Conselho Tutelar Ermelino Matarazzo - Principal (19/abril a dezembro).
";1;22232.03
01;PREFEITURA DO MUNICÍPIO DE SÃO PAULO;15028;25462;2026;2;19/02/2026 00:00:00;6074.2021/0005337-7;59872454868;MASATOSHI SAGA;-1;-1;34;SMDHC;Secretaria Municipal de Direitos Humanos e Cidadania;10;Gabinete do Secretário;14;Direitos da Cidadania;243;Assistência à Criança e ao Adolescente;4019;Proteção a Crianças e Adolescentes;2157;Administração dos Conselhos Tutelares;CT;Conselho Tutelar;CT - Administração;3;Despesas Correntes;3;Outras Despesas Correntes;90;Aplicações Diretas;36;Locação de Imóveis;33903600;00.1.500.9001;Recursos não vinculados de Impostos;0;Locação de Imóveis;1;Outros Serviços de Terceiros - Pessoa Física;34.10.14.243.4019.2157.33903600.00.1.500.9001;3480.57;0.0;3480.57;0.0;0.0;0.0;;500;9001;1;02/03/2026 09:48:55;;00;34;33903600;Contratação PF;2157;UN;Locação de Imóvel - Conselho Tutelar Ermelino Matarazzo - Reajuste Estimado (19/abril a dezembro).;1;3480.57
01;PREFEITURA DO MUNICÍPIO DE SÃO PAULO;11641;25469;2026;2;19/02/2026 00:00:00;6074.2022/0005930-0;81212429834;SILVIA MARIA PALMAGNANI;-1;-1;34;SMDHC;Secretaria Municipal de Direitos Humanos e Cidadania;10;Gabinete do Secretário;14;Direitos da Cidadania;243;Assistência à Criança e ao Adolescente;4019;Proteção a Crianças e Adolescentes;2157;Administração dos Conselhos Tutelares;CT;Conselho Tutelar;CT - Administração;3;Despesas Correntes;3;Outras Despesas Correntes;90;Aplicações Diretas;36;Locação de Imóveis;33903600;00.1.500.9001;Recursos não vinculados de Impostos;0;Locação de Imóveis;1;Outros Serviços de Terceiros - Pessoa Física;34.10.14.243.4019.2157.33903600.00.1.500.9001;34666.67;0.0;34666.67;0.0;0.0;0.0;;500;9001;1;02/03/2026 09:48:55;;00;34;33903600;Contratação PF;2157;UND;"Locação destinada às instalações do Conselho Tutelar Jaraguá - Principal (período de 11/04/2026 a 31/12/2026)
";1;34666.67
01;PREFEITURA DO MUNICÍPIO DE SÃO PAULO;11641;25475;2026;2;19/02/2026 00:00:00;6074.2022/0005930-0;81212429834;SILVIA MARIA PALMAGNANI;-1;-1;34;SMDHC;Secretaria Municipal de Direitos Humanos e Cidadania;10;Gabinete do Secretário;14;Direitos da Cidadania;243;Assistência à Criança e ao Adolescente;4019;Proteção a Crianças e Adolescentes;2157;Administração dos Conselhos Tutelares;CT;Conselho Tutelar;CT - Administração;3;Despesas Correntes;3;Outras Despesas Correntes;90;Aplicações Diretas;36;Locação de Imóveis;33903600;00.1.500.9001;Recursos não vinculados de Impostos;0;Locação de Imóveis;1;Outros Serviços de Terceiros - Pessoa Física;34.10.14.243.4019.2157.33903600.00.1.500.9001;5639.59;0.0;5639.59;0.0;0.0;0.0;;500;9001;1;02/03/2026 09:48:55;;00;34;33903600;Contratação PF;2157;UND;"Locação destinada às instalações do Conselho Tutelar Jaraguá - Reajuste Estimado (período de 11/04/2026 a 31/12/2026)
";1;5639.59
01;PREFEITURA DO MUNICÍPIO DE SÃO PAULO;18562;25925;2026;2;23/02/2026 00:00:00;6074.2024/0002517-4;11766695000133;SOLITA TECNOLOGIA E SERVICOS EMPRESARIAIS LTDA;32863;2024;34;SMDHC;Secretaria Municipal de Direitos Humanos e Cidadania;10;Gabinete do Secretário;14;Direitos da Cidadania;243;Assistência à Criança e ao Adolescente;4019;Proteção a Crianças e Adolescentes;2157;Administração dos Conselhos Tutelares;CT;Conselho Tutelar;CT - Administração;3;Despesas Correntes;3;Outras Despesas Correntes;90;Aplicações Diretas;39;Serviço de Apoio Administrativo, Técnico e Operacional;33903900;00.1.500.9001;Recursos não vinculados de Impostos;0;Serviços de Recepção e Portaria;7;Outros Serviços de Terceiros - Pessoa Jurídica;34.10.14.243.4019.2157.33903900.00.1.500.9001;2361299.4;0.0;2361299.4;196774.95;0.0;0.0;;500;9001;1;02/03/2026 09:48:55;;00;34;33903900;Contratação PJ com Fins Lucrativos;2157;uni;"Contratação de empresa especializada para prestação de serviço de RECEPÇÃO para a sede dos 52 (Cinquenta e dois) Conselhos
Tutelares do Município de São Paulo (52 recepcionistas e 01 Encarregado) - Principal.";1;2361299.4
01;PREFEITURA DO MUNICÍPIO DE SÃO PAULO;18562;25927;2026;2;23/02/2026 00:00:00;6074.2024/0002517-4;11766695000133;SOLITA TECNOLOGIA E SERVICOS EMPRESARIAIS LTDA;32863;2024;34;SMDHC;Secretaria Municipal de Direitos Humanos e Cidadania;10;Gabinete do Secretário;14;Direitos da Cidadania;243;Assistência à Criança e ao Adolescente;4019;Proteção a Crianças e Adolescentes;2157;Administração dos Conselhos Tutelares;CT;Conselho Tutelar;CT - Administração;3;Despesas Correntes;3;Outras Despesas Correntes;90;Aplicações Diretas;39;Serviço de Apoio Administrativo, Técnico e Operacional;33903900;00.1.500.9001;Recursos não vinculados de Impostos;0;Serviços de Recepção e Portaria;7;Outros Serviços de Terceiros - Pessoa Jurídica;34.10.14.243.4019.2157.33903900.00.1.500.9001;189535.8;0.0;189535.8;15794.65;0.0;0.0;;500;9001;1;02/03/2026 09:48:55;;00;34;33903900;Contratação PJ com Fins Lucrativos;2157;uni;Prestação de Serviços de RECEPÇÃO para as sedes dos 52 (cinquenta e dois) Conselhos Tutelares do Município de São Paulo. - Reajuste por Repactuação.;1;189535.8
01;PREFEITURA DO MUNICÍPIO DE SÃO PAULO;17010;26211;2026;2;23/02/2026 00:00:00;6060.2019/0002420-2;08255716000141;EVIDENCIA CORRETORA DE IMOVEIS E SEGUROS LTDA;-1;-1;34;SMDHC;Secretaria Municipal de Direitos Humanos e Cidadania;10;Gabinete do Secretário;14;Direitos da Cidadania;243;Assistência à Criança e ao Adolescente;4019;Proteção a Crianças e Adolescentes;2157;Administração dos Conselhos Tutelares;CT;Conselho Tutelar;CT - Administração;3;Despesas Correntes;3;Outras Despesas Correntes;90;Aplicações Diretas;39;Locação de Imóveis;33903900;00.1.500.9001;Recursos não vinculados de Impostos;0;Despesas com Reembolso;1;Outros Serviços de Terceiros - Pessoa Jurídica;34.10.14.243.4019.2157.33903900.00.1.500.9001;269.18;0.0;269.18;0.0;0.0;0.0;;500;9001;1;02/03/2026 09:48:55;;00;34;33903900;Contratação PJ com Fins Lucrativos;2157;uni;Contrato de Locação nº 024/SUB-VP/2019 - imóvel destinado a instalação do Conselho Tutelar Vila Prudente - Reembolso de Contratação de Seguro Contra Incêndio com vigência a partir DAS 24H do dia 09/11/2025 às 24H de 09/11/2026.;1;269.18
01;PREFEITURA DO MUNICÍPIO DE SÃO PAULO;19456;26273;2026;2;23/02/2026 00:00:00;6074.2020/0002957-1;03589089000161;MFC  CONSULTORIA E ASSESSORIA EMPRESARIAL LTDA;18241;2020;34;SMDHC;Secretaria Municipal de Direitos Humanos e Cidadania;10;Gabinete do Secretário;14;Direitos da Cidadania;422;Direitos Individuais, Coletivos e Difusos;4025;Políticas para Mulheres;2053;Manutenção e Operação da Casa da Mulher Brasileira;CPM;Mulheres;CPM - Casa da Mulher Brasileira;3;Despesas Correntes;3;Outras Despesas Correntes;90;Aplicações Diretas;39;Serviços Técnicos Profissionais;33903900;00.1.500.9001;Recursos não vinculados de Impostos;1;Supervisão, Acompanhamento e Suporte de Serviços Técnicos;0;Outros Serviços de Terceiros - Pessoa Jurídica;34.10.14.422.4025.2053.33903900.00.1.500.9001;117433.33;0.0;117433.33;0.0;0.0;0.0;;500;9001;1;02/03/2026 09:48:55;;00;34;33903900;Contratação PJ com Fins Lucrativos;2053;und;Termo de Contrato 051/SMDHC/2020 - Tecnologia de Informação para 02 (dois) postos de serviço na Casa da Mulher Brasileira - Principal;1;117433.33
01;PREFEITURA DO MUNICÍPIO DE SÃO PAULO;19456;26274;2026;2;23/02/2026 00:00:00;6074.2020/0002957-1;03589089000161;MFC  CONSULTORIA E ASSESSORIA EMPRESARIAL LTDA;18241;2020;34;SMDHC;Secretaria Municipal de Direitos Humanos e Cidadania;10;Gabinete do Secretário;14;Direitos da Cidadania;422;Direitos Individuais, Coletivos e Difusos;4025;Políticas para Mulheres;2053;Manutenção e Operação da Casa da Mulher Brasileira;CPM;Mulheres;CPM - Casa da Mulher Brasileira;3;Despesas Correntes;3;Outras Despesas Correntes;90;Aplicações Diretas;39;Serviços Técnicos Profissionais;33903900;00.1.500.9001;Recursos não vinculados de Impostos;1;Supervisão, Acompanhamento e Suporte de Serviços Técnicos;0;Outros Serviços de Terceiros - Pessoa Jurídica;34.10.14.422.4025.2053.33903900.00.1.500.9001;36512.83;0.0;36512.83;0.0;0.0;0.0;;500;9001;1;02/03/2026 09:48:55;;00;34;33903900;Contratação PJ com Fins Lucrativos;2053;UND;Termo de Contrato 051/SMDHC/2020 - Tecnologia de Informação para 02 (dois) postos de serviço na Casa da Mulher Brasileira - Reajuste;1;36512.83
01;PREFEITURA DO MUNICÍPIO DE SÃO PAULO;19476;26275;2026;2;23/02/2026 00:00:00;6074.2023/0001373-5;05070948000137;ACJS SANEAMENTO E CONTROLE AMBIENTAL LTDA.;6212;2023;34;SMDHC;Secretaria Municipal de Direitos Humanos e Cidadania;10;Gabinete do Secretário;14;Direitos da Cidadania;422;Direitos Individuais, Coletivos e Difusos;4025;Políticas para Mulheres;2053;Manutenção e Operação da Casa da Mulher Brasileira;CPM;Mulheres;CPM - Casa da Mulher Brasileira;3;Despesas Correntes;3;Outras Despesas Correntes;90;Aplicações Diretas;39;Limpeza e Conservação;33903900;00.1.500.9001;Recursos não vinculados de Impostos;0;Limpeza de Reservatórios de Água;7;Outros Serviços de Terceiros - Pessoa Jurídica;34.10.14.422.4025.2053.33903900.00.1.500.9001;320.0;320.0;0.0;0.0;0.0;0.0;;500;9001;1;02/03/2026 09:48:55;;00;34;33903900;Contratação PJ com Fins Lucrativos;2053;UND;"TC 067/SMDHC/2024 - Prestação de serviços de limpeza e desinfecção de reservatório predial - CMB
";1;320.0
01;PREFEITURA DO MUNICÍPIO DE SÃO PAULO;19592;26395;2026;2;24/02/2026 00:00:00;6074.2024/0002651-0;00495124000195;MR COMPUTER INFORMATICA LTDA;22235;2024;34;SMDHC;Secretaria Municipal de Direitos Humanos e Cidadania;10;Gabinete do Secretário;14;Direitos da Cidadania;126;Tecnologia da Informação;4001;Suporte Administrativo;2171;Manutenção e Operação de Sistemas de Informação e Comunicação;DTIC;Tecnologia;DTIC - Manutenção;3;Despesas Correntes;3;Outras Despesas Correntes;90;Aplicações Diretas;40;Locação de Equipamentos de TIC - Impressoras;33904000;00.1.500.9001;Recursos não vinculados de Impostos;0;Locação de Equipamentos - Impressoras;0;Serviços de Tecnologia da Informação e Comunicação - Pessoa Jurídica;34.10.14.126.4001.2171.33904000.00.1.500.9001;98000.0;0.0;98000.0;0.0;0.0;0.0;;500;9001;1;02/03/2026 09:48:55;;00;34;33904000;Serviços de Tecnologia da Informação e Comunicação - PJ;2171;UND;Contratação de empresa especializada para a prestação de Serviços de Impressão Corporativa.;1;98000.0
01;PREFEITURA DO MUNICÍPIO DE SÃO PAULO;19469;26397;2026;2;24/02/2026 00:00:00;6074.2020/0005729-0;28813283000100;PRIORATO ENGENHARIA LTDA;6410;2021;34;SMDHC;Secretaria Municipal de Direitos Humanos e Cidadania;10;Gabinete do Secretário;14;Direitos da Cidadania;422;Direitos Individuais, Coletivos e Difusos;4025;Políticas para Mulheres;2053;Manutenção e Operação da Casa da Mulher Brasileira;CPM;Mulheres;CPM - Casa da Mulher Brasileira;3;Despesas Correntes;3;Outras Despesas Correntes;90;Aplicações Diretas;39;Manutenção e Conservação de Bens Imóveis;33903900;00.1.500.9001;Recursos não vinculados de Impostos;1;Manutenção e Conservação de Bens Imóveis;1;Outros Serviços de Terceiros - Pessoa Jurídica;34.10.14.422.4025.2053.33903900.00.1.500.9001;74474.9;0.0;74474.9;0.0;0.0;0.0;;500;9001;1;02/03/2026 09:48:55;;00;34;33903900;Contratação PJ com Fins Lucrativos;2053;und;Contrato nº 018/SMDHC/2021 - Contratação de uma empresa especializada na prestação de serviços de manutenção predial -Principal até  08/04/206;1;74474.9
01;PREFEITURA DO MUNICÍPIO DE SÃO PAULO;19469;26405;2026;2;24/02/2026 00:00:00;6074.2020/0005729-0;28813283000100;PRIORATO ENGENHARIA LTDA;6410;2021;34;SMDHC;Secretaria Municipal de Direitos Humanos e Cidadania;10;Gabinete do Secretário;14;Direitos da Cidadania;422;Direitos Individuais, Coletivos e Difusos;4025;Políticas para Mulheres;2053;Manutenção e Operação da Casa da Mulher Brasileira;CPM;Mulheres;CPM - Casa da Mulher Brasileira;3;Despesas Correntes;3;Outras Despesas Correntes;90;Aplicações Diretas;39;Manutenção e Conservação de Bens Imóveis;33903900;00.1.500.9001;Recursos não vinculados de Impostos;1;Manutenção e Conservação de Bens Imóveis;1;Outros Serviços de Terceiros - Pessoa Jurídica;34.10.14.422.4025.2053.33903900.00.1.500.9001;18222.95;0.0;18222.95;0.0;0.0;0.0;;500;9001;1;02/03/2026 09:48:55;;00;34;33903900;Contratação PJ com Fins Lucrativos;2053;und;Contrato nº 018/SMDHC/2021 - Contratação de uma empresa especializada na prestação de serviços de manutenção predial-Principal até  08/04/2026.;1;18222.95
01;PREFEITURA DO MUNICÍPIO DE SÃO PAULO;19470;26411;2026;2;24/02/2026 00:00:00;6074.2020/0005729-0;28813283000100;PRIORATO ENGENHARIA LTDA;10319;2021;34;SMDHC;Secretaria Municipal de Direitos Humanos e Cidadania;10;Gabinete do Secretário;14;Direitos da Cidadania;422;Direitos Individuais, Coletivos e Difusos;4025;Políticas para Mulheres;2053;Manutenção e Operação da Casa da Mulher Brasileira;CPM;Mulheres;CPM - Casa da Mulher Brasileira;3;Despesas Correntes;3;Outras Despesas Correntes;90;Aplicações Diretas;30;Material para Manutenção de Bens Imóveis;33903000;00.1.500.9001;Recursos não vinculados de Impostos;9;Diversos Materiais para Manutenção de Bens Imóveis;2;Material de Consumo;34.10.14.422.4025.2053.33903000.00.1.500.9001;21503.56;0.0;21503.56;0.0;0.0;0.0;;500;9001;1;02/03/2026 09:48:55;;00;34;33903000;Material de Consumo;2053;und;Contrato nº 018/SMDHC/2021 - Contratação de uma empresa especializada na prestação de serviços de manutenção predial -Reembolso de Materiais até 08/04/2026;1;21503.56
01;PREFEITURA DO MUNICÍPIO DE SÃO PAULO;19618;26415;2026;2;24/02/2026 00:00:00;6074.2023/0006796-7;00495124000195;MR COMPUTER INFORMATICA LTDA;26119;2023;34;SMDHC;Secretaria Municipal de Direitos Humanos e Cidadania;10;Gabinete do Secretário;14;Direitos da Cidadania;126;Tecnologia da Informação;4001;Suporte Administrativo;2171;Manutenção e Operação de Sistemas de Informação e Comunicação;DTIC;Tecnologia;DTIC - Manutenção;3;Despesas Correntes;3;Outras Despesas Correntes;90;Aplicações Diretas;40;Locação de Equipamentos de TIC - Impressoras;33904000;00.1.500.9001;Recursos não vinculados de Impostos;0;Locação de Equipamentos - Impressoras;0;Serviços de Tecnologia da Informação e Comunicação - Pessoa Jurídica;34.10.14.126.4001.2171.33904000.00.1.500.9001;96000.0;0.0;96000.0;0.0;0.0;0.0;;500;9001;1;02/03/2026 09:48:55;;00;34;33904000;Serviços de Tecnologia da Informação e Comunicação - PJ;2171;UND;Contratação de empresa especializada em locação de impressoras corporativas - Até 28.08;1;96000.0
01;PREFEITURA DO MUNICÍPIO DE SÃO PAULO;19618;26477;2026;2;24/02/2026 00:00:00;6074.2023/0006796-7;00495124000195;MR COMPUTER INFORMATICA LTDA;26119;2023;34;SMDHC;Secretaria Municipal de Direitos Humanos e Cidadania;10;Gabinete do Secretário;14;Direitos da Cidadania;126;Tecnologia da Informação;4001;Suporte Administrativo;2171;Manutenção e Operação de Sistemas de Informação e Comunicação;DTIC;Tecnologia;DTIC - Manutenção;3;Despesas Correntes;3;Outras Despesas Correntes;90;Aplicações Diretas;40;Locação de Equipamentos de TIC - Impressoras;33904000;00.1.500.9001;Recursos não vinculados de Impostos;0;Locação de Equipamentos - Impressoras;0;Serviços de Tecnologia da Informação e Comunicação - Pessoa Jurídica;34.10.14.126.4001.2171.33904000.00.1.500.9001;8000.0;0.0;8000.0;0.0;0.0;0.0;;500;9001;1;02/03/2026 09:48:55;;00;34;33904000;Serviços de Tecnologia da Informação e Comunicação - PJ;2171;UND;Contratação de empresa especializada em locação de impressoras corporativas - Até 28.08 (Reajuste).;1;8000.0
01;PREFEITURA DO MUNICÍPIO DE SÃO PAULO;19676;26486;2026;2;24/02/2026 00:00:00;6074.2021/0007518-4;16897295000180;MJ TECNOLOGIA DO BRASIL LTDA;4726;2022;34;SMDHC;Secretaria Municipal de Direitos Humanos e Cidadania;10;Gabinete do Secretário;14;Direitos da Cidadania;126;Tecnologia da Informação;4001;Suporte Administrativo;2171;Manutenção e Operação de Sistemas de Informação e Comunicação;DTIC;Tecnologia;DTIC - Manutenção;3;Despesas Correntes;3;Outras Despesas Correntes;90;Aplicações Diretas;40;Locação de Equipamentos de TIC - Computadores;33904000;00.1.500.9001;Recursos não vinculados de Impostos;0;Locação de Equipamentos - Computadores;0;Serviços de Tecnologia da Informação e Comunicação - Pessoa Jurídica;34.10.14.126.4001.2171.33904000.00.1.500.9001;23736.49;0.0;23736.49;0.0;0.0;0.0;;500;9001;1;02/03/2026 09:48:55;;00;34;33904000;Serviços de Tecnologia da Informação e Comunicação - PJ;2171;UND;Termo de Contrato 030/SMDHC/2022 - Locação de Computadores - Retroativo.;1;23736.49
01;PREFEITURA DO MUNICÍPIO DE SÃO PAULO;19676;26487;2026;2;24/02/2026 00:00:00;6074.2021/0007518-4;16897295000180;MJ TECNOLOGIA DO BRASIL LTDA;4726;2022;34;SMDHC;Secretaria Municipal de Direitos Humanos e Cidadania;10;Gabinete do Secretário;14;Direitos da Cidadania;126;Tecnologia da Informação;4001;Suporte Administrativo;2171;Manutenção e Operação de Sistemas de Informação e Comunicação;DTIC;Tecnologia;DTIC - Manutenção;3;Despesas Correntes;3;Outras Despesas Correntes;90;Aplicações Diretas;40;Locação de Equipamentos de TIC - Computadores;33904000;00.1.500.9001;Recursos não vinculados de Impostos;0;Locação de Equipamentos - Computadores;0;Serviços de Tecnologia da Informação e Comunicação - Pessoa Jurídica;34.10.14.126.4001.2171.33904000.00.1.500.9001;3375.38;0.0;3375.38;0.0;0.0;0.0;;500;9001;1;02/03/2026 09:48:55;;00;34;33904000;Serviços de Tecnologia da Informação e Comunicação - PJ;2171;UND;Termo de Contrato 030/SMDHC/2022 - Locação de Computadores - Retroativo (Reajuste).;1;3375.38
01;PREFEITURA DO MUNICÍPIO DE SÃO PAULO;19687;26500;2026;2;23/02/2026 00:00:00;6074.2024/0000430-4;00410317000000;FOLHA DE PAGAMENTO - CONSELHEIROS TUTELARES;-1;-1;34;SMDHC;Secretaria Municipal de Direitos Humanos e Cidadania;10;Gabinete do Secretário;14;Direitos da Cidadania;243;Assistência à Criança e ao Adolescente;4019;Proteção a Crianças e Adolescentes;2157;Administração dos Conselhos Tutelares;CT;Conselho Tutelar;CT - Administração;3;Despesas Correntes;1;Pessoal e Encargos Sociais;90;Aplicações Diretas;11;Remuneração por Participação em Órgãos de Deliberação Coletiva;31901100;00.1.500.9001;Recursos não vinculados de Impostos;0;Remuneração de Conselheiros Tutelares - RGPS;7;Vencimentos e Vantagens Fixas - Pessoal Civil;34.10.14.243.4019.2157.31901100.00.1.500.9001;1303177.11;0.0;1303177.11;1303177.11;0.0;0.0;;500;9001;1;02/03/2026 09:48:55;;00;34;31901100;Vencimentos e Vantagens Fixas - Pessoa Civil;2157;1;Anexo da Nota de empenho - Folha de Pagamento;1;1303177.11
01;PREFEITURA DO MUNICÍPIO DE SÃO PAULO;19689;26501;2026;2;23/02/2026 00:00:00;6074.2024/0000430-4;00410317000000;FOLHA DE PAGAMENTO - CONSELHEIROS TUTELARES;-1;-1;34;SMDHC;Secretaria Municipal de Direitos Humanos e Cidadania;10;Gabinete do Secretário;14;Direitos da Cidadania;243;Assistência à Criança e ao Adolescente;4019;Proteção a Crianças e Adolescentes;2157;Administração dos Conselhos Tutelares;CT;Conselho Tutelar;CT - Administração;3;Despesas Correntes;1;Pessoal e Encargos Sociais;90;Aplicações Diretas;11;Férias - Abono Constitucional;31901100;00.1.500.9001;Recursos não vinculados de Impostos;0;Férias - Abono 1/3 Constitucional - Conselheiro Tutelar - RGPS;4;Vencimentos e Vantagens Fixas - Pessoal Civil;34.10.14.243.4019.2157.31901100.00.1.500.9001;1505.26;0.0;1505.26;1505.26;0.0;0.0;;500;9001;1;02/03/2026 09:48:55;;00;34;31901100;Vencimentos e Vantagens Fixas - Pessoa Civil;2157;1;Anexo da Nota de empenho - Folha de Pagamento;1;1505.26
01;PREFEITURA DO MUNICÍPIO DE SÃO PAULO;19690;26502;2026;2;23/02/2026 00:00:00;6074.2024/0000430-4;00410317000000;FOLHA DE PAGAMENTO - CONSELHEIROS TUTELARES;-1;-1;34;SMDHC;Secretaria Municipal de Direitos Humanos e Cidadania;10;Gabinete do Secretário;14;Direitos da Cidadania;243;Assistência à Criança e ao Adolescente;4019;Proteção a Crianças e Adolescentes;2157;Administração dos Conselhos Tutelares;CT;Conselho Tutelar;CT - Administração;3;Despesas Correntes;1;Pessoal e Encargos Sociais;90;Aplicações Diretas;11;Férias - Pagamento Antecipado;31901100;00.1.500.9001;Recursos não vinculados de Impostos;0;Férias - Adicional 1/3 - Conselheiro Tutelar RGPS;4;Vencimentos e Vantagens Fixas - Pessoal Civil;34.10.14.243.4019.2157.31901100.00.1.500.9001;46663.06;0.0;46663.06;46663.06;0.0;0.0;;500;9001;1;02/03/2026 09:48:55;;00;34;31901100;Vencimentos e Vantagens Fixas - Pessoa Civil;2157;1;Anexo da Nota de empenho - Folha de Pagamento;1;46663.06
01;PREFEITURA DO MUNICÍPIO DE SÃO PAULO;19691;26503;2026;2;23/02/2026 00:00:00;6074.2024/0000430-4;00410317000000;FOLHA DE PAGAMENTO - CONSELHEIROS TUTELARES;-1;-1;34;SMDHC;Secretaria Municipal de Direitos Humanos e Cidadania;10;Gabinete do Secretário;14;Direitos da Cidadania;243;Assistência à Criança e ao Adolescente;4019;Proteção a Crianças e Adolescentes;2157;Administração dos Conselhos Tutelares;CT;Conselho Tutelar;CT - Administração;3;Despesas Correntes;3;Outras Despesas Correntes;90;Aplicações Diretas;46;Indenização Auxílio-Alimentação - Conselheiros Tutelares;33904600;00.1.500.9001;Recursos não vinculados de Impostos;0;Auxílio-Refeição - Conselheiros Tutelares - RGPS;0;Auxílio-Alimentação;34.10.14.243.4019.2157.33904600.00.1.500.9001;140723.86;0.0;140723.86;140723.86;0.0;0.0;;500;9001;1;02/03/2026 09:48:55;;00;34;33904600;Auxílio - Alimentação;2157;1;Anexo da Nota de empenho - Folha de Pagamento;1;140723.86
01;PREFEITURA DO MUNICÍPIO DE SÃO PAULO;19692;26504;2026;2;23/02/2026 00:00:00;6074.2024/0000430-4;00410317000000;FOLHA DE PAGAMENTO - CONSELHEIROS TUTELARES;-1;-1;34;SMDHC;Secretaria Municipal de Direitos Humanos e Cidadania;10;Gabinete do Secretário;14;Direitos da Cidadania;243;Assistência à Criança e ao Adolescente;4019;Proteção a Crianças e Adolescentes;2157;Administração dos Conselhos Tutelares;CT;Conselho Tutelar;CT - Administração;3;Despesas Correntes;3;Outras Despesas Correntes;90;Aplicações Diretas;46;Indenização Auxílio-Alimentação - Conselheiros Tutelares;33904600;00.1.500.9001;Recursos não vinculados de Impostos;0;Auxílio-Alimentação - Conselheiros Tutelares - RGPS;0;Auxílio-Alimentação;34.10.14.243.4019.2157.33904600.00.1.500.9001;209634.82;0.0;209634.82;209634.82;0.0;0.0;;500;9001;1;02/03/2026 09:48:55;;00;34;33904600;Auxílio - Alimentação;2157;1;Anexo da Nota de empenho - Folha de Pagamento;1;209634.82
01;PREFEITURA DO MUNICÍPIO DE SÃO PAULO;19694;26509;2026;2;24/02/2026 00:00:00;6074.2024/0004291-5;43076702000161;EMPRESA DE TECNOLOGIA DA INFORMACAO E COMUNICACAO DO MUNICIPIO DE SAO PAULO  PRODAMSP SA;30364;2024;34;SMDHC;Secretaria Municipal de Direitos Humanos e Cidadania;10;Gabinete do Secretário;14;Direitos da Cidadania;126;Tecnologia da Informação;4001;Suporte Administrativo;2171;Manutenção e Operação de Sistemas de Informação e Comunicação;DTIC;Tecnologia;DTIC - Manutenção;3;Despesas Correntes;3;Outras Despesas Correntes;90;Aplicações Diretas;40;Comunicação de Dados;33904000;00.1.500.9001;Recursos não vinculados de Impostos;9;Outros Serviços de Comunicação de Dados;1;Serviços de Tecnologia da Informação e Comunicação - Pessoa Jurídica;34.10.14.126.4001.2171.33904000.00.1.500.9001;1231307.01;0.0;1231307.01;136524.43;0.0;0.0;;500;9001;1;02/03/2026 09:48:55;;00;34;33904000;Serviços de Tecnologia da Informação e Comunicação - PJ;2171;UND;TC 262/SMDHC/2024 - Prestação de Serviços de Acesso à Rede Corporativa PMSP e Internet SD-WAN para o suporte dos negócios para a Secretaria Municipal de Direitos Humanos e Cidadania - Principal.;1;1231307.01
01;PREFEITURA DO MUNICÍPIO DE SÃO PAULO;19694;26513;2026;2;24/02/2026 00:00:00;6074.2024/0004291-5;43076702000161;EMPRESA DE TECNOLOGIA DA INFORMACAO E COMUNICACAO DO MUNICIPIO DE SAO PAULO  PRODAMSP SA;30364;2024;34;SMDHC;Secretaria Municipal de Direitos Humanos e Cidadania;10;Gabinete do Secretário;14;Direitos da Cidadania;126;Tecnologia da Informação;4001;Suporte Administrativo;2171;Manutenção e Operação de Sistemas de Informação e Comunicação;DTIC;Tecnologia;DTIC - Manutenção;3;Despesas Correntes;3;Outras Despesas Correntes;90;Aplicações Diretas;40;Comunicação de Dados;33904000;00.1.500.9001;Recursos não vinculados de Impostos;9;Outros Serviços de Comunicação de Dados;1;Serviços de Tecnologia da Informação e Comunicação - Pessoa Jurídica;34.10.14.126.4001.2171.33904000.00.1.500.9001;62476.48;0.0;62476.48;7446.94;0.0;0.0;;500;9001;1;02/03/2026 09:48:55;;00;34;33904000;Serviços de Tecnologia da Informação e Comunicação - PJ;2171;UND;TC 262/SMDHC/2024 - Prestação de Serviços de Acesso à Rede Corporativa PMSP e Internet SD-WAN para o suporte dos negócios para a Secretaria Municipal de Direitos Humanos e Cidadania - Reajuste.;1;62476.48
01;PREFEITURA DO MUNICÍPIO DE SÃO PAULO;19711;26531;2026;2;24/02/2026 00:00:00;6074.2023/0003583-6;43076702000161;EMPRESA DE TECNOLOGIA DA INFORMACAO E COMUNICACAO DO MUNICIPIO DE SAO PAULO  PRODAMSP SA;32745;2023;34;SMDHC;Secretaria Municipal de Direitos Humanos e Cidadania;10;Gabinete do Secretário;14;Direitos da Cidadania;126;Tecnologia da Informação;4001;Suporte Administrativo;2171;Manutenção e Operação de Sistemas de Informação e Comunicação;DTIC;Tecnologia;DTIC - Manutenção;3;Despesas Correntes;3;Outras Despesas Correntes;90;Aplicações Diretas;40;Suporte de Infraestrutura de TIC;33904000;00.1.500.9001;Recursos não vinculados de Impostos;0;Serviços de Suporte de Infraestrutura de TIC;1;Serviços de Tecnologia da Informação e Comunicação - Pessoa Jurídica;34.10.14.126.4001.2171.33904000.00.1.500.9001;2750000.0;0.0;2750000.0;229493.64;0.0;0.0;;500;9001;1;02/03/2026 09:48:55;;00;34;33904000;Serviços de Tecnologia da Informação e Comunicação - PJ;2171;UND;CT 333/SMDHC/2023 - Prestação de Serviços Técnicos Especializados de Tecnologia da Informação para Sustentação de TIC - Principal;1;2750000.0
01;PREFEITURA DO MUNICÍPIO DE SÃO PAULO;19711;26533;2026;2;24/02/2026 00:00:00;6074.2023/0003583-6;43076702000161;EMPRESA DE TECNOLOGIA DA INFORMACAO E COMUNICACAO DO MUNICIPIO DE SAO PAULO  PRODAMSP SA;32745;2023;34;SMDHC;Secretaria Municipal de Direitos Humanos e Cidadania;10;Gabinete do Secretário;14;Direitos da Cidadania;126;Tecnologia da Informação;4001;Suporte Administrativo;2171;Manutenção e Operação de Sistemas de Informação e Comunicação;DTIC;Tecnologia;DTIC - Manutenção;3;Despesas Correntes;3;Outras Despesas Correntes;90;Aplicações Diretas;40;Suporte de Infraestrutura de TIC;33904000;00.1.500.9001;Recursos não vinculados de Impostos;0;Serviços de Suporte de Infraestrutura de TIC;1;Serviços de Tecnologia da Informação e Comunicação - Pessoa Jurídica;34.10.14.126.4001.2171.33904000.00.1.500.9001;95150.0;0.0;95150.0;20783.35;0.0;0.0;;500;9001;1;02/03/2026 09:48:55;;00;34;33904000;Serviços de Tecnologia da Informação e Comunicação - PJ;2171;UND;CT 333/SMDHC/2023 - Prestação de Serviços Técnicos Especializados de Tecnologia da Informação para Sustentação de TIC - Reajuste.;1;95150.0
01;PREFEITURA DO MUNICÍPIO DE SÃO PAULO;19473;26563;2026;2;24/02/2026 00:00:00;6074.2020/0002303-4;54605373000115;RUBY SERVICES TERCEIRIZACAO DE SERVICOS LTDA;16851;2020;34;SMDHC;Secretaria Municipal de Direitos Humanos e Cidadania;10;Gabinete do Secretário;14;Direitos da Cidadania;422;Direitos Individuais, Coletivos e Difusos;4025;Políticas para Mulheres;2053;Manutenção e Operação da Casa da Mulher Brasileira;CPM;Mulheres;CPM - Casa da Mulher Brasileira;3;Despesas Correntes;3;Outras Despesas Correntes;90;Aplicações Diretas;39;Serviços Domésticos;33903900;00.1.500.9001;Recursos não vinculados de Impostos;0;Copeiragem ;4;Outros Serviços de Terceiros - Pessoa Jurídica;34.10.14.422.4025.2053.33903900.00.1.500.9001;129019.18;0.0;129019.18;0.0;0.0;0.0;;500;9001;1;02/03/2026 09:48:55;;00;34;33903900;Contratação PJ com Fins Lucrativos;2053;UN;Serviços contínuos de Copeiragem e Garçonaria para atender a CMB - Principal ;1;129019.18
01;PREFEITURA DO MUNICÍPIO DE SÃO PAULO;19473;26571;2026;2;24/02/2026 00:00:00;6074.2020/0002303-4;54605373000115;RUBY SERVICES TERCEIRIZACAO DE SERVICOS LTDA;16851;2020;34;SMDHC;Secretaria Municipal de Direitos Humanos e Cidadania;10;Gabinete do Secretário;14;Direitos da Cidadania;422;Direitos Individuais, Coletivos e Difusos;4025;Políticas para Mulheres;2053;Manutenção e Operação da Casa da Mulher Brasileira;CPM;Mulheres;CPM - Casa da Mulher Brasileira;3;Despesas Correntes;3;Outras Despesas Correntes;90;Aplicações Diretas;39;Serviços Domésticos;33903900;00.1.500.9001;Recursos não vinculados de Impostos;0;Copeiragem ;4;Outros Serviços de Terceiros - Pessoa Jurídica;34.10.14.422.4025.2053.33903900.00.1.500.9001;40782.89;0.0;40782.89;0.0;0.0;0.0;;500;9001;1;02/03/2026 09:48:55;;00;34;33903900;Contratação PJ com Fins Lucrativos;2053;UN;Serviços contínuos de Copeiragem e Garçonaria para atender a CMB - Reajuste;1;40782.89
01;PREFEITURA DO MUNICÍPIO DE SÃO PAULO;19459;26598;2026;2;24/02/2026 00:00:00;6074.2024/0007343-8;19428087000120;CLEAN4 SERVICOS GERAIS E ADMINISTRATIVOS EIRELI;35367;2024;34;SMDHC;Secretaria Municipal de Direitos Humanos e Cidadania;10;Gabinete do Secretário;14;Direitos da Cidadania;422;Direitos Individuais, Coletivos e Difusos;4025;Políticas para Mulheres;2053;Manutenção e Operação da Casa da Mulher Brasileira;CPM;Mulheres;CPM - Casa da Mulher Brasileira;3;Despesas Correntes;3;Outras Despesas Correntes;90;Aplicações Diretas;39;Limpeza e Conservação;33903900;00.1.500.9001;Recursos não vinculados de Impostos;0;Limpeza de Ambientes;7;Outros Serviços de Terceiros - Pessoa Jurídica;34.10.14.422.4025.2053.33903900.00.1.500.9001;489190.09;0.0;489190.09;0.0;0.0;0.0;;500;9001;1;02/03/2026 09:48:55;;00;34;33903900;Contratação PJ com Fins Lucrativos;2053;UN;Contrato nº 337/SMDHC/2024 - Prestação de Serviços de Limpeza, Asseio e Conservação Predial das áreas internas e externas - CMB - Principal ;1;489190.09
01;PREFEITURA DO MUNICÍPIO DE SÃO PAULO;19467;26599;2026;2;24/02/2026 00:00:00;6074.2024/0007343-8;19428087000120;CLEAN4 SERVICOS GERAIS E ADMINISTRATIVOS EIRELI;35367;2024;34;SMDHC;Secretaria Municipal de Direitos Humanos e Cidadania;10;Gabinete do Secretário;14;Direitos da Cidadania;422;Direitos Individuais, Coletivos e Difusos;4010;Segurança Alimentar e Nutricional;4470;Manutenção e Operação de Centro de Referência de Segurança Alimentar e;SESANA;Segurança Alimentar;SESANA - CRESAN;3;Despesas Correntes;3;Outras Despesas Correntes;90;Aplicações Diretas;39;Limpeza e Conservação;33903900;00.1.500.9001;Recursos não vinculados de Impostos;0;Limpeza de Ambientes;7;Outros Serviços de Terceiros - Pessoa Jurídica;34.10.14.422.4010.4470.33903900.00.1.500.9001;604653.37;0.0;604653.37;0.0;0.0;0.0;;500;9001;1;02/03/2026 09:48:55;;00;34;33903900;Contratação PJ com Fins Lucrativos;4470;UN;Contrato nº 337/SMDHC/2024 - Prestação de Serviços de Limpeza, Asseio e Conservação Predial das áreas internas e externas - CRESAN - Principal ;1;604653.37
01;PREFEITURA DO MUNICÍPIO DE SÃO PAULO;13854;26688;2026;2;24/02/2026 00:00:00;6064.2023/0000277-1;36145599000107;QRX SEGURANCA PATRIMONIAL LTDA;3036;2023;34;SMDHC;Secretaria Municipal de Direitos Humanos e Cidadania;10;Gabinete do Secretário;14;Direitos da Cidadania;422;Direitos Individuais, Coletivos e Difusos;4025;Políticas para Mulheres;6178;Manutenção e Operação de Equipamentos Públicos Voltados ao Atendimento;CPM;Mulheres;CPM - Equipamentos;3;Despesas Correntes;3;Outras Despesas Correntes;90;Aplicações Diretas;37;Vigilância Ostensiva;33903700;00.1.500.9001;Recursos não vinculados de Impostos;9;Vigilância Ostensiva;0;Locação de Mão-de-Obra;34.10.14.422.4025.6178.33903700.00.1.500.9001;52879.2;0.0;52879.2;0.0;0.0;0.0;;500;9001;1;02/03/2026 09:48:55;;00;34;33903700;Locação de Mão de Obra;6178;UND;Termo de Contrato 02/2023/SMDET - Prestação de serviços de vigilância e segurança patrimonial desarmada - Mulheres - jan-fev - Principal;1;52879.2
01;PREFEITURA DO MUNICÍPIO DE SÃO PAULO;13854;26689;2026;2;24/02/2026 00:00:00;6064.2023/0000277-1;36145599000107;QRX SEGURANCA PATRIMONIAL LTDA;3036;2023;34;SMDHC;Secretaria Municipal de Direitos Humanos e Cidadania;10;Gabinete do Secretário;14;Direitos da Cidadania;422;Direitos Individuais, Coletivos e Difusos;4025;Políticas para Mulheres;6178;Manutenção e Operação de Equipamentos Públicos Voltados ao Atendimento;CPM;Mulheres;CPM - Equipamentos;3;Despesas Correntes;3;Outras Despesas Correntes;90;Aplicações Diretas;37;Vigilância Ostensiva;33903700;00.1.500.9001;Recursos não vinculados de Impostos;9;Vigilância Ostensiva;0;Locação de Mão-de-Obra;34.10.14.422.4025.6178.33903700.00.1.500.9001;4335.24;0.0;4335.24;0.0;0.0;0.0;;500;9001;1;02/03/2026 09:48:55;;00;34;33903700;Locação de Mão de Obra;6178;UND;Termo de Contrato 02/2023/SMDET - Prestação de serviços de vigilância e segurança patrimonial desarmada - Mulheres - jan-fev - Reajuste;1;4335.24
01;PREFEITURA DO MUNICÍPIO DE SÃO PAULO;13852;26690;2026;2;24/02/2026 00:00:00;6064.2023/0000277-1;36145599000107;QRX SEGURANCA PATRIMONIAL LTDA;3036;2023;34;SMDHC;Secretaria Municipal de Direitos Humanos e Cidadania;10;Gabinete do Secretário;14;Direitos da Cidadania;422;Direitos Individuais, Coletivos e Difusos;4010;Segurança Alimentar e Nutricional;4470;Manutenção e Operação de Centro de Referência de Segurança Alimentar e;SESANA;Segurança Alimentar;SESANA - CRESAN;3;Despesas Correntes;3;Outras Despesas Correntes;90;Aplicações Diretas;37;Vigilância Ostensiva;33903700;00.1.500.9001;Recursos não vinculados de Impostos;9;Vigilância Ostensiva;0;Locação de Mão-de-Obra;34.10.14.422.4010.4470.33903700.00.1.500.9001;212185.2;0.0;212185.2;0.0;0.0;0.0;;500;9001;1;02/03/2026 09:48:55;;00;34;33903700;Locação de Mão de Obra;4470;UND;Termo de Contrato 02/2023/SMDET - Prestação de serviços de vigilância e segurança patrimonial desarmada - CRESAN's - jan-fev - Principal;1;212185.2
01;PREFEITURA DO MUNICÍPIO DE SÃO PAULO;13852;26691;2026;2;24/02/2026 00:00:00;6064.2023/0000277-1;36145599000107;QRX SEGURANCA PATRIMONIAL LTDA;3036;2023;34;SMDHC;Secretaria Municipal de Direitos Humanos e Cidadania;10;Gabinete do Secretário;14;Direitos da Cidadania;422;Direitos Individuais, Coletivos e Difusos;4010;Segurança Alimentar e Nutricional;4470;Manutenção e Operação de Centro de Referência de Segurança Alimentar e;SESANA;Segurança Alimentar;SESANA - CRESAN;3;Despesas Correntes;3;Outras Despesas Correntes;90;Aplicações Diretas;37;Vigilância Ostensiva;33903700;00.1.500.9001;Recursos não vinculados de Impostos;9;Vigilância Ostensiva;0;Locação de Mão-de-Obra;34.10.14.422.4010.4470.33903700.00.1.500.9001;9413.47;0.0;9413.47;0.0;0.0;0.0;;500;9001;1;02/03/2026 09:48:55;;00;34;33903700;Locação de Mão de Obra;4470;UND;Termo de Contrato 02/2023/SMDET - Prestação de serviços de vigilância e segurança patrimonial desarmada - CRESAN's - jan-fev - Reajuste;1;9413.47
01;PREFEITURA DO MUNICÍPIO DE SÃO PAULO;13852;26692;2026;2;24/02/2026 00:00:00;6064.2023/0000277-1;36145599000107;QRX SEGURANCA PATRIMONIAL LTDA;3036;2023;34;SMDHC;Secretaria Municipal de Direitos Humanos e Cidadania;10;Gabinete do Secretário;14;Direitos da Cidadania;422;Direitos Individuais, Coletivos e Difusos;4010;Segurança Alimentar e Nutricional;4470;Manutenção e Operação de Centro de Referência de Segurança Alimentar e;SESANA;Segurança Alimentar;SESANA - CRESAN;3;Despesas Correntes;3;Outras Despesas Correntes;90;Aplicações Diretas;37;Vigilância Ostensiva;33903700;00.1.500.9001;Recursos não vinculados de Impostos;9;Vigilância Ostensiva;0;Locação de Mão-de-Obra;34.10.14.422.4010.4470.33903700.00.1.500.9001;7981.11;0.0;7981.11;0.0;0.0;0.0;;500;9001;1;02/03/2026 09:48:55;;00;34;33903700;Locação de Mão de Obra;4470;UND;Termo de Contrato 02/2023/SMDET - Prestação de serviços de vigilância e segurança patrimonial desarmada - CRESAN's - jan-fev - Reajuste;1;7981.11
01;PREFEITURA DO MUNICÍPIO DE SÃO PAULO;16071;26693;2026;2;24/02/2026 00:00:00;6074.2022/0003201-0;23169093000188;ASERP LOCAÇÃO E SERVIÇOS GERAIS LTDA. ME;1892;2023;34;SMDHC;Secretaria Municipal de Direitos Humanos e Cidadania;10;Gabinete do Secretário;14;Direitos da Cidadania;422;Direitos Individuais, Coletivos e Difusos;4010;Segurança Alimentar e Nutricional;4470;Manutenção e Operação de Centro de Referência de Segurança Alimentar e;SESANA;Segurança Alimentar;SESANA - CRESAN;3;Despesas Correntes;3;Outras Despesas Correntes;90;Aplicações Diretas;39;Serviços Técnicos Profissionais;33903900;00.1.500.9001;Recursos não vinculados de Impostos;0;Gerenciamento;0;Outros Serviços de Terceiros - Pessoa Jurídica;34.10.14.422.4010.4470.33903900.00.1.500.9001;1443.0;0.0;1443.0;0.0;0.0;0.0;;500;9001;1;02/03/2026 09:48:55;;00;34;33903900;Contratação PJ com Fins Lucrativos;4470;UND;Termo de Contrato n° 059/SMDHC/2023 - Contratação, por lotes, de empresa especializada na administração e gerenciamento de frota veicular - SESANA - Reajuste Retroativo;1;1443.0
01;PREFEITURA DO MUNICÍPIO DE SÃO PAULO;19810;26694;2026;2;24/02/2026 00:00:00;6074.2024/0008702-1;10764533000101;AZUL TRANSPORTES E TURISMO LTDA;42114;2024;34;SMDHC;Secretaria Municipal de Direitos Humanos e Cidadania;10;Gabinete do Secretário;14;Direitos da Cidadania;422;Direitos Individuais, Coletivos e Difusos;4025;Políticas para Mulheres;6178;Manutenção e Operação de Equipamentos Públicos Voltados ao Atendimento;CPM;Mulheres;CPM - Equipamentos;3;Despesas Correntes;3;Outras Despesas Correntes;90;Aplicações Diretas;39;Locação de Bens Móveis de Outra Natureza e Intangíveis;33903900;00.1.500.9001;Recursos não vinculados de Impostos;0;Veículos Leves com Motorista;1;Outros Serviços de Terceiros - Pessoa Jurídica;34.10.14.422.4025.6178.33903900.00.1.500.9001;13338.89;0.0;13338.89;0.0;0.0;0.0;;500;9001;1;02/03/2026 09:48:55;;00;34;33903900;Contratação PJ com Fins Lucrativos;6178;UND;TC 001/SMDHC/2025 - locação de veículos adaptados, com fornecimento de combustível, quilometragem livre, motorista, vigilante e seguro - Unidade Móvel - CPM - Retroativo;1;13338.89
01;PREFEITURA DO MUNICÍPIO DE SÃO PAULO;19811;26695;2026;2;24/02/2026 00:00:00;6074.2024/0008702-1;10764533000101;AZUL TRANSPORTES E TURISMO LTDA;42114;2024;34;SMDHC;Secretaria Municipal de Direitos Humanos e Cidadania;10;Gabinete do Secretário;14;Direitos da Cidadania;422;Direitos Individuais, Coletivos e Difusos;4025;Políticas para Mulheres;6178;Manutenção e Operação de Equipamentos Públicos Voltados ao Atendimento;CPM;Mulheres;CPM - Equipamentos;3;Despesas Correntes;3;Outras Despesas Correntes;90;Aplicações Diretas;39;Locação de Bens Móveis de Outra Natureza e Intangíveis;33903900;00.1.500.9001;Recursos não vinculados de Impostos;0;Veículos Leves com Motorista;1;Outros Serviços de Terceiros - Pessoa Jurídica;34.10.14.422.4025.6178.33903900.00.1.500.9001;329661.11;0.0;329661.11;0.0;0.0;0.0;;500;9001;1;02/03/2026 09:48:55;;00;34;33903900;Contratação PJ com Fins Lucrativos;6178;UND;TC 001/SMDHC/2025 - locação de veículos adaptados, com fornecimento de combustível, quilometragem livre, motorista, vigilante e seguro - Unidade Móvel - CPM - a partir de 15/01/2026;1;329661.11
01;PREFEITURA DO MUNICÍPIO DE SÃO PAULO;19920;26837;2026;2;25/02/2026 00:00:00;6074.2021/0000758-8;10764533000101;AZUL TRANSPORTES E TURISMO LTDA;8320;2021;34;SMDHC;Secretaria Municipal de Direitos Humanos e Cidadania;10;Gabinete do Secretário;14;Direitos da Cidadania;422;Direitos Individuais, Coletivos e Difusos;4010;Segurança Alimentar e Nutricional;4470;Manutenção e Operação de Centro de Referência de Segurança Alimentar e;SESANA;Segurança Alimentar;SESANA - CRESAN;3;Despesas Correntes;3;Outras Despesas Correntes;90;Aplicações Diretas;39;Serviço de Apoio Administrativo, Técnico e Operacional;33903900;00.1.500.9001;Recursos não vinculados de Impostos;9;Outros Serviços de Apoio Administrativo, Técnico e Operacional;7;Outros Serviços de Terceiros - Pessoa Jurídica;34.10.14.422.4010.4470.33903900.00.1.500.9001;792929.88;0.0;792929.88;0.0;0.0;0.0;;500;9001;1;02/03/2026 09:48:55;;00;34;33903900;Contratação PJ com Fins Lucrativos;4470;UND;Termo de Contrato nº 049/SMDHC/2021 - Prestação de serviço de logística de recebimento e distribuição de refeições - Principal - CRESAN;1;792929.88
01;PREFEITURA DO MUNICÍPIO DE SÃO PAULO;19920;26839;2026;2;25/02/2026 00:00:00;6074.2021/0000758-8;10764533000101;AZUL TRANSPORTES E TURISMO LTDA;8320;2021;34;SMDHC;Secretaria Municipal de Direitos Humanos e Cidadania;10;Gabinete do Secretário;14;Direitos da Cidadania;422;Direitos Individuais, Coletivos e Difusos;4010;Segurança Alimentar e Nutricional;4470;Manutenção e Operação de Centro de Referência de Segurança Alimentar e;SESANA;Segurança Alimentar;SESANA - CRESAN;3;Despesas Correntes;3;Outras Despesas Correntes;90;Aplicações Diretas;39;Serviço de Apoio Administrativo, Técnico e Operacional;33903900;00.1.500.9001;Recursos não vinculados de Impostos;9;Outros Serviços de Apoio Administrativo, Técnico e Operacional;7;Outros Serviços de Terceiros - Pessoa Jurídica;34.10.14.422.4010.4470.33903900.00.1.500.9001;146136.96;0.0;146136.96;0.0;0.0;0.0;;500;9001;1;02/03/2026 09:48:55;;00;34;33903900;Contratação PJ com Fins Lucrativos;4470;UND;Termo de Contrato nº 049/SMDHC/2021 - Prestação de serviço de logística de recebimento e distribuição de refeições - Reajuste - CRESAN;1;146136.96
01;PREFEITURA DO MUNICÍPIO DE SÃO PAULO;19978;26967;2026;2;25/02/2026 00:00:00;6074.2024/0005435-2;00000000288519;BANCO DO BRASIL SA;35667;2024;34;SMDHC;Secretaria Municipal de Direitos Humanos e Cidadania;10;Gabinete do Secretário;14;Direitos da Cidadania;243;Assistência à Criança e ao Adolescente;4019;Proteção a Crianças e Adolescentes;2157;Administração dos Conselhos Tutelares;CT;Conselho Tutelar;CT - Administração;3;Despesas Correntes;3;Outras Despesas Correntes;90;Aplicações Diretas;39;Serviços Bancários;33903900;00.1.500.9001;Recursos não vinculados de Impostos;0;Taxas Bancárias;8;Outros Serviços de Terceiros - Pessoa Jurídica;34.10.14.243.4019.2157.33903900.00.1.500.9001;25000.0;0.0;25000.0;889.0;0.0;0.0;;500;9001;1;02/03/2026 09:48:55;;00;34;33903900;Contratação PJ com Fins Lucrativos;2157;UND;Prestação de serviços de pagamento do benefício referente ao Auxílio Ampara concedido às crianças e adolescentes em situação de orfandade decorrente de feminicídio no Município de São Paulo, instituído pela Lei nº 17.851/2022.;1;25000.0
01;PREFEITURA DO MUNICÍPIO DE SÃO PAULO;20035;26968;2026;2;25/02/2026 00:00:00;6074.2021/0005580-9;10764533000101;AZUL TRANSPORTES E TURISMO LTDA;24727;2022;34;SMDHC;Secretaria Municipal de Direitos Humanos e Cidadania;10;Gabinete do Secretário;14;Direitos da Cidadania;422;Direitos Individuais, Coletivos e Difusos;4025;Políticas para Mulheres;6178;Manutenção e Operação de Equipamentos Públicos Voltados ao Atendimento;CPM;Mulheres;CPM - Equipamentos;3;Despesas Correntes;3;Outras Despesas Correntes;90;Aplicações Diretas;39;Serviço de Apoio Administrativo, Técnico e Operacional;33903900;00.1.500.9001;Recursos não vinculados de Impostos;0;Motoristas com Veículos;7;Outros Serviços de Terceiros - Pessoa Jurídica;34.10.14.422.4025.6178.33903900.00.1.500.9001;151199.83;0.0;151199.83;0.0;0.0;0.0;;500;9001;1;02/03/2026 09:48:55;;00;34;33903900;Contratação PJ com Fins Lucrativos;6178;UND;CONTRATO Nº 208/SMDHC/2022 - Prestação de Serviços de Transporte Mediante Locação de Veículo Seminovo, sendo 01 (um) veículo do Tipo “D” (Grupo - D1) - Principal.;1;151199.83
01;PREFEITURA DO MUNICÍPIO DE SÃO PAULO;19988;26972;2026;2;25/02/2026 00:00:00;6074.2020/0000075-1;10764533000101;AZUL TRANSPORTES E TURISMO LTDA;14496;2020;34;SMDHC;Secretaria Municipal de Direitos Humanos e Cidadania;10;Gabinete do Secretário;14;Direitos da Cidadania;422;Direitos Individuais, Coletivos e Difusos;4024;Promoção da Cidadania e da Diversidade;4326;Manutenção e Operação dos Equipamentos Públicos Voltados ao Atendiment;CPLGBTI;LGBTI;CPLGBTI - Equipamentos;3;Despesas Correntes;3;Outras Despesas Correntes;90;Aplicações Diretas;39;Locação de Bens Móveis de Outra Natureza e Intangíveis;33903900;00.1.500.9001;Recursos não vinculados de Impostos;0;Veículos Leves com Motorista;1;Outros Serviços de Terceiros - Pessoa Jurídica;34.10.14.422.4024.4326.33903900.00.1.500.9001;576916.67;0.0;576916.67;0.0;0.0;0.0;;500;9001;1;02/03/2026 09:48:55;;00;34;33903900;Contratação PJ com Fins Lucrativos;4326;und;Serviços de locação de veículos adaptados, similares ao modelo sprinter, tipo van - Principal - Até 05/08/2026;1;576916.67
01;PREFEITURA DO MUNICÍPIO DE SÃO PAULO;20035;26978;2026;2;25/02/2026 00:00:00;6074.2021/0005580-9;10764533000101;AZUL TRANSPORTES E TURISMO LTDA;24727;2022;34;SMDHC;Secretaria Municipal de Direitos Humanos e Cidadania;10;Gabinete do Secretário;14;Direitos da Cidadania;422;Direitos Individuais, Coletivos e Difusos;4025;Políticas para Mulheres;6178;Manutenção e Operação de Equipamentos Públicos Voltados ao Atendimento;CPM;Mulheres;CPM - Equipamentos;3;Despesas Correntes;3;Outras Despesas Correntes;90;Aplicações Diretas;39;Serviço de Apoio Administrativo, Técnico e Operacional;33903900;00.1.500.9001;Recursos não vinculados de Impostos;0;Motoristas com Veículos;7;Outros Serviços de Terceiros - Pessoa Jurídica;34.10.14.422.4025.6178.33903900.00.1.500.9001;17856.72;0.0;17856.72;0.0;0.0;0.0;;500;9001;1;02/03/2026 09:48:55;;00;34;33903900;Contratação PJ com Fins Lucrativos;6178;UND;CONTRATO Nº 208/SMDHC/2022 - Prestação de Serviços de Transporte Mediante Locação de Veículo Seminovo, sendo 01 (um) veículo do Tipo “D” (Grupo - D1) - Reajuste.;1;17856.72
01;PREFEITURA DO MUNICÍPIO DE SÃO PAULO;19988;26979;2026;2;25/02/2026 00:00:00;6074.2020/0000075-1;10764533000101;AZUL TRANSPORTES E TURISMO LTDA;14496;2020;34;SMDHC;Secretaria Municipal de Direitos Humanos e Cidadania;10;Gabinete do Secretário;14;Direitos da Cidadania;422;Direitos Individuais, Coletivos e Difusos;4024;Promoção da Cidadania e da Diversidade;4326;Manutenção e Operação dos Equipamentos Públicos Voltados ao Atendiment;CPLGBTI;LGBTI;CPLGBTI - Equipamentos;3;Despesas Correntes;3;Outras Despesas Correntes;90;Aplicações Diretas;39;Locação de Bens Móveis de Outra Natureza e Intangíveis;33903900;00.1.500.9001;Recursos não vinculados de Impostos;0;Veículos Leves com Motorista;1;Outros Serviços de Terceiros - Pessoa Jurídica;34.10.14.422.4024.4326.33903900.00.1.500.9001;156055.95;0.0;156055.95;0.0;0.0;0.0;;500;9001;1;02/03/2026 09:48:55;;00;34;33903900;Contratação PJ com Fins Lucrativos;4326;und;Serviços de locação de veículos adaptados, similares ao modelo sprinter, tipo van -Reajuste - a partir de 06/08/2025;1;156055.95
01;PREFEITURA DO MUNICÍPIO DE SÃO PAULO;19998;26996;2026;2;25/02/2026 00:00:00;6074.2022/0003417-0;11952599000180;MIRUS RASTREAMENTO E INFORMATICA LTDA;22484;2022;34;SMDHC;Secretaria Municipal de Direitos Humanos e Cidadania;10;Gabinete do Secretário;14;Direitos da Cidadania;422;Direitos Individuais, Coletivos e Difusos;4026;Políticas de Igualdade Racial;4334;Manutenção e Operação de Equipamentos Públicos Voltados à Promoção da ;CPIR;Igualdade Racial;CPIR - Equipamentos;3;Despesas Correntes;3;Outras Despesas Correntes;90;Aplicações Diretas;39;Vigilância Ostensiva / Monitorada;33903900;00.1.500.9001;Recursos não vinculados de Impostos;0;Guarda, Vigilância e Segurança em Geral;7;Outros Serviços de Terceiros - Pessoa Jurídica;34.10.14.422.4026.4334.33903900.00.1.500.9001;1401.66;0.0;1401.66;179.7;0.0;0.0;;500;9001;1;02/03/2026 09:48:55;;00;34;33903900;Contratação PJ com Fins Lucrativos;4334;und;Prestação de serviços de monitoramento e rastreamento veicular via satélite por GPS/GSM/GPRS - CPIR - Até 25/08/2026;1;1401.66
01;PREFEITURA DO MUNICÍPIO DE SÃO PAULO;20001;27007;2026;2;25/02/2026 00:00:00;6074.2022/0003417-0;11952599000180;MIRUS RASTREAMENTO E INFORMATICA LTDA;22484;2022;34;SMDHC;Secretaria Municipal de Direitos Humanos e Cidadania;10;Gabinete do Secretário;14;Direitos da Cidadania;422;Direitos Individuais, Coletivos e Difusos;4025;Políticas para Mulheres;6178;Manutenção e Operação de Equipamentos Públicos Voltados ao Atendimento;CPM;Mulheres;CPM - Equipamentos;3;Despesas Correntes;3;Outras Despesas Correntes;90;Aplicações Diretas;39;Vigilância Ostensiva / Monitorada;33903900;00.1.500.9001;Recursos não vinculados de Impostos;0;Guarda, Vigilância e Segurança em Geral;7;Outros Serviços de Terceiros - Pessoa Jurídica;34.10.14.422.4025.6178.33903900.00.1.500.9001;934.44;0.0;934.44;119.8;0.0;0.0;;500;9001;1;02/03/2026 09:48:55;;00;34;33903900;Contratação PJ com Fins Lucrativos;6178;und;"Prestação de serviços de monitoramento e rastreamento veicular via
satélite por GPS/GSM/GPRS - CPM";1;934.44
01;PREFEITURA DO MUNICÍPIO DE SÃO PAULO;20069;27035;2026;2;25/02/2026 00:00:00;6074.2023/0002063-4;21331404000138;ORLEANS VIAGENS E TURISMO LTDA;10549;2023;34;SMDHC;Secretaria Municipal de Direitos Humanos e Cidadania;10;Gabinete do Secretário;14;Direitos da Cidadania;122;Administração Geral;4001;Suporte Administrativo;2100;Administração da Unidade;ADM;Administração;ADM;3;Despesas Correntes;3;Outras Despesas Correntes;90;Aplicações Diretas;33;Passagens para o Exterior;33903300;00.1.500.9001;Recursos não vinculados de Impostos;0;Passagens Aéreas;0;Passagens e Despesas com Locomoção;34.10.14.122.4001.2100.33903300.00.1.500.9001;60000.0;0.0;60000.0;0.0;0.0;0.0;;500;9001;1;02/03/2026 09:48:55;;00;34;33903300;Passagens e despesas com locomoção;2100;UND;Prestação de serviços de agenciamento de passagens aéreas, mediante disponibilização de sistema de gestão de viagens corporativas - Passagens Aéreas Internacionais.;1;60000.0
01;PREFEITURA DO MUNICÍPIO DE SÃO PAULO;19991;27051;2026;2;25/02/2026 00:00:00;6074.2023/0003012-5;10764533000101;AZUL TRANSPORTES E TURISMO LTDA;15971;2023;34;SMDHC;Secretaria Municipal de Direitos Humanos e Cidadania;10;Gabinete do Secretário;14;Direitos da Cidadania;422;Direitos Individuais, Coletivos e Difusos;4024;Promoção da Cidadania e da Diversidade;2051;Manutenção e Operação de Equipamentos Públicos Voltados ao Atendimento;CPIPTD;Imigrantes;CPIPTD - Equipamentos;3;Despesas Correntes;3;Outras Despesas Correntes;90;Aplicações Diretas;39;Serviço de Apoio Administrativo, Técnico e Operacional;33903900;00.1.500.9001;Recursos não vinculados de Impostos;9;Outros Serviços de Apoio Administrativo, Técnico e Operacional;7;Outros Serviços de Terceiros - Pessoa Jurídica;34.10.14.422.4024.2051.33903900.00.1.500.9001;327600.0;0.0;327600.0;0.0;0.0;0.0;;500;9001;1;02/03/2026 09:48:55;;00;34;33903900;Contratação PJ com Fins Lucrativos;2051;und;Serviços de locação de veículos adaptados, com fornecimento de combustível e quilometragem livre, motorista, para a unidade móvel do Centro de Referência e Atendimento para Imigrantes - CRAI Móvel;1;327600.0
01;PREFEITURA DO MUNICÍPIO DE SÃO PAULO;20170;27116;2026;2;25/02/2026 00:00:00;6074.2022/0003416-1;06935665000173;LA MACCHINA CENTRO AUTOMOTIVO EIRELI;31724;2022;34;SMDHC;Secretaria Municipal de Direitos Humanos e Cidadania;10;Gabinete do Secretário;14;Direitos da Cidadania;422;Direitos Individuais, Coletivos e Difusos;4025;Políticas para Mulheres;6178;Manutenção e Operação de Equipamentos Públicos Voltados ao Atendimento;CPM;Mulheres;CPM - Equipamentos;3;Despesas Correntes;3;Outras Despesas Correntes;90;Aplicações Diretas;39;Manutenção e Conservação de Veículos;33903900;00.1.500.9001;Recursos não vinculados de Impostos;0;Veículos;1;Outros Serviços de Terceiros - Pessoa Jurídica;34.10.14.422.4025.6178.33903900.00.1.500.9001;33180.0;0.0;33180.0;0.0;0.0;0.0;;500;9001;1;02/03/2026 09:48:55;;00;34;33903900;Contratação PJ com Fins Lucrativos;6178;UND;Prestação de serviços de manutenção preventiva e corretiva - CPM - Principal.;1;33180.0
01;PREFEITURA DO MUNICÍPIO DE SÃO PAULO;20170;27117;2026;2;25/02/2026 00:00:00;6074.2022/0003416-1;06935665000173;LA MACCHINA CENTRO AUTOMOTIVO EIRELI;31724;2022;34;SMDHC;Secretaria Municipal de Direitos Humanos e Cidadania;10;Gabinete do Secretário;14;Direitos da Cidadania;422;Direitos Individuais, Coletivos e Difusos;4025;Políticas para Mulheres;6178;Manutenção e Operação de Equipamentos Públicos Voltados ao Atendimento;CPM;Mulheres;CPM - Equipamentos;3;Despesas Correntes;3;Outras Despesas Correntes;90;Aplicações Diretas;39;Manutenção e Conservação de Veículos;33903900;00.1.500.9001;Recursos não vinculados de Impostos;0;Veículos;1;Outros Serviços de Terceiros - Pessoa Jurídica;34.10.14.422.4025.6178.33903900.00.1.500.9001;2995.68;0.0;2995.68;0.0;0.0;0.0;;500;9001;1;02/03/2026 09:48:55;;00;34;33903900;Contratação PJ com Fins Lucrativos;6178;UND;Prestação de serviços de manutenção preventiva e corretiva - CPM - Reajuste.;1;2995.68
01;PREFEITURA DO MUNICÍPIO DE SÃO PAULO;20171;27118;2026;2;25/02/2026 00:00:00;6074.2022/0003416-1;06935665000173;LA MACCHINA CENTRO AUTOMOTIVO EIRELI;31724;2022;34;SMDHC;Secretaria Municipal de Direitos Humanos e Cidadania;10;Gabinete do Secretário;14;Direitos da Cidadania;422;Direitos Individuais, Coletivos e Difusos;4026;Políticas de Igualdade Racial;4334;Manutenção e Operação de Equipamentos Públicos Voltados à Promoção da ;CPIR;Igualdade Racial;CPIR - Equipamentos;3;Despesas Correntes;3;Outras Despesas Correntes;90;Aplicações Diretas;39;Manutenção e Conservação de Veículos;33903900;00.1.500.9001;Recursos não vinculados de Impostos;0;Veículos;1;Outros Serviços de Terceiros - Pessoa Jurídica;34.10.14.422.4026.4334.33903900.00.1.500.9001;66360.0;0.0;66360.0;0.0;0.0;0.0;;500;9001;1;02/03/2026 09:48:55;;00;34;33903900;Contratação PJ com Fins Lucrativos;4334;UND;Prestação de serviços de manutenção preventiva e corretiva - CPIR - Principal.;1;66360.0
01;PREFEITURA DO MUNICÍPIO DE SÃO PAULO;20171;27119;2026;2;25/02/2026 00:00:00;6074.2022/0003416-1;06935665000173;LA MACCHINA CENTRO AUTOMOTIVO EIRELI;31724;2022;34;SMDHC;Secretaria Municipal de Direitos Humanos e Cidadania;10;Gabinete do Secretário;14;Direitos da Cidadania;422;Direitos Individuais, Coletivos e Difusos;4026;Políticas de Igualdade Racial;4334;Manutenção e Operação de Equipamentos Públicos Voltados à Promoção da ;CPIR;Igualdade Racial;CPIR - Equipamentos;3;Despesas Correntes;3;Outras Despesas Correntes;90;Aplicações Diretas;39;Manutenção e Conservação de Veículos;33903900;00.1.500.9001;Recursos não vinculados de Impostos;0;Veículos;1;Outros Serviços de Terceiros - Pessoa Jurídica;34.10.14.422.4026.4334.33903900.00.1.500.9001;5986.62;0.0;5986.62;0.0;0.0;0.0;;500;9001;1;02/03/2026 09:48:55;;00;34;33903900;Contratação PJ com Fins Lucrativos;4334;UND;Prestação de serviços de manutenção preventiva e corretiva - CPIR - Reajuste.;1;5986.62
01;PREFEITURA DO MUNICÍPIO DE SÃO PAULO;20172;27121;2026;2;25/02/2026 00:00:00;6074.2022/0003416-1;06935665000173;LA MACCHINA CENTRO AUTOMOTIVO EIRELI;31724;2022;34;SMDHC;Secretaria Municipal de Direitos Humanos e Cidadania;10;Gabinete do Secretário;14;Direitos da Cidadania;422;Direitos Individuais, Coletivos e Difusos;4010;Segurança Alimentar e Nutricional;4470;Manutenção e Operação de Centro de Referência de Segurança Alimentar e;SESANA;Segurança Alimentar;SESANA - CRESAN;3;Despesas Correntes;3;Outras Despesas Correntes;90;Aplicações Diretas;39;Manutenção e Conservação de Veículos;33903900;00.1.500.9001;Recursos não vinculados de Impostos;0;Veículos;1;Outros Serviços de Terceiros - Pessoa Jurídica;34.10.14.422.4010.4470.33903900.00.1.500.9001;24823.56;0.0;24823.56;0.0;0.0;0.0;;500;9001;1;02/03/2026 09:48:55;;00;34;33903900;Contratação PJ com Fins Lucrativos;4470;UND;Prestação de serviços de manutenção preventiva e corretiva - SESANA - Principal.;1;24823.56
01;PREFEITURA DO MUNICÍPIO DE SÃO PAULO;20172;27124;2026;2;25/02/2026 00:00:00;6074.2022/0003416-1;06935665000173;LA MACCHINA CENTRO AUTOMOTIVO EIRELI;31724;2022;34;SMDHC;Secretaria Municipal de Direitos Humanos e Cidadania;10;Gabinete do Secretário;14;Direitos da Cidadania;422;Direitos Individuais, Coletivos e Difusos;4010;Segurança Alimentar e Nutricional;4470;Manutenção e Operação de Centro de Referência de Segurança Alimentar e;SESANA;Segurança Alimentar;SESANA - CRESAN;3;Despesas Correntes;3;Outras Despesas Correntes;90;Aplicações Diretas;39;Manutenção e Conservação de Veículos;33903900;00.1.500.9001;Recursos não vinculados de Impostos;0;Veículos;1;Outros Serviços de Terceiros - Pessoa Jurídica;34.10.14.422.4010.4470.33903900.00.1.500.9001;2239.45;0.0;2239.45;0.0;0.0;0.0;;500;9001;1;02/03/2026 09:48:55;;00;34;33903900;Contratação PJ com Fins Lucrativos;4470;UND;Prestação de serviços de manutenção preventiva e corretiva - SESANA - Reajuste.;1;2239.45
01;PREFEITURA DO MUNICÍPIO DE SÃO PAULO;20212;27153;2026;2;25/02/2026 00:00:00;6074.2025/0009561-1;11515105000108;GEF SERVICOS LTDA;36404;2025;34;SMDHC;Secretaria Municipal de Direitos Humanos e Cidadania;10;Gabinete do Secretário;14;Direitos da Cidadania;122;Administração Geral;4001;Suporte Administrativo;2100;Administração da Unidade;ADM;Administração;ADM;3;Despesas Correntes;3;Outras Despesas Correntes;90;Aplicações Diretas;39;Fornecimento de Alimentação;33903900;00.1.500.9001;Recursos não vinculados de Impostos;9;Refeições Prontas;4;Outros Serviços de Terceiros - Pessoa Jurídica;34.10.14.122.4001.2100.33903900.00.1.500.9001;100000.0;0.0;100000.0;0.0;0.0;0.0;;500;9001;1;02/03/2026 09:48:55;;00;34;33903900;Contratação PJ com Fins Lucrativos;2100;UND;Termo de Contrato nº 309/SMDHC/2025 - Contratação de empresa especializada na prestação de serviços de Kit Lanche ;1;100000.0
01;PREFEITURA DO MUNICÍPIO DE SÃO PAULO;20526;27490;2026;2;25/02/2026 00:00:00;6074.2025/0004718-8;11735329000117;I9 SOLUTIONS  SOLUCOES COMERCIAIS E GESTAO DE TRANSPORTE LTDA;24010;2025;34;SMDHC;Secretaria Municipal de Direitos Humanos e Cidadania;10;Gabinete do Secretário;14;Direitos da Cidadania;122;Administração Geral;4001;Suporte Administrativo;2100;Administração da Unidade;ADM;Administração;ADM;3;Despesas Correntes;3;Outras Despesas Correntes;90;Aplicações Diretas;39;Armazenagem;33903900;00.1.500.9001;Recursos não vinculados de Impostos;0;Armazenagem de Alimentos;0;Outros Serviços de Terceiros - Pessoa Jurídica;34.10.14.122.4001.2100.33903900.00.1.500.9001;11768.25;11768.25;0.0;0.0;0.0;0.0;;500;9001;1;02/03/2026 09:48:55;;00;34;33903900;Contratação PJ com Fins Lucrativos;2100;UND;TC 176/SMDHC/2025 - serviços transporte terrestre ou agenciamento/intermediação de transporte terrestre dos servidores, empregados e colaboradores;1;11768.25
01;PREFEITURA DO MUNICÍPIO DE SÃO PAULO;20527;27491;2026;2;25/02/2026 00:00:00;6074.2025/0004718-8;11735329000117;I9 SOLUTIONS  SOLUCOES COMERCIAIS E GESTAO DE TRANSPORTE LTDA;24010;2025;34;SMDHC;Secretaria Municipal de Direitos Humanos e Cidadania;10;Gabinete do Secretário;14;Direitos da Cidadania;122;Administração Geral;4001;Suporte Administrativo;2100;Administração da Unidade;ADM;Administração;ADM;3;Despesas Correntes;3;Outras Despesas Correntes;90;Aplicações Diretas;33;Transporte de Servidores;33903300;00.1.500.9001;Recursos não vinculados de Impostos;0;Transporte Individual por Aplicativo;0;Passagens e Despesas com Locomoção;34.10.14.122.4001.2100.33903300.00.1.500.9001;11768.25;0.0;11768.25;1644.75;0.0;0.0;;500;9001;1;02/03/2026 09:48:55;;00;34;33903300;Passagens e despesas com locomoção;2100;UND;TC 176/SMDHC/2025 - serviços transporte terrestre ou agenciamento/intermediação de transporte terrestre dos servidores, empregados e colaboradores;1;11768.25
01;PREFEITURA DO MUNICÍPIO DE SÃO PAULO;20529;27492;2026;2;25/02/2026 00:00:00;6074.2023/0002608-0;10965693000100;CS BRASIL TRANSPORTES DE PASSAGEIROS E SERVICOS AMBIENTAIS LTDA;9352;2024;34;SMDHC;Secretaria Municipal de Direitos Humanos e Cidadania;10;Gabinete do Secretário;14;Direitos da Cidadania;243;Assistência à Criança e ao Adolescente;4019;Proteção a Crianças e Adolescentes;2157;Administração dos Conselhos Tutelares;CT;Conselho Tutelar;CT - Administração;3;Despesas Correntes;3;Outras Despesas Correntes;90;Aplicações Diretas;39;Locação de Bens Móveis de Outra Natureza e Intangíveis;33903900;00.1.500.9001;Recursos não vinculados de Impostos;0;Veículos Leves com Motorista;1;Outros Serviços de Terceiros - Pessoa Jurídica;34.10.14.243.4019.2157.33903900.00.1.500.9001;7156071.81;0.0;7156071.81;0.0;0.0;0.0;;500;9001;1;02/03/2026 09:48:55;;00;34;33903900;Contratação PJ com Fins Lucrativos;2157;UND;Termo de Contrato nº 152/SMDHC/2024 - Locação de veículos com motoristas - Conselho Tutelar - Principal;1;7156071.81
01;PREFEITURA DO MUNICÍPIO DE SÃO PAULO;20529;27493;2026;2;25/02/2026 00:00:00;6074.2023/0002608-0;10965693000100;CS BRASIL TRANSPORTES DE PASSAGEIROS E SERVICOS AMBIENTAIS LTDA;9352;2024;34;SMDHC;Secretaria Municipal de Direitos Humanos e Cidadania;10;Gabinete do Secretário;14;Direitos da Cidadania;243;Assistência à Criança e ao Adolescente;4019;Proteção a Crianças e Adolescentes;2157;Administração dos Conselhos Tutelares;CT;Conselho Tutelar;CT - Administração;3;Despesas Correntes;3;Outras Despesas Correntes;90;Aplicações Diretas;39;Locação de Bens Móveis de Outra Natureza e Intangíveis;33903900;00.1.500.9001;Recursos não vinculados de Impostos;0;Veículos Leves com Motorista;1;Outros Serviços de Terceiros - Pessoa Jurídica;34.10.14.243.4019.2157.33903900.00.1.500.9001;325365.93;0.0;325365.93;0.0;0.0;0.0;;500;9001;1;02/03/2026 09:48:55;;00;34;33903900;Contratação PJ com Fins Lucrativos;2157;UND;Termo de Contrato nº 152/SMDHC/2024 - Locação de veículos com motoristas - Conselho Tutelar - Reajuste;1;325365.93
01;PREFEITURA DO MUNICÍPIO DE SÃO PAULO;20530;27496;2026;2;25/02/2026 00:00:00;6074.2023/0002608-0;10965693000100;CS BRASIL TRANSPORTES DE PASSAGEIROS E SERVICOS AMBIENTAIS LTDA;9352;2024;34;SMDHC;Secretaria Municipal de Direitos Humanos e Cidadania;10;Gabinete do Secretário;14;Direitos da Cidadania;422;Direitos Individuais, Coletivos e Difusos;4010;Segurança Alimentar e Nutricional;4470;Manutenção e Operação de Centro de Referência de Segurança Alimentar e;SESANA;Segurança Alimentar;SESANA - CRESAN;3;Despesas Correntes;3;Outras Despesas Correntes;90;Aplicações Diretas;39;Locação de Bens Móveis de Outra Natureza e Intangíveis;33903900;00.1.500.9001;Recursos não vinculados de Impostos;0;Veículos Leves com Motorista;1;Outros Serviços de Terceiros - Pessoa Jurídica;34.10.14.422.4010.4470.33903900.00.1.500.9001;500635.68;0.0;500635.68;0.0;0.0;0.0;;500;9001;1;02/03/2026 09:48:55;;00;34;33903900;Contratação PJ com Fins Lucrativos;4470;UND;Termo de Contrato nº 152/SMDHC/2024 - Locação de veículos com motoristas - SESANA - Principal;1;500635.68
01;PREFEITURA DO MUNICÍPIO DE SÃO PAULO;20530;27497;2026;2;25/02/2026 00:00:00;6074.2023/0002608-0;10965693000100;CS BRASIL TRANSPORTES DE PASSAGEIROS E SERVICOS AMBIENTAIS LTDA;9352;2024;34;SMDHC;Secretaria Municipal de Direitos Humanos e Cidadania;10;Gabinete do Secretário;14;Direitos da Cidadania;422;Direitos Individuais, Coletivos e Difusos;4010;Segurança Alimentar e Nutricional;4470;Manutenção e Operação de Centro de Referência de Segurança Alimentar e;SESANA;Segurança Alimentar;SESANA - CRESAN;3;Despesas Correntes;3;Outras Despesas Correntes;90;Aplicações Diretas;39;Locação de Bens Móveis de Outra Natureza e Intangíveis;33903900;00.1.500.9001;Recursos não vinculados de Impostos;0;Veículos Leves com Motorista;1;Outros Serviços de Terceiros - Pessoa Jurídica;34.10.14.422.4010.4470.33903900.00.1.500.9001;22779.24;0.0;22779.24;0.0;0.0;0.0;;500;9001;1;02/03/2026 09:48:55;;00;34;33903900;Contratação PJ com Fins Lucrativos;4470;UND;Termo de Contrato nº 152/SMDHC/2024 - Locação de veículos com motoristas - SESANA - Reajuste;1;22779.24
01;PREFEITURA DO MUNICÍPIO DE SÃO PAULO;19466;27648;2026;2;26/02/2026 00:00:00;6074.2024/0005648-7;23045434000103;JK TRANSPORTES LOCACOES E SERVICOS LTDA;39287;2024;34;SMDHC;Secretaria Municipal de Direitos Humanos e Cidadania;10;Gabinete do Secretário;14;Direitos da Cidadania;422;Direitos Individuais, Coletivos e Difusos;4025;Políticas para Mulheres;2053;Manutenção e Operação da Casa da Mulher Brasileira;CPM;Mulheres;CPM - Casa da Mulher Brasileira;3;Despesas Correntes;3;Outras Despesas Correntes;90;Aplicações Diretas;39;Locação de Bens Móveis de Outra Natureza e Intangíveis;33903900;00.1.500.9001;Recursos não vinculados de Impostos;0;Veículos Leves com Motorista;1;Outros Serviços de Terceiros - Pessoa Jurídica;34.10.14.422.4025.2053.33903900.00.1.500.9001;1368000.0;0.0;1368000.0;0.0;0.0;0.0;;500;9001;1;02/03/2026 09:48:55;;00;34;33903900;Contratação PJ com Fins Lucrativos;2053;uni;"TC N° 439/SMDHC/2024 - serviços de transporte, através de Locação de veículos Tipo “C” e Tipo “D”, em caráter não eventual, com condutor e quilometragem livre; incluindo, combustível, despesas com pedágios, avarias, multas e manutenção - CMB.";1;1368000.0
01;PREFEITURA DO MUNICÍPIO DE SÃO PAULO;20656;27683;2026;2;26/02/2026 00:00:00;6074.2025/0002326-2;00382254000111;LELLO PRINT BRASIL COMERCIAL EIRELI;35913;2025;34;SMDHC;Secretaria Municipal de Direitos Humanos e Cidadania;10;Gabinete do Secretário;14;Direitos da Cidadania;243;Assistência à Criança e ao Adolescente;4019;Proteção a Crianças e Adolescentes;2157;Administração dos Conselhos Tutelares;CT;Conselho Tutelar;CT - Administração;3;Despesas Correntes;3;Outras Despesas Correntes;90;Aplicações Diretas;40;Outsourcing de Impressão;33904000;00.1.500.9001;Recursos não vinculados de Impostos;0;Outsourcing de Impressão;1;Serviços de Tecnologia da Informação e Comunicação - Pessoa Jurídica;34.10.14.243.4019.2157.33904000.00.1.500.9001;209894.88;0.0;209894.88;0.0;0.0;0.0;;500;9001;1;02/03/2026 09:48:55;;00;34;33904000;Serviços de Tecnologia da Informação e Comunicação - PJ;2157;UND;Contrato nº 301/SMDHC/2025 - serviços continuados de impressão corporativa - Conselhos Tutelares;1;209894.88
01;PREFEITURA DO MUNICÍPIO DE SÃO PAULO;20795;27811;2026;2;26/02/2026 00:00:00;6074.2023/0006836-0;10312101000151;RA TELECOM LTDA;25968;2023;34;SMDHC;Secretaria Municipal de Direitos Humanos e Cidadania;10;Gabinete do Secretário;14;Direitos da Cidadania;422;Direitos Individuais, Coletivos e Difusos;4010;Segurança Alimentar e Nutricional;4470;Manutenção e Operação de Centro de Referência de Segurança Alimentar e;SESANA;Segurança Alimentar;SESANA - CRESAN;3;Despesas Correntes;3;Outras Despesas Correntes;90;Aplicações Diretas;39;Locação de Máquinas e Equipamentos;33903900;00.1.500.9001;Recursos não vinculados de Impostos;9;Outras Máquinas e Equipamentos em Geral;1;Outros Serviços de Terceiros - Pessoa Jurídica;34.10.14.422.4010.4470.33903900.00.1.500.9001;3938.99;0.0;3938.99;0.0;0.0;0.0;;500;9001;1;02/03/2026 09:48:55;;00;34;33903900;Contratação PJ com Fins Lucrativos;4470;UND;TERMO DE CONTRATO 295/SMDHC/2023 - prestação de serviços de locação de Sistema PABX (Private Automatic Branch Exchange), com DDR, incluídos os serviços de instalação, gerenciamento e manutenção - Principal;1;3938.99
01;PREFEITURA DO MUNICÍPIO DE SÃO PAULO;20799;27816;2026;2;26/02/2026 00:00:00;6074.2022/0003173-1;21156308000109;RENASEB  EMPRESA DE SEGURANCA E VIGILANCIA LTDA;31014;2022;34;SMDHC;Secretaria Municipal de Direitos Humanos e Cidadania;10;Gabinete do Secretário;14;Direitos da Cidadania;422;Direitos Individuais, Coletivos e Difusos;4025;Políticas para Mulheres;6178;Manutenção e Operação de Equipamentos Públicos Voltados ao Atendimento;CPM;Mulheres;CPM - Equipamentos;3;Despesas Correntes;3;Outras Despesas Correntes;90;Aplicações Diretas;37;Vigilância Ostensiva;33903700;00.1.500.9001;Recursos não vinculados de Impostos;9;Vigilância Ostensiva;0;Locação de Mão-de-Obra;34.10.14.422.4025.6178.33903700.00.1.500.9001;98933.3;0.0;98933.3;0.0;0.0;0.0;;500;9001;1;02/03/2026 09:48:55;;00;34;33903700;Locação de Mão de Obra;6178;UND;TC 215/SMDHC/2025 Serviço de vigilância e segurança patrimonial para atender o Coordenação Mulheres - Principal.;1;98933.3
01;PREFEITURA DO MUNICÍPIO DE SÃO PAULO;20799;27817;2026;2;26/02/2026 00:00:00;6074.2022/0003173-1;21156308000109;RENASEB  EMPRESA DE SEGURANCA E VIGILANCIA LTDA;31014;2022;34;SMDHC;Secretaria Municipal de Direitos Humanos e Cidadania;10;Gabinete do Secretário;14;Direitos da Cidadania;422;Direitos Individuais, Coletivos e Difusos;4025;Políticas para Mulheres;6178;Manutenção e Operação de Equipamentos Públicos Voltados ao Atendimento;CPM;Mulheres;CPM - Equipamentos;3;Despesas Correntes;3;Outras Despesas Correntes;90;Aplicações Diretas;37;Vigilância Ostensiva;33903700;00.1.500.9001;Recursos não vinculados de Impostos;9;Vigilância Ostensiva;0;Locação de Mão-de-Obra;34.10.14.422.4025.6178.33903700.00.1.500.9001;12047.95;0.0;12047.95;0.0;0.0;0.0;;500;9001;1;02/03/2026 09:48:55;;00;34;33903700;Locação de Mão de Obra;6178;UND;TC 215/SMDHC/2025 Serviço de vigilância e segurança patrimonial para atender o Coordenação Mulheres - Reajuste.;1;12047.95
01;PREFEITURA DO MUNICÍPIO DE SÃO PAULO;20684;27818;2026;2;26/02/2026 00:00:00;6074.2023/0010277-0;05209385000115;ELEVADORES SÃO PAULO LTDA - EPP;680;2024;34;SMDHC;Secretaria Municipal de Direitos Humanos e Cidadania;10;Gabinete do Secretário;14;Direitos da Cidadania;422;Direitos Individuais, Coletivos e Difusos;4025;Políticas para Mulheres;6178;Manutenção e Operação de Equipamentos Públicos Voltados ao Atendimento;CPM;Mulheres;CPM - Equipamentos;3;Despesas Correntes;3;Outras Despesas Correntes;90;Aplicações Diretas;39;Manut. e Conserv. de Máquinas e Equipamentos;33903900;00.1.500.9001;Recursos não vinculados de Impostos;0;Elevadores;1;Outros Serviços de Terceiros - Pessoa Jurídica;34.10.14.422.4025.6178.33903900.00.1.500.9001;1050.0;0.0;1050.0;0.0;0.0;0.0;;500;9001;1;02/03/2026 09:48:55;;00;34;33903900;Contratação PJ com Fins Lucrativos;6178;uni;TC 002/SMDHC/2024 - Prestação de serviços técnicos especializados para manutenção preventiva e corretiva de 1 (um) elevador instalado na Casa de Passagem - Principal.;1;1050.0
01;PREFEITURA DO MUNICÍPIO DE SÃO PAULO;20800;27822;2026;2;26/02/2026 00:00:00;6074.2022/0003173-1;21156308000109;RENASEB  EMPRESA DE SEGURANCA E VIGILANCIA LTDA;31014;2022;34;SMDHC;Secretaria Municipal de Direitos Humanos e Cidadania;10;Gabinete do Secretário;14;Direitos da Cidadania;243;Assistência à Criança e ao Adolescente;4019;Proteção a Crianças e Adolescentes;2157;Administração dos Conselhos Tutelares;CT;Conselho Tutelar;CT - Administração;3;Despesas Correntes;3;Outras Despesas Correntes;90;Aplicações Diretas;37;Vigilância Ostensiva;33903700;00.1.500.9001;Recursos não vinculados de Impostos;9;Vigilância Ostensiva;0;Locação de Mão-de-Obra;34.10.14.243.4019.2157.33903700.00.1.500.9001;98933.3;0.0;98933.3;0.0;0.0;0.0;;500;9001;1;02/03/2026 09:48:55;;00;34;33903700;Locação de Mão de Obra;2157;UND;TC 215/SMDHC/2025 Serviço de vigilância e segurança patrimonial para atender o Coordenação Conselho Tutelar- Principal.;1;98933.3
01;PREFEITURA DO MUNICÍPIO DE SÃO PAULO;20800;27823;2026;2;26/02/2026 00:00:00;6074.2022/0003173-1;21156308000109;RENASEB  EMPRESA DE SEGURANCA E VIGILANCIA LTDA;31014;2022;34;SMDHC;Secretaria Municipal de Direitos Humanos e Cidadania;10;Gabinete do Secretário;14;Direitos da Cidadania;243;Assistência à Criança e ao Adolescente;4019;Proteção a Crianças e Adolescentes;2157;Administração dos Conselhos Tutelares;CT;Conselho Tutelar;CT - Administração;3;Despesas Correntes;3;Outras Despesas Correntes;90;Aplicações Diretas;37;Vigilância Ostensiva;33903700;00.1.500.9001;Recursos não vinculados de Impostos;9;Vigilância Ostensiva;0;Locação de Mão-de-Obra;34.10.14.243.4019.2157.33903700.00.1.500.9001;12047.95;0.0;12047.95;0.0;0.0;0.0;;500;9001;1;02/03/2026 09:48:55;;00;34;33903700;Locação de Mão de Obra;2157;UND;TC 215/SMDHC/2025 Serviço de vigilância e segurança patrimonial para atender o Coordenação Conselho Tutelar- Principal.;1;12047.95
01;PREFEITURA DO MUNICÍPIO DE SÃO PAULO;20684;27824;2026;2;26/02/2026 00:00:00;6074.2023/0010277-0;05209385000115;ELEVADORES SÃO PAULO LTDA - EPP;680;2024;34;SMDHC;Secretaria Municipal de Direitos Humanos e Cidadania;10;Gabinete do Secretário;14;Direitos da Cidadania;422;Direitos Individuais, Coletivos e Difusos;4025;Políticas para Mulheres;6178;Manutenção e Operação de Equipamentos Públicos Voltados ao Atendimento;CPM;Mulheres;CPM - Equipamentos;3;Despesas Correntes;3;Outras Despesas Correntes;90;Aplicações Diretas;39;Manut. e Conserv. de Máquinas e Equipamentos;33903900;00.1.500.9001;Recursos não vinculados de Impostos;0;Elevadores;1;Outros Serviços de Terceiros - Pessoa Jurídica;34.10.14.422.4025.6178.33903900.00.1.500.9001;49.19;0.0;49.19;0.0;0.0;0.0;;500;9001;1;02/03/2026 09:48:55;;00;34;33903900;Contratação PJ com Fins Lucrativos;6178;uni;TC 002/SMDHC/2024 - Prestação de serviços técnicos especializados para manutenção preventiva e corretiva de 1 (um) elevador instalado na Casa de Passagem - Reajuste.;1;49.19
01;PREFEITURA DO MUNICÍPIO DE SÃO PAULO;20802;27827;2026;2;26/02/2026 00:00:00;6074.2022/0003173-1;21156308000109;RENASEB  EMPRESA DE SEGURANCA E VIGILANCIA LTDA;31014;2022;34;SMDHC;Secretaria Municipal de Direitos Humanos e Cidadania;10;Gabinete do Secretário;14;Direitos da Cidadania;422;Direitos Individuais, Coletivos e Difusos;4023;Políticas para População Idosa;4330;Manutenção e Operação dos Equipamentos Públicos Voltados para Pessoa I;CPPI;Idoso;CPPI - Equipamentos;3;Despesas Correntes;3;Outras Despesas Correntes;90;Aplicações Diretas;37;Vigilância Ostensiva;33903700;00.1.500.9001;Recursos não vinculados de Impostos;9;Vigilância Ostensiva;0;Locação de Mão-de-Obra;34.10.14.422.4023.4330.33903700.00.1.500.9001;98933.3;0.0;98933.3;0.0;0.0;0.0;;500;9001;1;02/03/2026 09:48:55;;00;34;33903700;Locação de Mão de Obra;4330;UND;TC 215/SMDHC/2025 Serviço de vigilância e segurança patrimonial para atender o Coordenação Idoso - Principal.;1;98933.3
01;PREFEITURA DO MUNICÍPIO DE SÃO PAULO;20795;27831;2026;2;26/02/2026 00:00:00;6074.2023/0006836-0;10312101000151;RA TELECOM LTDA;25968;2023;34;SMDHC;Secretaria Municipal de Direitos Humanos e Cidadania;10;Gabinete do Secretário;14;Direitos da Cidadania;422;Direitos Individuais, Coletivos e Difusos;4010;Segurança Alimentar e Nutricional;4470;Manutenção e Operação de Centro de Referência de Segurança Alimentar e;SESANA;Segurança Alimentar;SESANA - CRESAN;3;Despesas Correntes;3;Outras Despesas Correntes;90;Aplicações Diretas;39;Locação de Máquinas e Equipamentos;33903900;00.1.500.9001;Recursos não vinculados de Impostos;9;Outras Máquinas e Equipamentos em Geral;1;Outros Serviços de Terceiros - Pessoa Jurídica;34.10.14.422.4010.4470.33903900.00.1.500.9001;341.43;0.0;341.43;0.0;0.0;0.0;;500;9001;1;02/03/2026 09:48:55;;00;34;33903900;Contratação PJ com Fins Lucrativos;4470;UND;TERMO DE CONTRATO 295/SMDHC/2023 - prestação de serviços de locação de Sistema PABX (Private Automatic Branch Exchange), com DDR, incluídos os serviços de instalação, gerenciamento e manutenção - Reajuste;1;341.43
01;PREFEITURA DO MUNICÍPIO DE SÃO PAULO;20802;27849;2026;2;26/02/2026 00:00:00;6074.2022/0003173-1;21156308000109;RENASEB  EMPRESA DE SEGURANCA E VIGILANCIA LTDA;31014;2022;34;SMDHC;Secretaria Municipal de Direitos Humanos e Cidadania;10;Gabinete do Secretário;14;Direitos da Cidadania;422;Direitos Individuais, Coletivos e Difusos;4023;Políticas para População Idosa;4330;Manutenção e Operação dos Equipamentos Públicos Voltados para Pessoa I;CPPI;Idoso;CPPI - Equipamentos;3;Despesas Correntes;3;Outras Despesas Correntes;90;Aplicações Diretas;37;Vigilância Ostensiva;33903700;00.1.500.9001;Recursos não vinculados de Impostos;9;Vigilância Ostensiva;0;Locação de Mão-de-Obra;34.10.14.422.4023.4330.33903700.00.1.500.9001;11746.52;0.0;11746.52;0.0;0.0;0.0;;500;9001;1;02/03/2026 09:48:55;;00;34;33903700;Locação de Mão de Obra;4330;UND;TC 215/SMDHC/2025 Serviço de vigilância e segurança patrimonial para atender o Coordenação Idoso - Reajuste.;1;11746.52
01;PREFEITURA DO MUNICÍPIO DE SÃO PAULO;20802;27850;2026;2;26/02/2026 00:00:00;6074.2022/0003173-1;21156308000109;RENASEB  EMPRESA DE SEGURANCA E VIGILANCIA LTDA;31014;2022;34;SMDHC;Secretaria Municipal de Direitos Humanos e Cidadania;10;Gabinete do Secretário;14;Direitos da Cidadania;422;Direitos Individuais, Coletivos e Difusos;4023;Políticas para População Idosa;4330;Manutenção e Operação dos Equipamentos Públicos Voltados para Pessoa I;CPPI;Idoso;CPPI - Equipamentos;3;Despesas Correntes;3;Outras Despesas Correntes;90;Aplicações Diretas;37;Vigilância Ostensiva;33903700;00.1.500.9001;Recursos não vinculados de Impostos;9;Vigilância Ostensiva;0;Locação de Mão-de-Obra;34.10.14.422.4023.4330.33903700.00.1.500.9001;301.43;0.0;301.43;0.0;0.0;0.0;;500;9001;1;02/03/2026 09:48:55;;00;34;33903700;Locação de Mão de Obra;4330;UND;TC 215/SMDHC/2025 Serviço de vigilância e segurança patrimonial para atender o Coordenação Idoso - Reajuste.;1;301.43
01;PREFEITURA DO MUNICÍPIO DE SÃO PAULO;20870;27870;2026;2;26/02/2026 00:00:00;6074.2023/0006692-8;21156308000109;RENASEB  EMPRESA DE SEGURANCA E VIGILANCIA LTDA;13466;2025;34;SMDHC;Secretaria Municipal de Direitos Humanos e Cidadania;10;Gabinete do Secretário;14;Direitos da Cidadania;422;Direitos Individuais, Coletivos e Difusos;4025;Políticas para Mulheres;2053;Manutenção e Operação da Casa da Mulher Brasileira;CPM;Mulheres;CPM - Casa da Mulher Brasileira;3;Despesas Correntes;3;Outras Despesas Correntes;90;Aplicações Diretas;37;Vigilância Ostensiva;33903700;00.1.500.9001;Recursos não vinculados de Impostos;9;Vigilância Ostensiva;0;Locação de Mão-de-Obra;34.10.14.422.4025.2053.33903700.00.1.500.9001;485922.72;0.0;485922.72;0.0;0.0;0.0;;500;9001;1;02/03/2026 09:48:55;;00;34;33903700;Locação de Mão de Obra;2053;UND;TC 067/SMDHC/2025 - Prestação de Serviços de Vigilância e Segurança Patrimonial - CMB.;1;485922.72
01;PREFEITURA DO MUNICÍPIO DE SÃO PAULO;20872;27871;2026;2;26/02/2026 00:00:00;6074.2023/0006692-8;21156308000109;RENASEB  EMPRESA DE SEGURANCA E VIGILANCIA LTDA;13466;2025;34;SMDHC;Secretaria Municipal de Direitos Humanos e Cidadania;10;Gabinete do Secretário;14;Direitos da Cidadania;422;Direitos Individuais, Coletivos e Difusos;4023;Políticas para População Idosa;4330;Manutenção e Operação dos Equipamentos Públicos Voltados para Pessoa I;CPPI;Idoso;CPPI - Equipamentos;3;Despesas Correntes;3;Outras Despesas Correntes;90;Aplicações Diretas;37;Vigilância Ostensiva;33903700;00.1.500.9001;Recursos não vinculados de Impostos;9;Vigilância Ostensiva;0;Locação de Mão-de-Obra;34.10.14.422.4023.4330.33903700.00.1.500.9001;372628.68;0.0;372628.68;0.0;0.0;0.0;;500;9001;1;02/03/2026 09:48:55;;00;34;33903700;Locação de Mão de Obra;4330;UND;TC 067/SMDHC/2025 - Prestação de Serviços de Vigilância e Segurança Patrimonial - CEDPES.;1;372628.68
01;PREFEITURA DO MUNICÍPIO DE SÃO PAULO;20898;27899;2026;2;26/02/2026 00:00:00;6074.2021/0006536-7;02558157000162;TELEFONICA BRASIL SA;5253;2022;34;SMDHC;Secretaria Municipal de Direitos Humanos e Cidadania;10;Gabinete do Secretário;14;Direitos da Cidadania;422;Direitos Individuais, Coletivos e Difusos;4025;Políticas para Mulheres;6178;Manutenção e Operação de Equipamentos Públicos Voltados ao Atendimento;CPM;Mulheres;CPM - Equipamentos;3;Despesas Correntes;3;Outras Despesas Correntes;90;Aplicações Diretas;39;Serviços de Telecomunicações;33903900;00.1.500.9006;Recursos destinados ao pagamento de concessionárias;0;Telefonia Fixa;5;Outros Serviços de Terceiros - Pessoa Jurídica;34.10.14.422.4025.6178.33903900.00.1.500.9006;100.0;0.0;100.0;0.0;0.0;0.0;;500;9006;1;02/03/2026 09:48:55;;00;34;33903900;Contratação PJ com Fins Lucrativos;6178;UND;CONTRATO N° 032/SMDHC/2022 - Serviços de Telefonia Fixa casa Helenira - Janeiro/2026;1;100.0
01;PREFEITURA DO MUNICÍPIO DE SÃO PAULO;20900;27901;2026;2;26/02/2026 00:00:00;6074.2024/0002532-8;09621493000151;FGRSILVA BUFFET E EVENTOS LTDA;14143;2023;34;SMDHC;Secretaria Municipal de Direitos Humanos e Cidadania;10;Gabinete do Secretário;14;Direitos da Cidadania;422;Direitos Individuais, Coletivos e Difusos;4018;Assistência e Proteção Sociais;4321;Políticas, Programas e Ações para a População em Situação de Rua;CPPSR;População em Situação de Rua;CPPSR - Políticas;3;Despesas Correntes;3;Outras Despesas Correntes;90;Aplicações Diretas;39;Fornecimento de Alimentação;33903900;00.1.500.9001;Recursos não vinculados de Impostos;9;Refeições Prontas;4;Outros Serviços de Terceiros - Pessoa Jurídica;34.10.14.422.4018.4321.33903900.00.1.500.9001;5408788.0;0.0;5408788.0;0.0;0.0;0.0;;500;9001;1;02/03/2026 09:48:55;;00;34;33903900;Contratação PJ com Fins Lucrativos;4321;UND;Contrato 138/SMDHC/2023 - Fornecimento de sopão quente, chá quente, chocolate quente e água para atender a população em situação de rua - Principal - até 29/06/2026;1;5408788.0
01;PREFEITURA DO MUNICÍPIO DE SÃO PAULO;20900;27903;2026;2;26/02/2026 00:00:00;6074.2024/0002532-8;09621493000151;FGRSILVA BUFFET E EVENTOS LTDA;14143;2023;34;SMDHC;Secretaria Municipal de Direitos Humanos e Cidadania;10;Gabinete do Secretário;14;Direitos da Cidadania;422;Direitos Individuais, Coletivos e Difusos;4018;Assistência e Proteção Sociais;4321;Políticas, Programas e Ações para a População em Situação de Rua;CPPSR;População em Situação de Rua;CPPSR - Políticas;3;Despesas Correntes;3;Outras Despesas Correntes;90;Aplicações Diretas;39;Fornecimento de Alimentação;33903900;00.1.500.9001;Recursos não vinculados de Impostos;9;Refeições Prontas;4;Outros Serviços de Terceiros - Pessoa Jurídica;34.10.14.422.4018.4321.33903900.00.1.500.9001;150404.1;0.0;150404.1;0.0;0.0;0.0;;500;9001;1;02/03/2026 09:48:55;;00;34;33903900;Contratação PJ com Fins Lucrativos;4321;UND;Contrato 138/SMDHC/2023 - Fornecimento de sopão quente, chá quente, chocolate quente e água para atender a população em situação de rua - Reajuste - até 29/06/2026;1;150404.1
01;PREFEITURA DO MUNICÍPIO DE SÃO PAULO;19476;27905;2026;2;26/02/2026 00:00:00;6074.2023/0001373-5;05070948000137;ACJS SANEAMENTO E CONTROLE AMBIENTAL LTDA.;6212;2023;34;SMDHC;Secretaria Municipal de Direitos Humanos e Cidadania;10;Gabinete do Secretário;14;Direitos da Cidadania;422;Direitos Individuais, Coletivos e Difusos;4025;Políticas para Mulheres;2053;Manutenção e Operação da Casa da Mulher Brasileira;CPM;Mulheres;CPM - Casa da Mulher Brasileira;3;Despesas Correntes;3;Outras Despesas Correntes;90;Aplicações Diretas;39;Limpeza e Conservação;33903900;00.1.500.9001;Recursos não vinculados de Impostos;0;Limpeza de Reservatórios de Água;7;Outros Serviços de Terceiros - Pessoa Jurídica;34.10.14.422.4025.2053.33903900.00.1.500.9001;160.0;0.0;160.0;0.0;0.0;0.0;;500;9001;1;02/03/2026 09:48:55;;00;34;33903900;Contratação PJ com Fins Lucrativos;2053;UND;"TC 067/SMDHC/2024 - Prestação de serviços de limpeza e desinfecção de reservatório predial - CMB
";1;160.0
01;PREFEITURA DO MUNICÍPIO DE SÃO PAULO;20906;27906;2026;2;26/02/2026 00:00:00;6074.2020/0001533-3;16897295000180;MJ TECNOLOGIA DO BRASIL LTDA;11093;2020;34;SMDHC;Secretaria Municipal de Direitos Humanos e Cidadania;10;Gabinete do Secretário;14;Direitos da Cidadania;243;Assistência à Criança e ao Adolescente;4019;Proteção a Crianças e Adolescentes;2157;Administração dos Conselhos Tutelares;CT;Conselho Tutelar;CT - Administração;3;Despesas Correntes;3;Outras Despesas Correntes;90;Aplicações Diretas;40;Locação de Equipamentos de TIC - Impressoras;33904000;00.1.500.9001;Recursos não vinculados de Impostos;0;Locação de Equipamentos - Impressoras;0;Serviços de Tecnologia da Informação e Comunicação - Pessoa Jurídica;34.10.14.243.4019.2157.33904000.00.1.500.9001;67860.98;0.0;67860.98;0.0;0.0;0.0;;500;9001;1;02/03/2026 09:48:55;;00;34;33904000;Serviços de Tecnologia da Informação e Comunicação - PJ;2157;UND;Prestação de serviços de impressão corporativa, manutenção preventiva e corretiva, fornecimento de peças e suprimentos necessários, para atender as necessidades dos 52 Conselhos  Tutelares - Principal;1;67860.98
01;PREFEITURA DO MUNICÍPIO DE SÃO PAULO;20906;27907;2026;2;26/02/2026 00:00:00;6074.2020/0001533-3;16897295000180;MJ TECNOLOGIA DO BRASIL LTDA;11093;2020;34;SMDHC;Secretaria Municipal de Direitos Humanos e Cidadania;10;Gabinete do Secretário;14;Direitos da Cidadania;243;Assistência à Criança e ao Adolescente;4019;Proteção a Crianças e Adolescentes;2157;Administração dos Conselhos Tutelares;CT;Conselho Tutelar;CT - Administração;3;Despesas Correntes;3;Outras Despesas Correntes;90;Aplicações Diretas;40;Locação de Equipamentos de TIC - Impressoras;33904000;00.1.500.9001;Recursos não vinculados de Impostos;0;Locação de Equipamentos - Impressoras;0;Serviços de Tecnologia da Informação e Comunicação - Pessoa Jurídica;34.10.14.243.4019.2157.33904000.00.1.500.9001;3288.25;0.0;3288.25;0.0;0.0;0.0;;500;9001;1;02/03/2026 09:48:55;;00;34;33904000;Serviços de Tecnologia da Informação e Comunicação - PJ;2157;UND;Prestação de serviços de impressão corporativa, manutenção preventiva e corretiva, fornecimento de peças e suprimentos necessários, para atender as necessidades dos 52 Conselhos  Tutelares - Reajuste;1;3288.25
01;PREFEITURA DO MUNICÍPIO DE SÃO PAULO;18548;27908;2026;2;26/02/2026 00:00:00;6074.2024/0000835-0;35962880000161;DAVIS SOARES DA SILVA  DETETIZADORA;17376;2024;34;SMDHC;Secretaria Municipal de Direitos Humanos e Cidadania;10;Gabinete do Secretário;14;Direitos da Cidadania;243;Assistência à Criança e ao Adolescente;4019;Proteção a Crianças e Adolescentes;2157;Administração dos Conselhos Tutelares;CT;Conselho Tutelar;CT - Administração;3;Despesas Correntes;3;Outras Despesas Correntes;90;Aplicações Diretas;39;Limpeza e Conservação;33903900;00.1.500.9001;Recursos não vinculados de Impostos;0;Dedetização, Descupinização e Outros;7;Outros Serviços de Terceiros - Pessoa Jurídica;34.10.14.243.4019.2157.33903900.00.1.500.9001;6720.0;0.0;6720.0;0.0;0.0;0.0;;500;9001;1;02/03/2026 09:48:55;;00;34;33903900;Contratação PJ com Fins Lucrativos;2157;UND;Contratação de empresa especializada para a prestação de Serviços de Controle de Pragas Urbanas e Vetores - Conselho Tutelar. Principal - até 22/08/2026;1;6720.0
01;PREFEITURA DO MUNICÍPIO DE SÃO PAULO;20908;27909;2026;2;26/02/2026 00:00:00;6074.2024/0000835-0;35962880000161;DAVIS SOARES DA SILVA  DETETIZADORA;17376;2024;34;SMDHC;Secretaria Municipal de Direitos Humanos e Cidadania;10;Gabinete do Secretário;14;Direitos da Cidadania;422;Direitos Individuais, Coletivos e Difusos;4026;Políticas de Igualdade Racial;4334;Manutenção e Operação de Equipamentos Públicos Voltados à Promoção da ;CPIR;Igualdade Racial;CPIR - Equipamentos;3;Despesas Correntes;3;Outras Despesas Correntes;90;Aplicações Diretas;39;Limpeza e Conservação;33903900;00.1.500.9001;Recursos não vinculados de Impostos;0;Dedetização, Descupinização e Outros;7;Outros Serviços de Terceiros - Pessoa Jurídica;34.10.14.422.4026.4334.33903900.00.1.500.9001;280.0;0.0;280.0;0.0;0.0;0.0;;500;9001;1;02/03/2026 09:48:55;;00;34;33903900;Contratação PJ com Fins Lucrativos;4334;UND;Contratação de empresa especializada para a prestação de Serviços de Controle de Pragas Urbanas e Vetores - CPIR. Principal - até 22/08/2026;1;280.0
01;PREFEITURA DO MUNICÍPIO DE SÃO PAULO;20910;27910;2026;2;27/02/2026 00:00:00;6074.2020/0001537-6;23541357000182;RUBY SEGURANCA LTDA;14453;2020;34;SMDHC;Secretaria Municipal de Direitos Humanos e Cidadania;10;Gabinete do Secretário;14;Direitos da Cidadania;243;Assistência à Criança e ao Adolescente;4019;Proteção a Crianças e Adolescentes;2157;Administração dos Conselhos Tutelares;CT;Conselho Tutelar;CT - Administração;3;Despesas Correntes;3;Outras Despesas Correntes;90;Aplicações Diretas;37;Vigilância Ostensiva;33903700;00.1.500.9001;Recursos não vinculados de Impostos;9;Vigilância Ostensiva;0;Locação de Mão-de-Obra;34.10.14.243.4019.2157.33903700.00.1.500.9001;2341905.48;0.0;2341905.48;0.0;0.0;0.0;;500;9001;1;02/03/2026 09:48:55;;00;34;33903700;Locação de Mão de Obra;2157;UND;TC 030/SMDHC/2020 - Prestação de serviço Integrado de Segurança - Conselho Tutelar - Principal;1;2341905.48
01;PREFEITURA DO MUNICÍPIO DE SÃO PAULO;20910;27911;2026;2;27/02/2026 00:00:00;6074.2020/0001537-6;23541357000182;RUBY SEGURANCA LTDA;14453;2020;34;SMDHC;Secretaria Municipal de Direitos Humanos e Cidadania;10;Gabinete do Secretário;14;Direitos da Cidadania;243;Assistência à Criança e ao Adolescente;4019;Proteção a Crianças e Adolescentes;2157;Administração dos Conselhos Tutelares;CT;Conselho Tutelar;CT - Administração;3;Despesas Correntes;3;Outras Despesas Correntes;90;Aplicações Diretas;37;Vigilância Ostensiva;33903700;00.1.500.9001;Recursos não vinculados de Impostos;9;Vigilância Ostensiva;0;Locação de Mão-de-Obra;34.10.14.243.4019.2157.33903700.00.1.500.9001;759245.77;0.0;759245.77;0.0;0.0;0.0;;500;9001;1;02/03/2026 09:48:55;;00;34;33903700;Locação de Mão de Obra;2157;UND;TC 030/SMDHC/2020 - Prestação de serviço Integrado de Segurança - Conselho Tutelar - Reajuste;1;759245.77
01;PREFEITURA DO MUNICÍPIO DE SÃO PAULO;20920;27921;2026;2;27/02/2026 00:00:00;0000.0000/0000000-0;00000000999962;FOLHA DE PAGAMENTO _ EXECUTIVO;-1;-1;34;SMDHC;Secretaria Municipal de Direitos Humanos e Cidadania;10;Gabinete do Secretário;14;Direitos da Cidadania;122;Administração Geral;4001;Suporte Administrativo;2100;Administração da Unidade;ADM;Administração;ADM;3;Despesas Correntes;3;Outras Despesas Correntes;90;Aplicações Diretas;49;Indenização Auxílio-Transporte;33904900;00.1.500.9001;Recursos não vinculados de Impostos;0;Auxílio-Transporte - RPPS;0;Auxílio-Transporte;34.10.14.122.4001.2100.33904900.00.1.500.9001;9074.79;0.0;9074.79;9074.79;9074.79;0.0;;500;9001;1;02/03/2026 09:48:55;;00;34;33904900;Auxílio - Transporte;2100;1;Anexo da Nota de empenho - Folha de Pagamento.;1;9074.79
01;PREFEITURA DO MUNICÍPIO DE SÃO PAULO;20999;28000;2026;2;27/02/2026 00:00:00;0000.0000/0000000-0;00000000999962;FOLHA DE PAGAMENTO _ EXECUTIVO;-1;-1;34;SMDHC;Secretaria Municipal de Direitos Humanos e Cidadania;10;Gabinete do Secretário;14;Direitos da Cidadania;122;Administração Geral;4001;Suporte Administrativo;2100;Administração da Unidade;ADM;Administração;ADM;3;Despesas Correntes;3;Outras Despesas Correntes;90;Aplicações Diretas;49;Indenização Auxílio-Transporte;33904900;00.1.500.9001;Recursos não vinculados de Impostos;0;Auxílio-Transporte - RGPS;0;Auxílio-Transporte;34.10.14.122.4001.2100.33904900.00.1.500.9001;18267.6;0.0;18267.6;18267.6;18267.6;0.0;;500;9001;1;02/03/2026 09:48:55;;00;34;33904900;Auxílio - Transporte;2100;1;Anexo da Nota de empenho - Folha de Pagamento.;1;18267.6
01;PREFEITURA DO MUNICÍPIO DE SÃO PAULO;21050;28050;2026;2;27/02/2026 00:00:00;0000.0000/0000000-0;00000000999962;FOLHA DE PAGAMENTO _ EXECUTIVO;-1;-1;34;SMDHC;Secretaria Municipal de Direitos Humanos e Cidadania;10;Gabinete do Secretário;14;Direitos da Cidadania;122;Administração Geral;4001;Suporte Administrativo;2100;Administração da Unidade;ADM;Administração;ADM;3;Despesas Correntes;3;Outras Despesas Correntes;90;Aplicações Diretas;46;Indenização Auxílio-Alimentação - Em Pecúnia;33904600;00.1.500.9001;Recursos não vinculados de Impostos;0;Vale-Refeição - RGPS;0;Auxílio-Alimentação;34.10.14.122.4001.2100.33904600.00.1.500.9001;131300.54;0.0;131300.54;131300.54;131300.54;0.0;;500;9001;1;02/03/2026 09:48:55;;00;34;33904600;Auxílio - Alimentação;2100;1;Anexo da Nota de empenho - Folha de Pagamento.;1;131300.54
01;PREFEITURA DO MUNICÍPIO DE SÃO PAULO;21085;28085;2026;2;27/02/2026 00:00:00;0000.0000/0000000-0;00000000999962;FOLHA DE PAGAMENTO _ EXECUTIVO;-1;-1;34;SMDHC;Secretaria Municipal de Direitos Humanos e Cidadania;10;Gabinete do Secretário;14;Direitos da Cidadania;122;Administração Geral;4001;Suporte Administrativo;2100;Administração da Unidade;ADM;Administração;ADM;3;Despesas Correntes;3;Outras Despesas Correntes;90;Aplicações Diretas;46;Indenização Auxílio-Alimentação - Em Pecúnia;33904600;00.1.500.9001;Recursos não vinculados de Impostos;0;Auxílio-Alimentação - RGPS;0;Auxílio-Alimentação;34.10.14.122.4001.2100.33904600.00.1.500.9001;169687.17;0.0;169687.17;169687.17;169687.17;0.0;;500;9001;1;02/03/2026 09:48:55;;00;34;33904600;Auxílio - Alimentação;2100;1;Anexo da Nota de empenho - Folha de Pagamento.;1;169687.17
01;PREFEITURA DO MUNICÍPIO DE SÃO PAULO;21089;28089;2026;2;27/02/2026 00:00:00;0000.0000/0000000-0;00000000999962;FOLHA DE PAGAMENTO _ EXECUTIVO;-1;-1;34;SMDHC;Secretaria Municipal de Direitos Humanos e Cidadania;10;Gabinete do Secretário;14;Direitos da Cidadania;122;Administração Geral;4001;Suporte Administrativo;2100;Administração da Unidade;ADM;Administração;ADM;3;Despesas Correntes;1;Pessoal e Encargos Sociais;90;Aplicações Diretas;11;Vencimentos e Salários;31901100;00.1.500.9001;Recursos não vinculados de Impostos;0;RPPS - PMSP;0;Vencimentos e Vantagens Fixas - Pessoal Civil;34.10.14.122.4001.2100.31901100.00.1.500.9001;1024996.89;0.0;1024996.89;1024996.89;1024996.89;0.0;;500;9001;1;02/03/2026 09:48:56;;00;34;31901100;Vencimentos e Vantagens Fixas - Pessoa Civil;2100;1;Anexo da Nota de empenho - Folha de Pagamento.;1;1024996.89
01;PREFEITURA DO MUNICÍPIO DE SÃO PAULO;21227;28226;2026;2;27/02/2026 00:00:00;0000.0000/0000000-0;00000000999962;FOLHA DE PAGAMENTO _ EXECUTIVO;-1;-1;34;SMDHC;Secretaria Municipal de Direitos Humanos e Cidadania;10;Gabinete do Secretário;14;Direitos da Cidadania;122;Administração Geral;4001;Suporte Administrativo;2100;Administração da Unidade;ADM;Administração;ADM;3;Despesas Correntes;3;Outras Despesas Correntes;90;Aplicações Diretas;46;Indenização Auxílio-Alimentação - Em Pecúnia;33904600;00.1.500.9001;Recursos não vinculados de Impostos;0;Vale-Refeição - RPPS;0;Auxílio-Alimentação;34.10.14.122.4001.2100.33904600.00.1.500.9001;68444.96;0.0;68444.96;68444.96;68444.96;0.0;;500;9001;1;02/03/2026 09:48:56;;00;34;33904600;Auxílio - Alimentação;2100;1;Anexo da Nota de empenho - Folha de Pagamento.;1;68444.96
01;PREFEITURA DO MUNICÍPIO DE SÃO PAULO;21395;28394;2026;2;27/02/2026 00:00:00;0000.0000/0000000-0;00000000999962;FOLHA DE PAGAMENTO _ EXECUTIVO;-1;-1;34;SMDHC;Secretaria Municipal de Direitos Humanos e Cidadania;10;Gabinete do Secretário;14;Direitos da Cidadania;122;Administração Geral;4001;Suporte Administrativo;2100;Administração da Unidade;ADM;Administração;ADM;3;Despesas Correntes;1;Pessoal e Encargos Sociais;90;Aplicações Diretas;11;Vencimentos e Salários;31901100;00.1.500.9001;Recursos não vinculados de Impostos;2;RGPS - PMSP;0;Vencimentos e Vantagens Fixas - Pessoal Civil;34.10.14.122.4001.2100.31901100.00.1.500.9001;1660254.0;0.0;1660254.0;1660254.0;1660254.0;0.0;;500;9001;1;02/03/2026 09:48:56;;00;34;31901100;Vencimentos e Vantagens Fixas - Pessoa Civil;2100;1;Anexo da Nota de empenho - Folha de Pagamento.;1;1660254.0
01;PREFEITURA DO MUNICÍPIO DE SÃO PAULO;21400;28399;2026;2;27/02/2026 00:00:00;0000.0000/0000000-0;00000000999962;FOLHA DE PAGAMENTO _ EXECUTIVO;-1;-1;34;SMDHC;Secretaria Municipal de Direitos Humanos e Cidadania;10;Gabinete do Secretário;14;Direitos da Cidadania;122;Administração Geral;4001;Suporte Administrativo;2100;Administração da Unidade;ADM;Administração;ADM;3;Despesas Correntes;3;Outras Despesas Correntes;90;Aplicações Diretas;46;Indenização Auxílio-Alimentação - Em Pecúnia;33904600;00.1.500.9001;Recursos não vinculados de Impostos;0;Auxílio-Alimentação - RPPS;0;Auxílio-Alimentação;34.10.14.122.4001.2100.33904600.00.1.500.9001;81363.09;0.0;81363.09;81363.09;81363.09;0.0;;500;9001;1;02/03/2026 09:48:56;;00;34;33904600;Auxílio - Alimentação;2100;1;Anexo da Nota de empenho - Folha de Pagamento.;1;81363.09
01;PREFEITURA DO MUNICÍPIO DE SÃO PAULO;21438;28442;2026;2;27/02/2026 00:00:00;6074.2025/0007022-8;01001722000123;FUNDACAO DO INSTITUTO DE BIOCIENCIAS;34262;2025;34;SMDHC;Secretaria Municipal de Direitos Humanos e Cidadania;10;Gabinete do Secretário;14;Direitos da Cidadania;422;Direitos Individuais, Coletivos e Difusos;4010;Segurança Alimentar e Nutricional;4470;Manutenção e Operação de Centro de Referência de Segurança Alimentar e;SESANA;Segurança Alimentar;SESANA - CRESAN;3;Despesas Correntes;3;Outras Despesas Correntes;90;Aplicações Diretas;39;Serviços Técnicos Profissionais;33903900;00.1.500.9001;Recursos não vinculados de Impostos;9;Outros Serviços Técnicos Profissionais - PJ;0;Outros Serviços de Terceiros - Pessoa Jurídica;34.10.14.422.4010.4470.33903900.00.1.500.9001;30000.0;0.0;30000.0;0.0;0.0;0.0;;500;9001;1;02/03/2026 09:48:56;;00;34;33903900;Contratação PJ com Fins Lucrativos;4470;UND;Prestação de assessoria técnica na articulação de grupos de trabalho e na sistematização de dados voltados à elaboração do Plano Municipal de Segurança Alimentar e Nutricional de São Paulo.;1;30000.0
01;PREFEITURA DO MUNICÍPIO DE SÃO PAULO;20687;28567;2026;2;27/02/2026 00:00:00;6074.2022/0003203-7;90180605000102;GENTE SEGURADORA SA;32740;2022;34;SMDHC;Secretaria Municipal de Direitos Humanos e Cidadania;10;Gabinete do Secretário;14;Direitos da Cidadania;422;Direitos Individuais, Coletivos e Difusos;4026;Políticas de Igualdade Racial;4334;Manutenção e Operação de Equipamentos Públicos Voltados à Promoção da ;CPIR;Igualdade Racial;CPIR - Equipamentos;3;Despesas Correntes;3;Outras Despesas Correntes;90;Aplicações Diretas;39;Seguros em Geral;33903900;00.1.500.9001;Recursos não vinculados de Impostos;0;Seguro Obrigatório de Veículos;6;Outros Serviços de Terceiros - Pessoa Jurídica;34.10.14.422.4026.4334.33903900.00.1.500.9001;7800.0;0.0;7800.0;0.0;0.0;0.0;;500;9001;1;02/03/2026 09:48:56;;00;34;33903900;Contratação PJ com Fins Lucrativos;4334;UN;TC N° 266/SMDHC/2025 - Prestação de serviços de fornecimento de Seguro Total - Franquia - CPIR - Cobertura até 24/11/2026.;1;7800.0
01;PREFEITURA DO MUNICÍPIO DE SÃO PAULO;20688;28570;2026;2;27/02/2026 00:00:00;6074.2022/0003203-7;90180605000102;GENTE SEGURADORA SA;32740;2022;34;SMDHC;Secretaria Municipal de Direitos Humanos e Cidadania;10;Gabinete do Secretário;14;Direitos da Cidadania;422;Direitos Individuais, Coletivos e Difusos;4025;Políticas para Mulheres;6178;Manutenção e Operação de Equipamentos Públicos Voltados ao Atendimento;CPM;Mulheres;CPM - Equipamentos;3;Despesas Correntes;3;Outras Despesas Correntes;90;Aplicações Diretas;39;Seguros em Geral;33903900;00.1.500.9001;Recursos não vinculados de Impostos;0;Seguro Obrigatório de Veículos;6;Outros Serviços de Terceiros - Pessoa Jurídica;34.10.14.422.4025.6178.33903900.00.1.500.9001;4000.0;0.0;4000.0;0.0;0.0;0.0;;500;9001;1;02/03/2026 09:48:56;;00;34;33903900;Contratação PJ com Fins Lucrativos;6178;UN;TC N° 266/SMDHC/2025 - Prestação de serviços de fornecimento de Seguro Total - Franquia - CPM - Cobertura até 24/11/2026.;1;4000.0
01;PREFEITURA DO MUNICÍPIO DE SÃO PAULO;18402;28694;2026;2;27/02/2026 00:00:00;6064.2023/0000277-1;36145599000107;QRX SEGURANCA PATRIMONIAL LTDA;3036;2023;34;SMDHC;Secretaria Municipal de Direitos Humanos e Cidadania;10;Gabinete do Secretário;14;Direitos da Cidadania;422;Direitos Individuais, Coletivos e Difusos;4010;Segurança Alimentar e Nutricional;4470;Manutenção e Operação de Centro de Referência de Segurança Alimentar e;SESANA;Segurança Alimentar;SESANA - CRESAN;3;Despesas Correntes;3;Outras Despesas Correntes;90;Aplicações Diretas;37;Vigilância Ostensiva;33903700;00.1.500.9001;Recursos não vinculados de Impostos;9;Vigilância Ostensiva;0;Locação de Mão-de-Obra;34.10.14.422.4010.4470.33903700.00.1.500.9001;638719.16;0.0;638719.16;0.0;0.0;0.0;;500;9001;1;02/03/2026 09:48:56;;00;34;33903700;Locação de Mão de Obra;4470;UND;Termo de Contrato nº 02/2023/SMDET - Serviços de Segurança - a partir de 01/03//2026 - CRESAN's - Principal;1;638719.16
01;PREFEITURA DO MUNICÍPIO DE SÃO PAULO;18398;28700;2026;2;27/02/2026 00:00:00;6064.2023/0000277-1;36145599000107;QRX SEGURANCA PATRIMONIAL LTDA;3036;2023;34;SMDHC;Secretaria Municipal de Direitos Humanos e Cidadania;10;Gabinete do Secretário;14;Direitos da Cidadania;422;Direitos Individuais, Coletivos e Difusos;4010;Segurança Alimentar e Nutricional;4470;Manutenção e Operação de Centro de Referência de Segurança Alimentar e;SESANA;Segurança Alimentar;SESANA - CRESAN;3;Despesas Correntes;3;Outras Despesas Correntes;90;Aplicações Diretas;37;Vigilância Ostensiva;33903700;00.1.500.9001;Recursos não vinculados de Impostos;9;Vigilância Ostensiva;0;Locação de Mão-de-Obra;34.10.14.422.4010.4470.33903700.00.1.500.9001;422206.84;0.0;422206.84;0.0;0.0;0.0;;500;9001;1;02/03/2026 09:48:56;;00;34;33903700;Locação de Mão de Obra;4470;UND;Termo de Contrato nº 02/2023/SMDET - Serviços de Segurança - a partir de 01/03//2026 - CRESAN's - Principal;1;422206.84
01;PREFEITURA DO MUNICÍPIO DE SÃO PAULO;21721;28704;2026;2;27/02/2026 00:00:00;6074.2021/0000758-8;10764533000101;AZUL TRANSPORTES E TURISMO LTDA;8320;2021;34;SMDHC;Secretaria Municipal de Direitos Humanos e Cidadania;10;Gabinete do Secretário;14;Direitos da Cidadania;422;Direitos Individuais, Coletivos e Difusos;4025;Políticas para Mulheres;6178;Manutenção e Operação de Equipamentos Públicos Voltados ao Atendimento;CPM;Mulheres;CPM - Equipamentos;3;Despesas Correntes;3;Outras Despesas Correntes;90;Aplicações Diretas;39;Serviço de Apoio Administrativo, Técnico e Operacional;33903900;00.1.500.9001;Recursos não vinculados de Impostos;9;Outros Serviços de Apoio Administrativo, Técnico e Operacional;7;Outros Serviços de Terceiros - Pessoa Jurídica;34.10.14.422.4025.6178.33903900.00.1.500.9001;176206.64;0.0;176206.64;0.0;0.0;0.0;;500;9001;1;02/03/2026 09:48:56;;00;34;33903900;Contratação PJ com Fins Lucrativos;6178;UND;Termo de Contrato nº 049/SMDHC/2021 - Prestação de serviço de logística de recebimento e distribuição de refeições - Principal - CMB.;1;176206.64
01;PREFEITURA DO MUNICÍPIO DE SÃO PAULO;21721;28707;2026;2;27/02/2026 00:00:00;6074.2021/0000758-8;10764533000101;AZUL TRANSPORTES E TURISMO LTDA;8320;2021;34;SMDHC;Secretaria Municipal de Direitos Humanos e Cidadania;10;Gabinete do Secretário;14;Direitos da Cidadania;422;Direitos Individuais, Coletivos e Difusos;4025;Políticas para Mulheres;6178;Manutenção e Operação de Equipamentos Públicos Voltados ao Atendimento;CPM;Mulheres;CPM - Equipamentos;3;Despesas Correntes;3;Outras Despesas Correntes;90;Aplicações Diretas;39;Serviço de Apoio Administrativo, Técnico e Operacional;33903900;00.1.500.9001;Recursos não vinculados de Impostos;9;Outros Serviços de Apoio Administrativo, Técnico e Operacional;7;Outros Serviços de Terceiros - Pessoa Jurídica;34.10.14.422.4025.6178.33903900.00.1.500.9001;32474.88;0.0;32474.88;0.0;0.0;0.0;;500;9001;1;02/03/2026 09:48:56;;00;34;33903900;Contratação PJ com Fins Lucrativos;6178;UND;Termo de Contrato nº 049/SMDHC/2021 - Prestação de serviço de logística de recebimento e distribuição de refeições - Reajuste - CMB.;1;32474.88
01;PREFEITURA DO MUNICÍPIO DE SÃO PAULO;18398;28713;2026;2;27/02/2026 00:00:00;6064.2023/0000277-1;36145599000107;QRX SEGURANCA PATRIMONIAL LTDA;3036;2023;34;SMDHC;Secretaria Municipal de Direitos Humanos e Cidadania;10;Gabinete do Secretário;14;Direitos da Cidadania;422;Direitos Individuais, Coletivos e Difusos;4010;Segurança Alimentar e Nutricional;4470;Manutenção e Operação de Centro de Referência de Segurança Alimentar e;SESANA;Segurança Alimentar;SESANA - CRESAN;3;Despesas Correntes;3;Outras Despesas Correntes;90;Aplicações Diretas;37;Vigilância Ostensiva;33903700;00.1.500.9001;Recursos não vinculados de Impostos;9;Vigilância Ostensiva;0;Locação de Mão-de-Obra;34.10.14.422.4010.4470.33903700.00.1.500.9001;170182.38;0.0;170182.38;0.0;0.0;0.0;;500;9001;1;02/03/2026 09:48:56;;00;34;33903700;Locação de Mão de Obra;4470;UND;Termo de Contrato nº 02/2023/SMDET - Serviços de Segurança - a partir de 01/03//2026 - CRESAN's - Reajuste;1;170182.38
01;PREFEITURA DO MUNICÍPIO DE SÃO PAULO;12033;28726;2026;2;27/02/2026 00:00:00;6064.2023/0000277-1;36145599000107;QRX SEGURANCA PATRIMONIAL LTDA;3036;2023;34;SMDHC;Secretaria Municipal de Direitos Humanos e Cidadania;10;Gabinete do Secretário;14;Direitos da Cidadania;422;Direitos Individuais, Coletivos e Difusos;4025;Políticas para Mulheres;6178;Manutenção e Operação de Equipamentos Públicos Voltados ao Atendimento;CPM;Mulheres;CPM - Equipamentos;3;Despesas Correntes;3;Outras Despesas Correntes;90;Aplicações Diretas;37;Vigilância Ostensiva;33903700;00.1.500.9001;Recursos não vinculados de Impostos;9;Vigilância Ostensiva;0;Locação de Mão-de-Obra;34.10.14.422.4025.6178.33903700.00.1.500.9001;264396.0;0.0;264396.0;0.0;0.0;0.0;;500;9001;1;02/03/2026 09:48:56;;00;34;33903700;Locação de Mão de Obra;6178;UND;"Termo de Contrato nº 02/2023/SMDET - Serviços de Segurança - a partir de 01/03//2026 - CRM Vila Cachoeirinha - Principal
";1;264396.0
01;PREFEITURA DO MUNICÍPIO DE SÃO PAULO;12033;28732;2026;2;27/02/2026 00:00:00;6064.2023/0000277-1;36145599000107;QRX SEGURANCA PATRIMONIAL LTDA;3036;2023;34;SMDHC;Secretaria Municipal de Direitos Humanos e Cidadania;10;Gabinete do Secretário;14;Direitos da Cidadania;422;Direitos Individuais, Coletivos e Difusos;4025;Políticas para Mulheres;6178;Manutenção e Operação de Equipamentos Públicos Voltados ao Atendimento;CPM;Mulheres;CPM - Equipamentos;3;Despesas Correntes;3;Outras Despesas Correntes;90;Aplicações Diretas;37;Vigilância Ostensiva;33903700;00.1.500.9001;Recursos não vinculados de Impostos;9;Vigilância Ostensiva;0;Locação de Mão-de-Obra;34.10.14.422.4025.6178.33903700.00.1.500.9001;42411.5;0.0;42411.5;0.0;0.0;0.0;;500;9001;1;02/03/2026 09:48:56;;00;34;33903700;Locação de Mão de Obra;6178;UND;Termo de Contrato nº 02/2023/SMDET - Serviços de Segurança - a partir de 01/03//2026 - CRM Vila Cachoeirinha - Reajuste Estimado;1;42411.5
01;PREFEITURA DO MUNICÍPIO DE SÃO PAULO;21751;28744;2026;2;27/02/2026 00:00:00;6074.2025/0008688-4;08472572000185;AMBP PROMOCOES E EVENTOS EMPRESARIAIS LTDA;34125;2025;34;SMDHC;Secretaria Municipal de Direitos Humanos e Cidadania;10;Gabinete do Secretário;14;Direitos da Cidadania;122;Administração Geral;4001;Suporte Administrativo;2100;Administração da Unidade;ADM;Administração;ADM;3;Despesas Correntes;3;Outras Despesas Correntes;90;Aplicações Diretas;39;Fornecimento de Alimentação;33903900;00.1.500.9001;Recursos não vinculados de Impostos;0;Coffee Break;4;Outros Serviços de Terceiros - Pessoa Jurídica;34.10.14.122.4001.2100.33903900.00.1.500.9001;6567.0;0.0;6567.0;0.0;0.0;0.0;;500;9001;1;02/03/2026 09:48:56;;00;34;33903900;Contratação PJ com Fins Lucrativos;2100;UND;Contratação de empresa especializada na prestação de serviço de fornecimento de Coffee Break, para atender os eventos da SMDHC.;1;6567.0
01;PREFEITURA DO MUNICÍPIO DE SÃO PAULO;21788;28794;2026;2;27/02/2026 00:00:00;6074.2020/0001537-6;23541357000182;RUBY SEGURANCA LTDA;14453;2020;34;SMDHC;Secretaria Municipal de Direitos Humanos e Cidadania;10;Gabinete do Secretário;14;Direitos da Cidadania;422;Direitos Individuais, Coletivos e Difusos;4025;Políticas para Mulheres;6178;Manutenção e Operação de Equipamentos Públicos Voltados ao Atendimento;CPM;Mulheres;CPM - Equipamentos;3;Despesas Correntes;3;Outras Despesas Correntes;90;Aplicações Diretas;37;Vigilância Ostensiva;33903700;00.1.500.9001;Recursos não vinculados de Impostos;9;Vigilância Ostensiva;0;Locação de Mão-de-Obra;34.10.14.422.4025.6178.33903700.00.1.500.9001;452761.19;0.0;452761.19;0.0;0.0;0.0;;500;9001;1;02/03/2026 09:48:56;;00;34;33903700;Locação de Mão de Obra;6178;UND;TC 030/SMDHC/2020 - Prestação de serviço Integrado de Segurança - Mulheres - Principal;1;452761.19
01;PREFEITURA DO MUNICÍPIO DE SÃO PAULO;21788;28797;2026;2;27/02/2026 00:00:00;6074.2020/0001537-6;23541357000182;RUBY SEGURANCA LTDA;14453;2020;34;SMDHC;Secretaria Municipal de Direitos Humanos e Cidadania;10;Gabinete do Secretário;14;Direitos da Cidadania;422;Direitos Individuais, Coletivos e Difusos;4025;Políticas para Mulheres;6178;Manutenção e Operação de Equipamentos Públicos Voltados ao Atendimento;CPM;Mulheres;CPM - Equipamentos;3;Despesas Correntes;3;Outras Despesas Correntes;90;Aplicações Diretas;37;Vigilância Ostensiva;33903700;00.1.500.9001;Recursos não vinculados de Impostos;9;Vigilância Ostensiva;0;Locação de Mão-de-Obra;34.10.14.422.4025.6178.33903700.00.1.500.9001;146785.2;0.0;146785.2;0.0;0.0;0.0;;500;9001;1;02/03/2026 09:48:56;;00;34;33903700;Locação de Mão de Obra;6178;UND;TC 030/SMDHC/2020 - Prestação de serviço Integrado de Segurança - Mulheres - Reajuste;1;146785.2
01;PREFEITURA DO MUNICÍPIO DE SÃO PAULO;18363;28816;2026;2;27/02/2026 00:00:00;6074.2024/0006541-9;14340628000140;SAKURA DEDETIZADORA LTDA;33670;2024;34;SMDHC;Secretaria Municipal de Direitos Humanos e Cidadania;10;Gabinete do Secretário;14;Direitos da Cidadania;422;Direitos Individuais, Coletivos e Difusos;4024;Promoção da Cidadania e da Diversidade;4333;Manutenção e Operação do Centro Público de Economia Solidária e Direit;CPDDH;Centro Público;CPDDH;3;Despesas Correntes;3;Outras Despesas Correntes;90;Aplicações Diretas;39;Limpeza e Conservação;33903900;00.1.500.9001;Recursos não vinculados de Impostos;0;Dedetização, Descupinização e Outros;7;Outros Serviços de Terceiros - Pessoa Jurídica;34.10.14.422.4024.4333.33903900.00.1.500.9001;500.0;0.0;500.0;0.0;0.0;0.0;;500;9001;1;02/03/2026 09:48:56;;00;34;33903900;Contratação PJ com Fins Lucrativos;4333;UND;Contratação de empresa especializada na prestação de Serviços de Controle de Pragas Urbanas e Vetores, compreendendo: Desinsetização, Desratização e Descupinização - Centro Público.;1;500.0
01;PREFEITURA DO MUNICÍPIO DE SÃO PAULO;18363;28818;2026;2;27/02/2026 00:00:00;6074.2024/0006541-9;14340628000140;SAKURA DEDETIZADORA LTDA;33670;2024;34;SMDHC;Secretaria Municipal de Direitos Humanos e Cidadania;10;Gabinete do Secretário;14;Direitos da Cidadania;422;Direitos Individuais, Coletivos e Difusos;4024;Promoção da Cidadania e da Diversidade;4333;Manutenção e Operação do Centro Público de Economia Solidária e Direit;CPDDH;Centro Público;CPDDH;3;Despesas Correntes;3;Outras Despesas Correntes;90;Aplicações Diretas;39;Limpeza e Conservação;33903900;00.1.500.9001;Recursos não vinculados de Impostos;0;Dedetização, Descupinização e Outros;7;Outros Serviços de Terceiros - Pessoa Jurídica;34.10.14.422.4024.4333.33903900.00.1.500.9001;27.06;0.0;27.06;0.0;0.0;0.0;;500;9001;1;02/03/2026 09:48:56;;00;34;33903900;Contratação PJ com Fins Lucrativos;4333;UND;Contratação de empresa especializada na prestação de Serviços de Controle de Pragas Urbanas e Vetores, compreendendo: Desinsetização, Desratização e Descupinização - Centro Público.;1;27.06
01;PREFEITURA DO MUNICÍPIO DE SÃO PAULO;21797;28821;2026;2;27/02/2026 00:00:00;6074.2024/0006541-9;14340628000140;SAKURA DEDETIZADORA LTDA;33670;2024;34;SMDHC;Secretaria Municipal de Direitos Humanos e Cidadania;10;Gabinete do Secretário;14;Direitos da Cidadania;122;Administração Geral;4001;Suporte Administrativo;2100;Administração da Unidade;ADM;Administração;ADM;3;Despesas Correntes;3;Outras Despesas Correntes;90;Aplicações Diretas;39;Limpeza e Conservação;33903900;00.1.500.9001;Recursos não vinculados de Impostos;0;Dedetização, Descupinização e Outros;7;Outros Serviços de Terceiros - Pessoa Jurídica;34.10.14.122.4001.2100.33903900.00.1.500.9001;1000.0;0.0;1000.0;0.0;0.0;0.0;;500;9001;1;02/03/2026 09:48:56;;00;34;33903900;Contratação PJ com Fins Lucrativos;2100;UND;Contratação de empresa especializada na prestação de Serviços de Controle de Pragas Urbanas e Vetores, compreendendo: Desinsetização, Desratização e Descupinização - SEDE.;1;1000.0
01;PREFEITURA DO MUNICÍPIO DE SÃO PAULO;21797;28822;2026;2;27/02/2026 00:00:00;6074.2024/0006541-9;14340628000140;SAKURA DEDETIZADORA LTDA;33670;2024;34;SMDHC;Secretaria Municipal de Direitos Humanos e Cidadania;10;Gabinete do Secretário;14;Direitos da Cidadania;122;Administração Geral;4001;Suporte Administrativo;2100;Administração da Unidade;ADM;Administração;ADM;3;Despesas Correntes;3;Outras Despesas Correntes;90;Aplicações Diretas;39;Limpeza e Conservação;33903900;00.1.500.9001;Recursos não vinculados de Impostos;0;Dedetização, Descupinização e Outros;7;Outros Serviços de Terceiros - Pessoa Jurídica;34.10.14.122.4001.2100.33903900.00.1.500.9001;54.1;0.0;54.1;0.0;0.0;0.0;;500;9001;1;02/03/2026 09:48:56;;00;34;33903900;Contratação PJ com Fins Lucrativos;2100;UND;Contratação de empresa especializada na prestação de Serviços de Controle de Pragas Urbanas e Vetores, compreendendo: Desinsetização, Desratização e Descupinização - SEDE;1;54.1
01;PREFEITURA DO MUNICÍPIO DE SÃO PAULO;21807;28828;2026;2;27/02/2026 00:00:00;6074.2024/0006541-9;14340628000140;SAKURA DEDETIZADORA LTDA;33670;2024;34;SMDHC;Secretaria Municipal de Direitos Humanos e Cidadania;10;Gabinete do Secretário;14;Direitos da Cidadania;422;Direitos Individuais, Coletivos e Difusos;4023;Políticas para População Idosa;4330;Manutenção e Operação dos Equipamentos Públicos Voltados para Pessoa I;CPPI;Idoso;CPPI - Equipamentos;3;Despesas Correntes;3;Outras Despesas Correntes;90;Aplicações Diretas;39;Limpeza e Conservação;33903900;00.1.500.9001;Recursos não vinculados de Impostos;0;Dedetização, Descupinização e Outros;7;Outros Serviços de Terceiros - Pessoa Jurídica;34.10.14.422.4023.4330.33903900.00.1.500.9001;1000.0;0.0;1000.0;0.0;0.0;0.0;;500;9001;1;02/03/2026 09:48:56;;00;34;33903900;Contratação PJ com Fins Lucrativos;4330;UND;Contratação de empresa especializada na prestação de Serviços de Controle de Pragas Urbanas e Vetores, compreendendo: Desinsetização, Desratização e Descupinização - Idoso.;1;1000.0
01;PREFEITURA DO MUNICÍPIO DE SÃO PAULO;21803;28829;2026;2;27/02/2026 00:00:00;6074.2020/0001537-6;23541357000182;RUBY SEGURANCA LTDA;14453;2020;34;SMDHC;Secretaria Municipal de Direitos Humanos e Cidadania;10;Gabinete do Secretário;14;Direitos da Cidadania;122;Administração Geral;4001;Suporte Administrativo;2100;Administração da Unidade;ADM;Administração;ADM;3;Despesas Correntes;3;Outras Despesas Correntes;90;Aplicações Diretas;37;Vigilância Ostensiva;33903700;00.1.500.9001;Recursos não vinculados de Impostos;9;Vigilância Ostensiva;0;Locação de Mão-de-Obra;34.10.14.122.4001.2100.33903700.00.1.500.9001;153186.74;0.0;153186.74;0.0;0.0;0.0;;500;9001;1;02/03/2026 09:48:56;;00;34;33903700;Locação de Mão de Obra;2100;UND;TC 030/SMDHC/2020 - Prestação de serviço Integrado de Segurança - SEDE - Principal;1;153186.74
01;PREFEITURA DO MUNICÍPIO DE SÃO PAULO;21807;28835;2026;2;27/02/2026 00:00:00;6074.2024/0006541-9;14340628000140;SAKURA DEDETIZADORA LTDA;33670;2024;34;SMDHC;Secretaria Municipal de Direitos Humanos e Cidadania;10;Gabinete do Secretário;14;Direitos da Cidadania;422;Direitos Individuais, Coletivos e Difusos;4023;Políticas para População Idosa;4330;Manutenção e Operação dos Equipamentos Públicos Voltados para Pessoa I;CPPI;Idoso;CPPI - Equipamentos;3;Despesas Correntes;3;Outras Despesas Correntes;90;Aplicações Diretas;39;Limpeza e Conservação;33903900;00.1.500.9001;Recursos não vinculados de Impostos;0;Dedetização, Descupinização e Outros;7;Outros Serviços de Terceiros - Pessoa Jurídica;34.10.14.422.4023.4330.33903900.00.1.500.9001;54.12;0.0;54.12;0.0;0.0;0.0;;500;9001;1;02/03/2026 09:48:56;;00;34;33903900;Contratação PJ com Fins Lucrativos;4330;UND;Contratação de empresa especializada na prestação de Serviços de Controle de Pragas Urbanas e Vetores, compreendendo: Desinsetização, Desratização e Descupinização - Idoso.;1;54.12
01;PREFEITURA DO MUNICÍPIO DE SÃO PAULO;21803;28841;2026;2;27/02/2026 00:00:00;6074.2020/0001537-6;23541357000182;RUBY SEGURANCA LTDA;14453;2020;34;SMDHC;Secretaria Municipal de Direitos Humanos e Cidadania;10;Gabinete do Secretário;14;Direitos da Cidadania;122;Administração Geral;4001;Suporte Administrativo;2100;Administração da Unidade;ADM;Administração;ADM;3;Despesas Correntes;3;Outras Despesas Correntes;90;Aplicações Diretas;37;Vigilância Ostensiva;33903700;00.1.500.9001;Recursos não vinculados de Impostos;9;Vigilância Ostensiva;0;Locação de Mão-de-Obra;34.10.14.122.4001.2100.33903700.00.1.500.9001;49663.12;0.0;49663.12;0.0;0.0;0.0;;500;9001;1;02/03/2026 09:48:56;;00;34;33903700;Locação de Mão de Obra;2100;UND;TC 030/SMDHC/2020 - Prestação de serviço Integrado de Segurança - SEDE SMDHC - Reajuste;1;49663.12
01;PREFEITURA DO MUNICÍPIO DE SÃO PAULO;21828;28900;2026;2;27/02/2026 00:00:00;6074.2020/0001537-6;23541357000182;RUBY SEGURANCA LTDA;14453;2020;34;SMDHC;Secretaria Municipal de Direitos Humanos e Cidadania;10;Gabinete do Secretário;14;Direitos da Cidadania;422;Direitos Individuais, Coletivos e Difusos;4018;Assistência e Proteção Sociais;2431;Manutenção e Operação de Equipamentos Públicos Voltados ao Atendimento;CPPSR;População em Situação de Rua;CPPSR - Equipamentos;3;Despesas Correntes;3;Outras Despesas Correntes;90;Aplicações Diretas;37;Vigilância Ostensiva;33903700;00.1.500.9001;Recursos não vinculados de Impostos;9;Vigilância Ostensiva;0;Locação de Mão-de-Obra;34.10.14.422.4018.2431.33903700.00.1.500.9001;118358.96;0.0;118358.96;0.0;0.0;0.0;;500;9001;1;02/03/2026 09:48:56;;00;34;33903700;Locação de Mão de Obra;2431;UND;TC 030/SMDHC/2020 - Prestação de serviço Integrado de Segurança - Pop Rua - Principal;1;118358.96
01;PREFEITURA DO MUNICÍPIO DE SÃO PAULO;21828;28908;2026;2;27/02/2026 00:00:00;6074.2020/0001537-6;23541357000182;RUBY SEGURANCA LTDA;14453;2020;34;SMDHC;Secretaria Municipal de Direitos Humanos e Cidadania;10;Gabinete do Secretário;14;Direitos da Cidadania;422;Direitos Individuais, Coletivos e Difusos;4018;Assistência e Proteção Sociais;2431;Manutenção e Operação de Equipamentos Públicos Voltados ao Atendimento;CPPSR;População em Situação de Rua;CPPSR - Equipamentos;3;Despesas Correntes;3;Outras Despesas Correntes;90;Aplicações Diretas;37;Vigilância Ostensiva;33903700;00.1.500.9001;Recursos não vinculados de Impostos;9;Vigilância Ostensiva;0;Locação de Mão-de-Obra;34.10.14.422.4018.2431.33903700.00.1.500.9001;38371.93;0.0;38371.93;0.0;0.0;0.0;;500;9001;1;02/03/2026 09:48:56;;00;34;33903700;Locação de Mão de Obra;2431;UND;TC 030/SMDHC/2020 - Prestação de serviço Integrado de Segurança - Pop Rua - Reajuste;1;38371.93
01;PREFEITURA DO MUNICÍPIO DE SÃO PAULO;21843;28913;2026;2;27/02/2026 00:00:00;6074.2020/0001537-6;23541357000182;RUBY SEGURANCA LTDA;14453;2020;34;SMDHC;Secretaria Municipal de Direitos Humanos e Cidadania;10;Gabinete do Secretário;14;Direitos da Cidadania;422;Direitos Individuais, Coletivos e Difusos;4024;Promoção da Cidadania e da Diversidade;4332;Manutenção da Ouvidoria de Direitos Humanos;ODH;Ouvidoria;ODH - Manutenção;3;Despesas Correntes;3;Outras Despesas Correntes;90;Aplicações Diretas;39;Vigilância Ostensiva / Monitorada;33903900;00.1.500.9001;Recursos não vinculados de Impostos;0;Guarda, Vigilância e Segurança em Geral;7;Outros Serviços de Terceiros - Pessoa Jurídica;34.10.14.422.4024.4332.33903900.00.1.500.9001;34827.78;0.0;34827.78;0.0;0.0;0.0;;500;9001;1;02/03/2026 09:48:56;;00;34;33903900;Contratação PJ com Fins Lucrativos;4332;UND;TC 030/SMDHC/2020 - Prestação de serviço Integrado de Segurança - Ouvidoria - Principal.;1;34827.78
01;PREFEITURA DO MUNICÍPIO DE SÃO PAULO;21843;28917;2026;2;27/02/2026 00:00:00;6074.2020/0001537-6;23541357000182;RUBY SEGURANCA LTDA;14453;2020;34;SMDHC;Secretaria Municipal de Direitos Humanos e Cidadania;10;Gabinete do Secretário;14;Direitos da Cidadania;422;Direitos Individuais, Coletivos e Difusos;4024;Promoção da Cidadania e da Diversidade;4332;Manutenção da Ouvidoria de Direitos Humanos;ODH;Ouvidoria;ODH - Manutenção;3;Despesas Correntes;3;Outras Despesas Correntes;90;Aplicações Diretas;39;Vigilância Ostensiva / Monitorada;33903900;00.1.500.9001;Recursos não vinculados de Impostos;0;Guarda, Vigilância e Segurança em Geral;7;Outros Serviços de Terceiros - Pessoa Jurídica;34.10.14.422.4024.4332.33903900.00.1.500.9001;11291.19;0.0;11291.19;0.0;0.0;0.0;;500;9001;1;02/03/2026 09:48:56;;00;34;33903900;Contratação PJ com Fins Lucrativos;4332;UND;TC 030/SMDHC/2020 - Prestação de serviço Integrado de Segurança - Ouvidoria - Reajuste.;1;11291.19
01;PREFEITURA DO MUNICÍPIO DE SÃO PAULO;21844;28921;2026;2;27/02/2026 00:00:00;6074.2020/0001537-6;23541357000182;RUBY SEGURANCA LTDA;14453;2020;34;SMDHC;Secretaria Municipal de Direitos Humanos e Cidadania;10;Gabinete do Secretário;14;Direitos da Cidadania;422;Direitos Individuais, Coletivos e Difusos;4024;Promoção da Cidadania e da Diversidade;4333;Manutenção e Operação do Centro Público de Economia Solidária e Direit;CPDDH;Centro Público;CPDDH;3;Despesas Correntes;3;Outras Despesas Correntes;90;Aplicações Diretas;37;Vigilância Ostensiva;33903700;00.1.500.9001;Recursos não vinculados de Impostos;9;Vigilância Ostensiva;0;Locação de Mão-de-Obra;34.10.14.422.4024.4333.33903700.00.1.500.9001;153186.74;0.0;153186.74;0.0;0.0;0.0;;500;9001;1;02/03/2026 09:48:56;;00;34;33903700;Locação de Mão de Obra;4333;UND;TC 030/SMDHC/2020 - Prestação de serviço Integrado de Segurança - Centro Publico - Principal.;1;153186.74
01;PREFEITURA DO MUNICÍPIO DE SÃO PAULO;21844;28927;2026;2;27/02/2026 00:00:00;6074.2020/0001537-6;23541357000182;RUBY SEGURANCA LTDA;14453;2020;34;SMDHC;Secretaria Municipal de Direitos Humanos e Cidadania;10;Gabinete do Secretário;14;Direitos da Cidadania;422;Direitos Individuais, Coletivos e Difusos;4024;Promoção da Cidadania e da Diversidade;4333;Manutenção e Operação do Centro Público de Economia Solidária e Direit;CPDDH;Centro Público;CPDDH;3;Despesas Correntes;3;Outras Despesas Correntes;90;Aplicações Diretas;37;Vigilância Ostensiva;33903700;00.1.500.9001;Recursos não vinculados de Impostos;9;Vigilância Ostensiva;0;Locação de Mão-de-Obra;34.10.14.422.4024.4333.33903700.00.1.500.9001;49663.12;0.0;49663.12;0.0;0.0;0.0;;500;9001;1;02/03/2026 09:48:56;;00;34;33903700;Locação de Mão de Obra;4333;UND;TC 030/SMDHC/2020 - Prestação de serviço Integrado de Segurança - Centro Publico - Reajuste.;1;49663.12
01;PREFEITURA DO MUNICÍPIO DE SÃO PAULO;21870;28971;2026;2;27/02/2026 00:00:00;6074.2020/0001537-6;23541357000182;RUBY SEGURANCA LTDA;14453;2020;34;SMDHC;Secretaria Municipal de Direitos Humanos e Cidadania;10;Gabinete do Secretário;14;Direitos da Cidadania;422;Direitos Individuais, Coletivos e Difusos;4024;Promoção da Cidadania e da Diversidade;2051;Manutenção e Operação de Equipamentos Públicos Voltados ao Atendimento;CPIPTD;Imigrantes;CPIPTD - Equipamentos;3;Despesas Correntes;3;Outras Despesas Correntes;90;Aplicações Diretas;37;Vigilância Ostensiva;33903700;00.1.500.9001;Recursos não vinculados de Impostos;9;Vigilância Ostensiva;0;Locação de Mão-de-Obra;34.10.14.422.4024.2051.33903700.00.1.500.9001;34827.78;0.0;34827.78;0.0;0.0;0.0;;500;9001;1;02/03/2026 09:48:56;;00;34;33903700;Locação de Mão de Obra;2051;UND;TC 030/SMDHC/2020 - Prestação de serviço Integrado de Segurança - CRAI - Principal.;1;34827.78
01;PREFEITURA DO MUNICÍPIO DE SÃO PAULO;21870;28976;2026;2;27/02/2026 00:00:00;6074.2020/0001537-6;23541357000182;RUBY SEGURANCA LTDA;14453;2020;34;SMDHC;Secretaria Municipal de Direitos Humanos e Cidadania;10;Gabinete do Secretário;14;Direitos da Cidadania;422;Direitos Individuais, Coletivos e Difusos;4024;Promoção da Cidadania e da Diversidade;2051;Manutenção e Operação de Equipamentos Públicos Voltados ao Atendimento;CPIPTD;Imigrantes;CPIPTD - Equipamentos;3;Despesas Correntes;3;Outras Despesas Correntes;90;Aplicações Diretas;37;Vigilância Ostensiva;33903700;00.1.500.9001;Recursos não vinculados de Impostos;9;Vigilância Ostensiva;0;Locação de Mão-de-Obra;34.10.14.422.4024.2051.33903700.00.1.500.9001;11291.19;0.0;11291.19;0.0;0.0;0.0;;500;9001;1;02/03/2026 09:48:56;;00;34;33903700;Locação de Mão de Obra;2051;UND;TC 030/SMDHC/2020 - Prestação de serviço Integrado de Segurança - CRAI - Reajuste;1;11291.19
01;PREFEITURA DO MUNICÍPIO DE SÃO PAULO;437;207;2026;1;19/01/2026 00:00:00;6074.2024/0007345-4;41028437000110;LESTER RAFAEL SILVA GARCIA 23779820854;33982;2025;78;FAASP;Fundo de Abastecimento Alimentar de São Paulo;10;Gabinete do Secretário;14;Direitos da Cidadania;422;Direitos Individuais, Coletivos e Difusos;4010;Segurança Alimentar e Nutricional;4426;Políticas, Programas e Ações de Subsistência, Segurança Alimentar e Nu;SESANA;Segurança Alimentar;SESANA - Políticas;3;Despesas Correntes;3;Outras Despesas Correntes;90;Aplicações Diretas;39;Fornecimento de Alimentação;33903900;00.1.500.9001;Recursos não vinculados de Impostos;9;Refeições Prontas;4;Outros Serviços de Terceiros - Pessoa Jurídica;78.10.14.422.4010.4426.33903900.00.1.500.9001;396000.0;0.0;396000.0;126000.0;36000.0;0.0;;500;9001;1;02/03/2026 09:48:57;;00;78;33903900;Contratação PJ com Fins Lucrativos;4426;uni;Prestação de serviço de fornecimento de refeições prontas para o Programa Rede Cozinha Cidadã, no período de 01/01/2026 a 12/05/2026.;1;396000.0
01;PREFEITURA DO MUNICÍPIO DE SÃO PAULO;437;216;2026;1;19/01/2026 00:00:00;6074.2024/0007345-4;58091213000156;GRILL SE RESTAURANTE LTDA;33984;2025;78;FAASP;Fundo de Abastecimento Alimentar de São Paulo;10;Gabinete do Secretário;14;Direitos da Cidadania;422;Direitos Individuais, Coletivos e Difusos;4010;Segurança Alimentar e Nutricional;4426;Políticas, Programas e Ações de Subsistência, Segurança Alimentar e Nu;SESANA;Segurança Alimentar;SESANA - Políticas;3;Despesas Correntes;3;Outras Despesas Correntes;90;Aplicações Diretas;39;Fornecimento de Alimentação;33903900;00.1.500.9001;Recursos não vinculados de Impostos;9;Refeições Prontas;4;Outros Serviços de Terceiros - Pessoa Jurídica;78.10.14.422.4010.4426.33903900.00.1.500.9001;396000.0;0.0;396000.0;126000.0;36000.0;0.0;;500;9001;1;02/03/2026 09:48:57;;00;78;33903900;Contratação PJ com Fins Lucrativos;4426;uni;Prestação de serviço de fornecimento de refeições prontas para o Programa Rede Cozinha Cidadã, no período de 01/01/2026 a 12/05/2026.;1;396000.0
01;PREFEITURA DO MUNICÍPIO DE SÃO PAULO;437;217;2026;1;19/01/2026 00:00:00;6074.2024/0007345-4;44675110000129;SABOR DA RAIZ RESTAURANTE LTDA;33986;2025;78;FAASP;Fundo de Abastecimento Alimentar de São Paulo;10;Gabinete do Secretário;14;Direitos da Cidadania;422;Direitos Individuais, Coletivos e Difusos;4010;Segurança Alimentar e Nutricional;4426;Políticas, Programas e Ações de Subsistência, Segurança Alimentar e Nu;SESANA;Segurança Alimentar;SESANA - Políticas;3;Despesas Correntes;3;Outras Despesas Correntes;90;Aplicações Diretas;39;Fornecimento de Alimentação;33903900;00.1.500.9001;Recursos não vinculados de Impostos;9;Refeições Prontas;4;Outros Serviços de Terceiros - Pessoa Jurídica;78.10.14.422.4010.4426.33903900.00.1.500.9001;396000.0;0.0;396000.0;126000.0;36000.0;0.0;;500;9001;1;02/03/2026 09:48:57;;00;78;33903900;Contratação PJ com Fins Lucrativos;4426;UN;Prestação de serviço de fornecimento de refeições prontas para o Programa Rede Cozinha Cidadã, no período de 01/01/2026 a 12/05/2026.;1;396000.0
01;PREFEITURA DO MUNICÍPIO DE SÃO PAULO;437;222;2026;1;19/01/2026 00:00:00;6074.2024/0007345-4;58614624000189;58614624 NICHOLAS CHARLES SILVA PELEGRINI;33990;2025;78;FAASP;Fundo de Abastecimento Alimentar de São Paulo;10;Gabinete do Secretário;14;Direitos da Cidadania;422;Direitos Individuais, Coletivos e Difusos;4010;Segurança Alimentar e Nutricional;4426;Políticas, Programas e Ações de Subsistência, Segurança Alimentar e Nu;SESANA;Segurança Alimentar;SESANA - Políticas;3;Despesas Correntes;3;Outras Despesas Correntes;90;Aplicações Diretas;39;Fornecimento de Alimentação;33903900;00.1.500.9001;Recursos não vinculados de Impostos;9;Refeições Prontas;4;Outros Serviços de Terceiros - Pessoa Jurídica;78.10.14.422.4010.4426.33903900.00.1.500.9001;396000.0;0.0;396000.0;126000.0;36000.0;0.0;;500;9001;1;02/03/2026 09:48:57;;00;78;33903900;Contratação PJ com Fins Lucrativos;4426;uni;Prestação de serviço de fornecimento de refeições prontas para o Programa Rede Cozinha Cidadã, no período de 01/01/2026 a 12/05/2026.;1;396000.0
01;PREFEITURA DO MUNICÍPIO DE SÃO PAULO;437;223;2026;1;19/01/2026 00:00:00;6074.2024/0007345-4;54700621000107;MARMITEX DO PAULINHO;33991;2025;78;FAASP;Fundo de Abastecimento Alimentar de São Paulo;10;Gabinete do Secretário;14;Direitos da Cidadania;422;Direitos Individuais, Coletivos e Difusos;4010;Segurança Alimentar e Nutricional;4426;Políticas, Programas e Ações de Subsistência, Segurança Alimentar e Nu;SESANA;Segurança Alimentar;SESANA - Políticas;3;Despesas Correntes;3;Outras Despesas Correntes;90;Aplicações Diretas;39;Fornecimento de Alimentação;33903900;00.1.500.9001;Recursos não vinculados de Impostos;9;Refeições Prontas;4;Outros Serviços de Terceiros - Pessoa Jurídica;78.10.14.422.4010.4426.33903900.00.1.500.9001;396000.0;0.0;396000.0;126000.0;36000.0;0.0;;500;9001;1;02/03/2026 09:48:57;;00;78;33903900;Contratação PJ com Fins Lucrativos;4426;UN;Prestação de serviço de fornecimento de refeições prontas para o Programa Rede Cozinha Cidadã, no período de 01/01/2026 a 12/05/2026.;1;396000.0
01;PREFEITURA DO MUNICÍPIO DE SÃO PAULO;437;227;2026;1;19/01/2026 00:00:00;6074.2024/0007345-4;34640030000184;BAR E RESTAURANTE BOTECO DO MURRUGA LTDA;34001;2025;78;FAASP;Fundo de Abastecimento Alimentar de São Paulo;10;Gabinete do Secretário;14;Direitos da Cidadania;422;Direitos Individuais, Coletivos e Difusos;4010;Segurança Alimentar e Nutricional;4426;Políticas, Programas e Ações de Subsistência, Segurança Alimentar e Nu;SESANA;Segurança Alimentar;SESANA - Políticas;3;Despesas Correntes;3;Outras Despesas Correntes;90;Aplicações Diretas;39;Fornecimento de Alimentação;33903900;00.1.500.9001;Recursos não vinculados de Impostos;9;Refeições Prontas;4;Outros Serviços de Terceiros - Pessoa Jurídica;78.10.14.422.4010.4426.33903900.00.1.500.9001;396000.0;0.0;396000.0;126000.0;36000.0;0.0;;500;9001;1;02/03/2026 09:48:57;;00;78;33903900;Contratação PJ com Fins Lucrativos;4426;UN;Prestação de serviço de fornecimento de refeições prontas para o Programa Rede Cozinha Cidadã, no período de 01/01/2026 a 12/05/2026.;1;396000.0
01;PREFEITURA DO MUNICÍPIO DE SÃO PAULO;437;230;2026;1;19/01/2026 00:00:00;6074.2024/0007345-4;58618861000118;58618861 BENILDA DE MELO;33995;2025;78;FAASP;Fundo de Abastecimento Alimentar de São Paulo;10;Gabinete do Secretário;14;Direitos da Cidadania;422;Direitos Individuais, Coletivos e Difusos;4010;Segurança Alimentar e Nutricional;4426;Políticas, Programas e Ações de Subsistência, Segurança Alimentar e Nu;SESANA;Segurança Alimentar;SESANA - Políticas;3;Despesas Correntes;3;Outras Despesas Correntes;90;Aplicações Diretas;39;Fornecimento de Alimentação;33903900;00.1.500.9001;Recursos não vinculados de Impostos;9;Refeições Prontas;4;Outros Serviços de Terceiros - Pessoa Jurídica;78.10.14.422.4010.4426.33903900.00.1.500.9001;396000.0;0.0;396000.0;126000.0;36000.0;0.0;;500;9001;1;02/03/2026 09:48:57;;00;78;33903900;Contratação PJ com Fins Lucrativos;4426;uni;Prestação de serviço de fornecimento de refeições prontas para o Programa Rede Cozinha Cidadã, no período de 01/01/2026 a 12/05/2026.;1;396000.0
01;PREFEITURA DO MUNICÍPIO DE SÃO PAULO;437;233;2026;1;19/01/2026 00:00:00;6074.2024/0007345-4;50889027000155;50889027 DEYSIANE DA SILVA;34005;2025;78;FAASP;Fundo de Abastecimento Alimentar de São Paulo;10;Gabinete do Secretário;14;Direitos da Cidadania;422;Direitos Individuais, Coletivos e Difusos;4010;Segurança Alimentar e Nutricional;4426;Políticas, Programas e Ações de Subsistência, Segurança Alimentar e Nu;SESANA;Segurança Alimentar;SESANA - Políticas;3;Despesas Correntes;3;Outras Despesas Correntes;90;Aplicações Diretas;39;Fornecimento de Alimentação;33903900;00.1.500.9001;Recursos não vinculados de Impostos;9;Refeições Prontas;4;Outros Serviços de Terceiros - Pessoa Jurídica;78.10.14.422.4010.4426.33903900.00.1.500.9001;396000.0;0.0;396000.0;126000.0;36000.0;0.0;;500;9001;1;02/03/2026 09:48:57;;00;78;33903900;Contratação PJ com Fins Lucrativos;4426;UN;Prestação de serviço de fornecimento de refeições prontas para o Programa Rede Cozinha Cidadã, no período de 01/01/2026 a 12/05/2026.;1;396000.0
01;PREFEITURA DO MUNICÍPIO DE SÃO PAULO;437;236;2026;1;19/01/2026 00:00:00;6074.2024/0007345-4;57487947000196;KIZLAR ALIMENTOS LTDA;34002;2025;78;FAASP;Fundo de Abastecimento Alimentar de São Paulo;10;Gabinete do Secretário;14;Direitos da Cidadania;422;Direitos Individuais, Coletivos e Difusos;4010;Segurança Alimentar e Nutricional;4426;Políticas, Programas e Ações de Subsistência, Segurança Alimentar e Nu;SESANA;Segurança Alimentar;SESANA - Políticas;3;Despesas Correntes;3;Outras Despesas Correntes;90;Aplicações Diretas;39;Fornecimento de Alimentação;33903900;00.1.500.9001;Recursos não vinculados de Impostos;9;Refeições Prontas;4;Outros Serviços de Terceiros - Pessoa Jurídica;78.10.14.422.4010.4426.33903900.00.1.500.9001;396000.0;0.0;396000.0;126000.0;36000.0;0.0;;500;9001;1;02/03/2026 09:48:57;;00;78;33903900;Contratação PJ com Fins Lucrativos;4426;uni;Prestação de serviço de fornecimento de refeições prontas para o Programa Rede Cozinha Cidadã, no período de 01/01/2026 a 12/05/2026;1;396000.0
01;PREFEITURA DO MUNICÍPIO DE SÃO PAULO;437;238;2026;1;19/01/2026 00:00:00;6074.2024/0007345-4;48747434000186;RESTAURANTE DA MARI LTDA;34008;2025;78;FAASP;Fundo de Abastecimento Alimentar de São Paulo;10;Gabinete do Secretário;14;Direitos da Cidadania;422;Direitos Individuais, Coletivos e Difusos;4010;Segurança Alimentar e Nutricional;4426;Políticas, Programas e Ações de Subsistência, Segurança Alimentar e Nu;SESANA;Segurança Alimentar;SESANA - Políticas;3;Despesas Correntes;3;Outras Despesas Correntes;90;Aplicações Diretas;39;Fornecimento de Alimentação;33903900;00.1.500.9001;Recursos não vinculados de Impostos;9;Refeições Prontas;4;Outros Serviços de Terceiros - Pessoa Jurídica;78.10.14.422.4010.4426.33903900.00.1.500.9001;396000.0;0.0;396000.0;126000.0;36000.0;0.0;;500;9001;1;02/03/2026 09:48:57;;00;78;33903900;Contratação PJ com Fins Lucrativos;4426;UN;Prestação de serviço de fornecimento de refeições prontas para o Programa Rede Cozinha Cidadã, no período de 01/01/2026 a 12/05/2026.;1;396000.0
01;PREFEITURA DO MUNICÍPIO DE SÃO PAULO;437;241;2026;1;19/01/2026 00:00:00;6074.2024/0007345-4;58615722000130;HARLOY EVENTOS E SERVICOS INOVA SIMPLES IS;34062;2025;78;FAASP;Fundo de Abastecimento Alimentar de São Paulo;10;Gabinete do Secretário;14;Direitos da Cidadania;422;Direitos Individuais, Coletivos e Difusos;4010;Segurança Alimentar e Nutricional;4426;Políticas, Programas e Ações de Subsistência, Segurança Alimentar e Nu;SESANA;Segurança Alimentar;SESANA - Políticas;3;Despesas Correntes;3;Outras Despesas Correntes;90;Aplicações Diretas;39;Fornecimento de Alimentação;33903900;00.1.500.9001;Recursos não vinculados de Impostos;9;Refeições Prontas;4;Outros Serviços de Terceiros - Pessoa Jurídica;78.10.14.422.4010.4426.33903900.00.1.500.9001;396000.0;0.0;396000.0;126000.0;36000.0;0.0;;500;9001;1;02/03/2026 09:48:57;;00;78;33903900;Contratação PJ com Fins Lucrativos;4426;UN;Prestação de serviço de fornecimento de refeições prontas para o Programa Rede Cozinha Cidadã, no período de 01/01/2026 a 12/05/2026.;1;396000.0
01;PREFEITURA DO MUNICÍPIO DE SÃO PAULO;437;244;2026;1;19/01/2026 00:00:00;6074.2024/0007345-4;14430258000132;BAR E RESTAURANTE CENTRAL BRAS LTDA;34009;2025;78;FAASP;Fundo de Abastecimento Alimentar de São Paulo;10;Gabinete do Secretário;14;Direitos da Cidadania;422;Direitos Individuais, Coletivos e Difusos;4010;Segurança Alimentar e Nutricional;4426;Políticas, Programas e Ações de Subsistência, Segurança Alimentar e Nu;SESANA;Segurança Alimentar;SESANA - Políticas;3;Despesas Correntes;3;Outras Despesas Correntes;90;Aplicações Diretas;39;Fornecimento de Alimentação;33903900;00.1.500.9001;Recursos não vinculados de Impostos;9;Refeições Prontas;4;Outros Serviços de Terceiros - Pessoa Jurídica;78.10.14.422.4010.4426.33903900.00.1.500.9001;396000.0;0.0;396000.0;36000.0;36000.0;0.0;;500;9001;1;02/03/2026 09:48:57;;00;78;33903900;Contratação PJ com Fins Lucrativos;4426;uni;Prestação de serviço de fornecimento de refeições prontas para o Programa Rede Cozinha Cidadã, no período de 01/01/2026 a 12/05/2026.;1;396000.0
01;PREFEITURA DO MUNICÍPIO DE SÃO PAULO;437;246;2026;1;19/01/2026 00:00:00;6074.2024/0007345-4;51534845000106;ESPACO LUX BAR LTDA;34019;2025;78;FAASP;Fundo de Abastecimento Alimentar de São Paulo;10;Gabinete do Secretário;14;Direitos da Cidadania;422;Direitos Individuais, Coletivos e Difusos;4010;Segurança Alimentar e Nutricional;4426;Políticas, Programas e Ações de Subsistência, Segurança Alimentar e Nu;SESANA;Segurança Alimentar;SESANA - Políticas;3;Despesas Correntes;3;Outras Despesas Correntes;90;Aplicações Diretas;39;Fornecimento de Alimentação;33903900;00.1.500.9001;Recursos não vinculados de Impostos;9;Refeições Prontas;4;Outros Serviços de Terceiros - Pessoa Jurídica;78.10.14.422.4010.4426.33903900.00.1.500.9001;396000.0;0.0;396000.0;126000.0;0.0;0.0;;500;9001;1;02/03/2026 09:48:57;;00;78;33903900;Contratação PJ com Fins Lucrativos;4426;UN;Prestação de serviço de fornecimento de refeições prontas para o Programa Rede Cozinha Cidadã, no período de 01/01/2026 a 12/05/2026.;1;396000.0
01;PREFEITURA DO MUNICÍPIO DE SÃO PAULO;437;250;2026;1;19/01/2026 00:00:00;6074.2024/0007345-4;56702479000162;LEXUS SERVICOS INOVA SIMPLES IS;34063;2025;78;FAASP;Fundo de Abastecimento Alimentar de São Paulo;10;Gabinete do Secretário;14;Direitos da Cidadania;422;Direitos Individuais, Coletivos e Difusos;4010;Segurança Alimentar e Nutricional;4426;Políticas, Programas e Ações de Subsistência, Segurança Alimentar e Nu;SESANA;Segurança Alimentar;SESANA - Políticas;3;Despesas Correntes;3;Outras Despesas Correntes;90;Aplicações Diretas;39;Fornecimento de Alimentação;33903900;00.1.500.9001;Recursos não vinculados de Impostos;9;Refeições Prontas;4;Outros Serviços de Terceiros - Pessoa Jurídica;78.10.14.422.4010.4426.33903900.00.1.500.9001;396000.0;0.0;396000.0;126000.0;36000.0;0.0;;500;9001;1;02/03/2026 09:48:57;;00;78;33903900;Contratação PJ com Fins Lucrativos;4426;UN;Prestação de serviço de fornecimento de refeições prontas para o Programa Rede Cozinha Cidadã, no período de 01/01/2026 a 12/05/2026.;1;396000.0
01;PREFEITURA DO MUNICÍPIO DE SÃO PAULO;437;251;2026;1;19/01/2026 00:00:00;6074.2024/0007345-4;55898582000167;COZER EVENTOS GASTRONOMICOS LTDA;34014;2025;78;FAASP;Fundo de Abastecimento Alimentar de São Paulo;10;Gabinete do Secretário;14;Direitos da Cidadania;422;Direitos Individuais, Coletivos e Difusos;4010;Segurança Alimentar e Nutricional;4426;Políticas, Programas e Ações de Subsistência, Segurança Alimentar e Nu;SESANA;Segurança Alimentar;SESANA - Políticas;3;Despesas Correntes;3;Outras Despesas Correntes;90;Aplicações Diretas;39;Fornecimento de Alimentação;33903900;00.1.500.9001;Recursos não vinculados de Impostos;9;Refeições Prontas;4;Outros Serviços de Terceiros - Pessoa Jurídica;78.10.14.422.4010.4426.33903900.00.1.500.9001;396000.0;0.0;396000.0;126000.0;126000.0;0.0;;500;9001;1;02/03/2026 09:48:57;;00;78;33903900;Contratação PJ com Fins Lucrativos;4426;uni;Prestação de serviço de fornecimento de refeições prontas para o Programa Rede Cozinha Cidadã, no período de 01/01/2026 a 12/05/2026.;1;396000.0
01;PREFEITURA DO MUNICÍPIO DE SÃO PAULO;437;254;2026;1;19/01/2026 00:00:00;6074.2024/0007345-4;57801467000158;Q TAL MARMITARIA LTDA;34023;2025;78;FAASP;Fundo de Abastecimento Alimentar de São Paulo;10;Gabinete do Secretário;14;Direitos da Cidadania;422;Direitos Individuais, Coletivos e Difusos;4010;Segurança Alimentar e Nutricional;4426;Políticas, Programas e Ações de Subsistência, Segurança Alimentar e Nu;SESANA;Segurança Alimentar;SESANA - Políticas;3;Despesas Correntes;3;Outras Despesas Correntes;90;Aplicações Diretas;39;Fornecimento de Alimentação;33903900;00.1.500.9001;Recursos não vinculados de Impostos;9;Refeições Prontas;4;Outros Serviços de Terceiros - Pessoa Jurídica;78.10.14.422.4010.4426.33903900.00.1.500.9001;396000.0;0.0;396000.0;126000.0;36000.0;0.0;;500;9001;1;02/03/2026 09:48:57;;00;78;33903900;Contratação PJ com Fins Lucrativos;4426;UN;Prestação de serviço de fornecimento de refeições prontas para o Programa Rede Cozinha Cidadã, no período de 01/01/2026 a 12/05/2026.;1;396000.0
01;PREFEITURA DO MUNICÍPIO DE SÃO PAULO;437;258;2026;1;19/01/2026 00:00:00;6074.2024/0007345-4;58898348000128;58898348 RENATO PIREZ DA SILVA;34024;2025;78;FAASP;Fundo de Abastecimento Alimentar de São Paulo;10;Gabinete do Secretário;14;Direitos da Cidadania;422;Direitos Individuais, Coletivos e Difusos;4010;Segurança Alimentar e Nutricional;4426;Políticas, Programas e Ações de Subsistência, Segurança Alimentar e Nu;SESANA;Segurança Alimentar;SESANA - Políticas;3;Despesas Correntes;3;Outras Despesas Correntes;90;Aplicações Diretas;39;Fornecimento de Alimentação;33903900;00.1.500.9001;Recursos não vinculados de Impostos;9;Refeições Prontas;4;Outros Serviços de Terceiros - Pessoa Jurídica;78.10.14.422.4010.4426.33903900.00.1.500.9001;396000.0;0.0;396000.0;126000.0;36000.0;0.0;;500;9001;1;02/03/2026 09:48:57;;00;78;33903900;Contratação PJ com Fins Lucrativos;4426;UN;Prestação de serviço de fornecimento de refeições prontas para o Programa Rede Cozinha Cidadã, no período de 01/01/2026 a 12/05/2026.;1;396000.0
01;PREFEITURA DO MUNICÍPIO DE SÃO PAULO;437;259;2026;1;19/01/2026 00:00:00;6074.2024/0007345-4;18081736000105;CHAPUZ DO SUL COMERCIO DE ALIMENTOS LTDA;34018;2025;78;FAASP;Fundo de Abastecimento Alimentar de São Paulo;10;Gabinete do Secretário;14;Direitos da Cidadania;422;Direitos Individuais, Coletivos e Difusos;4010;Segurança Alimentar e Nutricional;4426;Políticas, Programas e Ações de Subsistência, Segurança Alimentar e Nu;SESANA;Segurança Alimentar;SESANA - Políticas;3;Despesas Correntes;3;Outras Despesas Correntes;90;Aplicações Diretas;39;Fornecimento de Alimentação;33903900;00.1.500.9001;Recursos não vinculados de Impostos;9;Refeições Prontas;4;Outros Serviços de Terceiros - Pessoa Jurídica;78.10.14.422.4010.4426.33903900.00.1.500.9001;396000.0;0.0;396000.0;126000.0;36000.0;0.0;;500;9001;1;02/03/2026 09:48:57;;00;78;33903900;Contratação PJ com Fins Lucrativos;4426;uni;Prestação de serviço de fornecimento de refeições prontas para o Programa Rede Cozinha Cidadã, no período de 01/01/2026 a 12/05/2026;1;396000.0
01;PREFEITURA DO MUNICÍPIO DE SÃO PAULO;437;263;2026;1;19/01/2026 00:00:00;6074.2024/0007345-4;46569097000159;MARILDA DO NASCIMENTO MARQUES PEDRO;34186;2025;78;FAASP;Fundo de Abastecimento Alimentar de São Paulo;10;Gabinete do Secretário;14;Direitos da Cidadania;422;Direitos Individuais, Coletivos e Difusos;4010;Segurança Alimentar e Nutricional;4426;Políticas, Programas e Ações de Subsistência, Segurança Alimentar e Nu;SESANA;Segurança Alimentar;SESANA - Políticas;3;Despesas Correntes;3;Outras Despesas Correntes;90;Aplicações Diretas;39;Fornecimento de Alimentação;33903900;00.1.500.9001;Recursos não vinculados de Impostos;9;Refeições Prontas;4;Outros Serviços de Terceiros - Pessoa Jurídica;78.10.14.422.4010.4426.33903900.00.1.500.9001;396000.0;0.0;396000.0;126000.0;36000.0;0.0;;500;9001;1;02/03/2026 09:48:57;;00;78;33903900;Contratação PJ com Fins Lucrativos;4426;UN;Prestação de serviço de fornecimento de refeições prontas para o Programa Rede Cozinha Cidadã, no período de 01/01/2026 a 12/05/2026.;1;396000.0
01;PREFEITURA DO MUNICÍPIO DE SÃO PAULO;437;265;2026;1;19/01/2026 00:00:00;6074.2024/0007345-4;40667980000103;REGIANE DOS SANTOS IKEDA COMERCIO E SERVICOS;34021;2025;78;FAASP;Fundo de Abastecimento Alimentar de São Paulo;10;Gabinete do Secretário;14;Direitos da Cidadania;422;Direitos Individuais, Coletivos e Difusos;4010;Segurança Alimentar e Nutricional;4426;Políticas, Programas e Ações de Subsistência, Segurança Alimentar e Nu;SESANA;Segurança Alimentar;SESANA - Políticas;3;Despesas Correntes;3;Outras Despesas Correntes;90;Aplicações Diretas;39;Fornecimento de Alimentação;33903900;00.1.500.9001;Recursos não vinculados de Impostos;9;Refeições Prontas;4;Outros Serviços de Terceiros - Pessoa Jurídica;78.10.14.422.4010.4426.33903900.00.1.500.9001;396000.0;0.0;396000.0;126000.0;36000.0;0.0;;500;9001;1;02/03/2026 09:48:57;;00;78;33903900;Contratação PJ com Fins Lucrativos;4426;uni;Prestação de serviço de fornecimento de refeições prontas para o Programa Rede Cozinha Cidadã, no período de 01/01/2026 a 12/05/2026.;1;396000.0
01;PREFEITURA DO MUNICÍPIO DE SÃO PAULO;437;266;2026;1;19/01/2026 00:00:00;6074.2024/0007345-4;57431897000125;HELOYSE GRAZIELE DO NASCIMENTO MARQUES PEDRO;34188;2025;78;FAASP;Fundo de Abastecimento Alimentar de São Paulo;10;Gabinete do Secretário;14;Direitos da Cidadania;422;Direitos Individuais, Coletivos e Difusos;4010;Segurança Alimentar e Nutricional;4426;Políticas, Programas e Ações de Subsistência, Segurança Alimentar e Nu;SESANA;Segurança Alimentar;SESANA - Políticas;3;Despesas Correntes;3;Outras Despesas Correntes;90;Aplicações Diretas;39;Fornecimento de Alimentação;33903900;00.1.500.9001;Recursos não vinculados de Impostos;9;Refeições Prontas;4;Outros Serviços de Terceiros - Pessoa Jurídica;78.10.14.422.4010.4426.33903900.00.1.500.9001;396000.0;0.0;396000.0;126000.0;36000.0;0.0;;500;9001;1;02/03/2026 09:48:57;;00;78;33903900;Contratação PJ com Fins Lucrativos;4426;UN;Prestação de serviço de fornecimento de refeições prontas para o Programa Rede Cozinha Cidadã, no período de 01/01/2026 a 12/05/2026.;1;396000.0
01;PREFEITURA DO MUNICÍPIO DE SÃO PAULO;437;268;2026;1;19/01/2026 00:00:00;6074.2024/0007345-4;11730705000180;ASSOCIACAO ATLETICA DE FUTEBOL FAMILIA SEM VALOR;34192;2025;78;FAASP;Fundo de Abastecimento Alimentar de São Paulo;10;Gabinete do Secretário;14;Direitos da Cidadania;422;Direitos Individuais, Coletivos e Difusos;4010;Segurança Alimentar e Nutricional;4426;Políticas, Programas e Ações de Subsistência, Segurança Alimentar e Nu;SESANA;Segurança Alimentar;SESANA - Políticas;3;Despesas Correntes;3;Outras Despesas Correntes;90;Aplicações Diretas;39;Fornecimento de Alimentação;33903900;00.1.500.9001;Recursos não vinculados de Impostos;9;Refeições Prontas;4;Outros Serviços de Terceiros - Pessoa Jurídica;78.10.14.422.4010.4426.33903900.00.1.500.9001;396000.0;0.0;396000.0;126000.0;36000.0;0.0;;500;9001;1;02/03/2026 09:48:57;;00;78;33903900;Contratação PJ com Fins Lucrativos;4426;UN;Prestação de serviço de fornecimento de refeições prontas para o Programa Rede Cozinha Cidadã, no período de 01/01/2026 a 12/05/2026.;1;396000.0
01;PREFEITURA DO MUNICÍPIO DE SÃO PAULO;437;271;2026;1;19/01/2026 00:00:00;6074.2024/0007345-4;57527275000103;VERSATILE GASTRONOMICA LTDA;34193;2025;78;FAASP;Fundo de Abastecimento Alimentar de São Paulo;10;Gabinete do Secretário;14;Direitos da Cidadania;422;Direitos Individuais, Coletivos e Difusos;4010;Segurança Alimentar e Nutricional;4426;Políticas, Programas e Ações de Subsistência, Segurança Alimentar e Nu;SESANA;Segurança Alimentar;SESANA - Políticas;3;Despesas Correntes;3;Outras Despesas Correntes;90;Aplicações Diretas;39;Fornecimento de Alimentação;33903900;00.1.500.9001;Recursos não vinculados de Impostos;9;Refeições Prontas;4;Outros Serviços de Terceiros - Pessoa Jurídica;78.10.14.422.4010.4426.33903900.00.1.500.9001;396000.0;0.0;396000.0;126000.0;36000.0;0.0;;500;9001;1;02/03/2026 09:48:57;;00;78;33903900;Contratação PJ com Fins Lucrativos;4426;UN;Prestação de serviço de fornecimento de refeições prontas para o Programa Rede Cozinha Cidadã, no período de 01/01/2026 a 12/05/2026.;1;396000.0
01;PREFEITURA DO MUNICÍPIO DE SÃO PAULO;437;273;2026;1;19/01/2026 00:00:00;6074.2024/0007345-4;42721488000196;GABRIEL JACOMO MORAES DA CONCEICAO 47216970829;34195;2025;78;FAASP;Fundo de Abastecimento Alimentar de São Paulo;10;Gabinete do Secretário;14;Direitos da Cidadania;422;Direitos Individuais, Coletivos e Difusos;4010;Segurança Alimentar e Nutricional;4426;Políticas, Programas e Ações de Subsistência, Segurança Alimentar e Nu;SESANA;Segurança Alimentar;SESANA - Políticas;3;Despesas Correntes;3;Outras Despesas Correntes;90;Aplicações Diretas;39;Fornecimento de Alimentação;33903900;00.1.500.9001;Recursos não vinculados de Impostos;9;Refeições Prontas;4;Outros Serviços de Terceiros - Pessoa Jurídica;78.10.14.422.4010.4426.33903900.00.1.500.9001;396000.0;0.0;396000.0;36000.0;36000.0;0.0;;500;9001;1;02/03/2026 09:48:57;;00;78;33903900;Contratação PJ com Fins Lucrativos;4426;UN;Prestação de serviço de fornecimento de refeições prontas para o Programa Rede Cozinha Cidadã, no período de 01/01/2026 a 12/05/2026.;1;396000.0
01;PREFEITURA DO MUNICÍPIO DE SÃO PAULO;437;276;2026;1;19/01/2026 00:00:00;6074.2024/0007345-4;32036645000170;FLOR DE MANDACARU COMERCIO DE ALIMENTOS LTDA;34010;2025;78;FAASP;Fundo de Abastecimento Alimentar de São Paulo;10;Gabinete do Secretário;14;Direitos da Cidadania;422;Direitos Individuais, Coletivos e Difusos;4010;Segurança Alimentar e Nutricional;4426;Políticas, Programas e Ações de Subsistência, Segurança Alimentar e Nu;SESANA;Segurança Alimentar;SESANA - Políticas;3;Despesas Correntes;3;Outras Despesas Correntes;90;Aplicações Diretas;39;Fornecimento de Alimentação;33903900;00.1.500.9001;Recursos não vinculados de Impostos;9;Refeições Prontas;4;Outros Serviços de Terceiros - Pessoa Jurídica;78.10.14.422.4010.4426.33903900.00.1.500.9001;396000.0;0.0;396000.0;126000.0;36000.0;0.0;;500;9001;1;02/03/2026 09:48:57;;00;78;33903900;Contratação PJ com Fins Lucrativos;4426;UN;Prestação de serviço de fornecimento de refeições prontas para o Programa Rede Cozinha Cidadã, no período de 01/01/2026 a 12/05/2026.;1;396000.0
01;PREFEITURA DO MUNICÍPIO DE SÃO PAULO;437;283;2026;1;19/01/2026 00:00:00;6074.2024/0007345-4;25901363000129;INSTITUTO PRIMEIRO AMOR;34013;2025;78;FAASP;Fundo de Abastecimento Alimentar de São Paulo;10;Gabinete do Secretário;14;Direitos da Cidadania;422;Direitos Individuais, Coletivos e Difusos;4010;Segurança Alimentar e Nutricional;4426;Políticas, Programas e Ações de Subsistência, Segurança Alimentar e Nu;SESANA;Segurança Alimentar;SESANA - Políticas;3;Despesas Correntes;3;Outras Despesas Correntes;90;Aplicações Diretas;39;Fornecimento de Alimentação;33903900;00.1.500.9001;Recursos não vinculados de Impostos;9;Refeições Prontas;4;Outros Serviços de Terceiros - Pessoa Jurídica;78.10.14.422.4010.4426.33903900.00.1.500.9001;396000.0;0.0;396000.0;36000.0;36000.0;0.0;;500;9001;1;02/03/2026 09:48:57;;00;78;33903900;Contratação PJ com Fins Lucrativos;4426;UN;Prestação de serviço de fornecimento de refeições prontas para o Programa Rede Cozinha Cidadã, no período de 01/01/2026 a 12/05/2026.;1;396000.0
01;PREFEITURA DO MUNICÍPIO DE SÃO PAULO;437;286;2026;1;19/01/2026 00:00:00;6074.2024/0007345-4;48198130000107;JULIANA DOMINGOS 33057034829;34051;2025;78;FAASP;Fundo de Abastecimento Alimentar de São Paulo;10;Gabinete do Secretário;14;Direitos da Cidadania;422;Direitos Individuais, Coletivos e Difusos;4010;Segurança Alimentar e Nutricional;4426;Políticas, Programas e Ações de Subsistência, Segurança Alimentar e Nu;SESANA;Segurança Alimentar;SESANA - Políticas;3;Despesas Correntes;3;Outras Despesas Correntes;90;Aplicações Diretas;39;Fornecimento de Alimentação;33903900;00.1.500.9001;Recursos não vinculados de Impostos;9;Refeições Prontas;4;Outros Serviços de Terceiros - Pessoa Jurídica;78.10.14.422.4010.4426.33903900.00.1.500.9001;396000.0;0.0;396000.0;126000.0;36000.0;0.0;;500;9001;1;02/03/2026 09:48:57;;00;78;33903900;Contratação PJ com Fins Lucrativos;4426;und;Prestação de serviço de fornecimento de refeições prontas para o Programa Rede Cozinha Cidadã, no período de 01/01/2026 a 12/05/2026;1;396000.0
01;PREFEITURA DO MUNICÍPIO DE SÃO PAULO;437;287;2026;1;19/01/2026 00:00:00;6074.2024/0007345-4;17605563000106;ASSOCIACAO SEMENTES DO FUTURO;34015;2025;78;FAASP;Fundo de Abastecimento Alimentar de São Paulo;10;Gabinete do Secretário;14;Direitos da Cidadania;422;Direitos Individuais, Coletivos e Difusos;4010;Segurança Alimentar e Nutricional;4426;Políticas, Programas e Ações de Subsistência, Segurança Alimentar e Nu;SESANA;Segurança Alimentar;SESANA - Políticas;3;Despesas Correntes;3;Outras Despesas Correntes;90;Aplicações Diretas;39;Fornecimento de Alimentação;33903900;00.1.500.9001;Recursos não vinculados de Impostos;9;Refeições Prontas;4;Outros Serviços de Terceiros - Pessoa Jurídica;78.10.14.422.4010.4426.33903900.00.1.500.9001;396000.0;0.0;396000.0;126000.0;36000.0;0.0;;500;9001;1;02/03/2026 09:48:57;;00;78;33903900;Contratação PJ com Fins Lucrativos;4426;UN;Prestação de serviço de fornecimento de refeições prontas para o Programa Rede Cozinha Cidadã, no período de 01/01/2026 a 12/05/2026.;1;396000.0
01;PREFEITURA DO MUNICÍPIO DE SÃO PAULO;437;290;2026;1;19/01/2026 00:00:00;6074.2024/0007345-4;29822262000113;CRISTOMAR LEITE DOS SANTOS COMERCIO DE ALIMENTOS LTDA;34017;2025;78;FAASP;Fundo de Abastecimento Alimentar de São Paulo;10;Gabinete do Secretário;14;Direitos da Cidadania;422;Direitos Individuais, Coletivos e Difusos;4010;Segurança Alimentar e Nutricional;4426;Políticas, Programas e Ações de Subsistência, Segurança Alimentar e Nu;SESANA;Segurança Alimentar;SESANA - Políticas;3;Despesas Correntes;3;Outras Despesas Correntes;90;Aplicações Diretas;39;Fornecimento de Alimentação;33903900;00.1.500.9001;Recursos não vinculados de Impostos;9;Refeições Prontas;4;Outros Serviços de Terceiros - Pessoa Jurídica;78.10.14.422.4010.4426.33903900.00.1.500.9001;396000.0;0.0;396000.0;126000.0;36000.0;0.0;;500;9001;1;02/03/2026 09:48:57;;00;78;33903900;Contratação PJ com Fins Lucrativos;4426;UN;Prestação de serviço de fornecimento de refeições prontas para o Programa Rede Cozinha Cidadã, no período de 01/01/2026 a 12/05/2026.;1;396000.0
01;PREFEITURA DO MUNICÍPIO DE SÃO PAULO;437;293;2026;1;19/01/2026 00:00:00;6074.2024/0007345-4;03139285000134;JV RESTAURANTE LTDA;34020;2025;78;FAASP;Fundo de Abastecimento Alimentar de São Paulo;10;Gabinete do Secretário;14;Direitos da Cidadania;422;Direitos Individuais, Coletivos e Difusos;4010;Segurança Alimentar e Nutricional;4426;Políticas, Programas e Ações de Subsistência, Segurança Alimentar e Nu;SESANA;Segurança Alimentar;SESANA - Políticas;3;Despesas Correntes;3;Outras Despesas Correntes;90;Aplicações Diretas;39;Fornecimento de Alimentação;33903900;00.1.500.9001;Recursos não vinculados de Impostos;9;Refeições Prontas;4;Outros Serviços de Terceiros - Pessoa Jurídica;78.10.14.422.4010.4426.33903900.00.1.500.9001;396000.0;0.0;396000.0;126000.0;36000.0;0.0;;500;9001;1;02/03/2026 09:48:57;;00;78;33903900;Contratação PJ com Fins Lucrativos;4426;UN;Prestação de serviço de fornecimento de refeições prontas para o Programa Rede Cozinha Cidadã, no período de 01/01/2026 a 12/05/2026.;1;396000.0
01;PREFEITURA DO MUNICÍPIO DE SÃO PAULO;437;295;2026;1;19/01/2026 00:00:00;6074.2024/0007345-4;19224224000105;JRS ALIMENTACAO LTDA;34052;2025;78;FAASP;Fundo de Abastecimento Alimentar de São Paulo;10;Gabinete do Secretário;14;Direitos da Cidadania;422;Direitos Individuais, Coletivos e Difusos;4010;Segurança Alimentar e Nutricional;4426;Políticas, Programas e Ações de Subsistência, Segurança Alimentar e Nu;SESANA;Segurança Alimentar;SESANA - Políticas;3;Despesas Correntes;3;Outras Despesas Correntes;90;Aplicações Diretas;39;Fornecimento de Alimentação;33903900;00.1.500.9001;Recursos não vinculados de Impostos;9;Refeições Prontas;4;Outros Serviços de Terceiros - Pessoa Jurídica;78.10.14.422.4010.4426.33903900.00.1.500.9001;396000.0;0.0;396000.0;126000.0;36000.0;0.0;;500;9001;1;02/03/2026 09:48:57;;00;78;33903900;Contratação PJ com Fins Lucrativos;4426;und;Prestação de serviço de fornecimento de refeições prontas para o Programa Rede Cozinha Cidadã, no período de 01/01/2026 a 12/05/2026;1;396000.0
01;PREFEITURA DO MUNICÍPIO DE SÃO PAULO;437;300;2026;1;19/01/2026 00:00:00;6074.2024/0007345-4;32825312000120;TMSL LANCHONETE LTDA;34053;2025;78;FAASP;Fundo de Abastecimento Alimentar de São Paulo;10;Gabinete do Secretário;14;Direitos da Cidadania;422;Direitos Individuais, Coletivos e Difusos;4010;Segurança Alimentar e Nutricional;4426;Políticas, Programas e Ações de Subsistência, Segurança Alimentar e Nu;SESANA;Segurança Alimentar;SESANA - Políticas;3;Despesas Correntes;3;Outras Despesas Correntes;90;Aplicações Diretas;39;Fornecimento de Alimentação;33903900;00.1.500.9001;Recursos não vinculados de Impostos;9;Refeições Prontas;4;Outros Serviços de Terceiros - Pessoa Jurídica;78.10.14.422.4010.4426.33903900.00.1.500.9001;396000.0;0.0;396000.0;126000.0;36000.0;0.0;;500;9001;1;02/03/2026 09:48:57;;00;78;33903900;Contratação PJ com Fins Lucrativos;4426;und;Prestação de serviço de fornecimento de refeições prontas para o Programa Rede Cozinha Cidadã, no período de 01/01/2026 a 12/05/2026;1;396000.0
01;PREFEITURA DO MUNICÍPIO DE SÃO PAULO;437;301;2026;1;19/01/2026 00:00:00;6074.2024/0007345-4;36429161000142;ALEXSANDRA APARECIDA RACERO DE ALENCAR 24934428810;34206;2025;78;FAASP;Fundo de Abastecimento Alimentar de São Paulo;10;Gabinete do Secretário;14;Direitos da Cidadania;422;Direitos Individuais, Coletivos e Difusos;4010;Segurança Alimentar e Nutricional;4426;Políticas, Programas e Ações de Subsistência, Segurança Alimentar e Nu;SESANA;Segurança Alimentar;SESANA - Políticas;3;Despesas Correntes;3;Outras Despesas Correntes;90;Aplicações Diretas;39;Fornecimento de Alimentação;33903900;00.1.500.9001;Recursos não vinculados de Impostos;9;Refeições Prontas;4;Outros Serviços de Terceiros - Pessoa Jurídica;78.10.14.422.4010.4426.33903900.00.1.500.9001;396000.0;0.0;396000.0;126000.0;36000.0;0.0;;500;9001;1;02/03/2026 09:48:57;;00;78;33903900;Contratação PJ com Fins Lucrativos;4426;UND;Prestação de serviço de fornecimento de refeições prontas para o Programa Rede Cozinha Cidadã, no período de 01/01/2026 a 12/05/2026.;1;396000.0
01;PREFEITURA DO MUNICÍPIO DE SÃO PAULO;437;304;2026;1;19/01/2026 00:00:00;6074.2024/0007345-4;49313340000161;49313340 MAYCON CONCEICAO SILVA;34054;2025;78;FAASP;Fundo de Abastecimento Alimentar de São Paulo;10;Gabinete do Secretário;14;Direitos da Cidadania;422;Direitos Individuais, Coletivos e Difusos;4010;Segurança Alimentar e Nutricional;4426;Políticas, Programas e Ações de Subsistência, Segurança Alimentar e Nu;SESANA;Segurança Alimentar;SESANA - Políticas;3;Despesas Correntes;3;Outras Despesas Correntes;90;Aplicações Diretas;39;Fornecimento de Alimentação;33903900;00.1.500.9001;Recursos não vinculados de Impostos;9;Refeições Prontas;4;Outros Serviços de Terceiros - Pessoa Jurídica;78.10.14.422.4010.4426.33903900.00.1.500.9001;396000.0;0.0;396000.0;36000.0;36000.0;0.0;;500;9001;1;02/03/2026 09:48:57;;00;78;33903900;Contratação PJ com Fins Lucrativos;4426;und;Prestação de serviço de fornecimento de refeições prontas para o Programa Rede Cozinha Cidadã, no período de 01/01/2026 a 12/05/2026;1;396000.0
01;PREFEITURA DO MUNICÍPIO DE SÃO PAULO;437;307;2026;1;19/01/2026 00:00:00;6074.2024/0007345-4;53513885000199;53513885 MARIA GLAUCIA CARVALHO ARRUDA;34212;2025;78;FAASP;Fundo de Abastecimento Alimentar de São Paulo;10;Gabinete do Secretário;14;Direitos da Cidadania;422;Direitos Individuais, Coletivos e Difusos;4010;Segurança Alimentar e Nutricional;4426;Políticas, Programas e Ações de Subsistência, Segurança Alimentar e Nu;SESANA;Segurança Alimentar;SESANA - Políticas;3;Despesas Correntes;3;Outras Despesas Correntes;90;Aplicações Diretas;39;Fornecimento de Alimentação;33903900;00.1.500.9001;Recursos não vinculados de Impostos;9;Refeições Prontas;4;Outros Serviços de Terceiros - Pessoa Jurídica;78.10.14.422.4010.4426.33903900.00.1.500.9001;396000.0;0.0;396000.0;36000.0;36000.0;0.0;;500;9001;1;02/03/2026 09:48:57;;00;78;33903900;Contratação PJ com Fins Lucrativos;4426;und;Prestação de serviço de fornecimento de refeições prontas para o Programa Rede Cozinha Cidadã, no período de 01/01/2026 a 12/05/2026;1;396000.0
01;PREFEITURA DO MUNICÍPIO DE SÃO PAULO;437;310;2026;1;19/01/2026 00:00:00;6074.2024/0007345-4;12696077000127;12696077 ALEXANDER PEREIRA;34210;2025;78;FAASP;Fundo de Abastecimento Alimentar de São Paulo;10;Gabinete do Secretário;14;Direitos da Cidadania;422;Direitos Individuais, Coletivos e Difusos;4010;Segurança Alimentar e Nutricional;4426;Políticas, Programas e Ações de Subsistência, Segurança Alimentar e Nu;SESANA;Segurança Alimentar;SESANA - Políticas;3;Despesas Correntes;3;Outras Despesas Correntes;90;Aplicações Diretas;39;Fornecimento de Alimentação;33903900;00.1.500.9001;Recursos não vinculados de Impostos;9;Refeições Prontas;4;Outros Serviços de Terceiros - Pessoa Jurídica;78.10.14.422.4010.4426.33903900.00.1.500.9001;396000.0;0.0;396000.0;36000.0;36000.0;0.0;;500;9001;1;02/03/2026 09:48:57;;00;78;33903900;Contratação PJ com Fins Lucrativos;4426;und;Prestação de serviço de fornecimento de refeições prontas para o Programa Rede Cozinha Cidadã, no período de 01/01/2026 a 12/05/2026.;1;396000.0
01;PREFEITURA DO MUNICÍPIO DE SÃO PAULO;437;311;2026;1;19/01/2026 00:00:00;6074.2024/0007345-4;58284112000100;AHA ALIMENTOS LTDA;34209;2025;78;FAASP;Fundo de Abastecimento Alimentar de São Paulo;10;Gabinete do Secretário;14;Direitos da Cidadania;422;Direitos Individuais, Coletivos e Difusos;4010;Segurança Alimentar e Nutricional;4426;Políticas, Programas e Ações de Subsistência, Segurança Alimentar e Nu;SESANA;Segurança Alimentar;SESANA - Políticas;3;Despesas Correntes;3;Outras Despesas Correntes;90;Aplicações Diretas;39;Fornecimento de Alimentação;33903900;00.1.500.9001;Recursos não vinculados de Impostos;9;Refeições Prontas;4;Outros Serviços de Terceiros - Pessoa Jurídica;78.10.14.422.4010.4426.33903900.00.1.500.9001;396000.0;0.0;396000.0;126000.0;36000.0;0.0;;500;9001;1;02/03/2026 09:48:57;;00;78;33903900;Contratação PJ com Fins Lucrativos;4426;UND;Prestação de serviço de fornecimento de refeições prontas para o Programa Rede Cozinha Cidadã, no período de 01/01/2026 a 12/05/2026.;1;396000.0
01;PREFEITURA DO MUNICÍPIO DE SÃO PAULO;437;313;2026;1;19/01/2026 00:00:00;6074.2024/0007345-4;49246561000164;49246561 MATHEUS BORGES DE MELO;34207;2025;78;FAASP;Fundo de Abastecimento Alimentar de São Paulo;10;Gabinete do Secretário;14;Direitos da Cidadania;422;Direitos Individuais, Coletivos e Difusos;4010;Segurança Alimentar e Nutricional;4426;Políticas, Programas e Ações de Subsistência, Segurança Alimentar e Nu;SESANA;Segurança Alimentar;SESANA - Políticas;3;Despesas Correntes;3;Outras Despesas Correntes;90;Aplicações Diretas;39;Fornecimento de Alimentação;33903900;00.1.500.9001;Recursos não vinculados de Impostos;9;Refeições Prontas;4;Outros Serviços de Terceiros - Pessoa Jurídica;78.10.14.422.4010.4426.33903900.00.1.500.9001;396000.0;0.0;396000.0;36000.0;36000.0;0.0;;500;9001;1;02/03/2026 09:48:57;;00;78;33903900;Contratação PJ com Fins Lucrativos;4426;und;Prestação de serviço de fornecimento de refeições prontas para o Programa Rede Cozinha Cidadã, no período de 01/01/2026 a 12/05/2026.;1;396000.0
01;PREFEITURA DO MUNICÍPIO DE SÃO PAULO;437;315;2026;1;19/01/2026 00:00:00;6074.2024/0007345-4;35368373000102;BC DE ALENCAR COSTA REFEICOES;34032;2025;78;FAASP;Fundo de Abastecimento Alimentar de São Paulo;10;Gabinete do Secretário;14;Direitos da Cidadania;422;Direitos Individuais, Coletivos e Difusos;4010;Segurança Alimentar e Nutricional;4426;Políticas, Programas e Ações de Subsistência, Segurança Alimentar e Nu;SESANA;Segurança Alimentar;SESANA - Políticas;3;Despesas Correntes;3;Outras Despesas Correntes;90;Aplicações Diretas;39;Fornecimento de Alimentação;33903900;00.1.500.9001;Recursos não vinculados de Impostos;9;Refeições Prontas;4;Outros Serviços de Terceiros - Pessoa Jurídica;78.10.14.422.4010.4426.33903900.00.1.500.9001;396000.0;0.0;396000.0;126000.0;36000.0;0.0;;500;9001;1;02/03/2026 09:48:57;;00;78;33903900;Contratação PJ com Fins Lucrativos;4426;UND;"Prestação de serviço de fornecimento de refeições prontas para o Programa Rede Cozinha Cidadã, no período de 01/01/2026 a 12/05/2026
";1;396000.0
01;PREFEITURA DO MUNICÍPIO DE SÃO PAULO;437;318;2026;1;19/01/2026 00:00:00;6074.2024/0007345-4;48915170000122;48915170 FABIO LICHTENFELS;34200;2025;78;FAASP;Fundo de Abastecimento Alimentar de São Paulo;10;Gabinete do Secretário;14;Direitos da Cidadania;422;Direitos Individuais, Coletivos e Difusos;4010;Segurança Alimentar e Nutricional;4426;Políticas, Programas e Ações de Subsistência, Segurança Alimentar e Nu;SESANA;Segurança Alimentar;SESANA - Políticas;3;Despesas Correntes;3;Outras Despesas Correntes;90;Aplicações Diretas;39;Fornecimento de Alimentação;33903900;00.1.500.9001;Recursos não vinculados de Impostos;9;Refeições Prontas;4;Outros Serviços de Terceiros - Pessoa Jurídica;78.10.14.422.4010.4426.33903900.00.1.500.9001;396000.0;0.0;396000.0;36000.0;36000.0;0.0;;500;9001;1;02/03/2026 09:48:57;;00;78;33903900;Contratação PJ com Fins Lucrativos;4426;und;Prestação de serviço de fornecimento de refeições prontas para o Programa Rede Cozinha Cidadã, no período de 01/01/2026 a 12/05/2026.;1;396000.0
01;PREFEITURA DO MUNICÍPIO DE SÃO PAULO;437;319;2026;1;19/01/2026 00:00:00;6074.2024/0007345-4;58283035000165;CANTINA DA GABI SOUZA LTDA;34205;2025;78;FAASP;Fundo de Abastecimento Alimentar de São Paulo;10;Gabinete do Secretário;14;Direitos da Cidadania;422;Direitos Individuais, Coletivos e Difusos;4010;Segurança Alimentar e Nutricional;4426;Políticas, Programas e Ações de Subsistência, Segurança Alimentar e Nu;SESANA;Segurança Alimentar;SESANA - Políticas;3;Despesas Correntes;3;Outras Despesas Correntes;90;Aplicações Diretas;39;Fornecimento de Alimentação;33903900;00.1.500.9001;Recursos não vinculados de Impostos;9;Refeições Prontas;4;Outros Serviços de Terceiros - Pessoa Jurídica;78.10.14.422.4010.4426.33903900.00.1.500.9001;396000.0;0.0;396000.0;126000.0;36000.0;0.0;;500;9001;1;02/03/2026 09:48:57;;00;78;33903900;Contratação PJ com Fins Lucrativos;4426;UND;Prestação de serviço de fornecimento de refeições prontas para o Programa Rede Cozinha Cidadã, no período de 01/01/2026 a 12/05/2026.;1;396000.0
01;PREFEITURA DO MUNICÍPIO DE SÃO PAULO;437;323;2026;1;19/01/2026 00:00:00;6074.2024/0007345-4;44465933000120;HF RESTAURANTES LTDA;34204;2025;78;FAASP;Fundo de Abastecimento Alimentar de São Paulo;10;Gabinete do Secretário;14;Direitos da Cidadania;422;Direitos Individuais, Coletivos e Difusos;4010;Segurança Alimentar e Nutricional;4426;Políticas, Programas e Ações de Subsistência, Segurança Alimentar e Nu;SESANA;Segurança Alimentar;SESANA - Políticas;3;Despesas Correntes;3;Outras Despesas Correntes;90;Aplicações Diretas;39;Fornecimento de Alimentação;33903900;00.1.500.9001;Recursos não vinculados de Impostos;9;Refeições Prontas;4;Outros Serviços de Terceiros - Pessoa Jurídica;78.10.14.422.4010.4426.33903900.00.1.500.9001;396000.0;0.0;396000.0;36000.0;36000.0;0.0;;500;9001;1;02/03/2026 09:48:57;;00;78;33903900;Contratação PJ com Fins Lucrativos;4426;und;Prestação de serviço de fornecimento de refeições prontas para o Programa Rede Cozinha Cidadã, no período de 01/01/2026 a 12/05/2026.;1;396000.0
01;PREFEITURA DO MUNICÍPIO DE SÃO PAULO;437;324;2026;1;19/01/2026 00:00:00;6074.2024/0007345-4;49086121000197;VILMA VIEIRA CANTINA;34034;2025;78;FAASP;Fundo de Abastecimento Alimentar de São Paulo;10;Gabinete do Secretário;14;Direitos da Cidadania;422;Direitos Individuais, Coletivos e Difusos;4010;Segurança Alimentar e Nutricional;4426;Políticas, Programas e Ações de Subsistência, Segurança Alimentar e Nu;SESANA;Segurança Alimentar;SESANA - Políticas;3;Despesas Correntes;3;Outras Despesas Correntes;90;Aplicações Diretas;39;Fornecimento de Alimentação;33903900;00.1.500.9001;Recursos não vinculados de Impostos;9;Refeições Prontas;4;Outros Serviços de Terceiros - Pessoa Jurídica;78.10.14.422.4010.4426.33903900.00.1.500.9001;396000.0;0.0;396000.0;126000.0;36000.0;0.0;;500;9001;1;02/03/2026 09:48:57;;00;78;33903900;Contratação PJ com Fins Lucrativos;4426;UND;"Prestação de serviço de fornecimento de refeições prontas para o Programa Rede Cozinha Cidadã, no período de 01/01/2026 a 12/05/2026
";1;396000.0
01;PREFEITURA DO MUNICÍPIO DE SÃO PAULO;437;326;2026;1;19/01/2026 00:00:00;6074.2024/0007345-4;40429411000111;ORLANDO FERNANDES DA SILVA 37646232840;34035;2025;78;FAASP;Fundo de Abastecimento Alimentar de São Paulo;10;Gabinete do Secretário;14;Direitos da Cidadania;422;Direitos Individuais, Coletivos e Difusos;4010;Segurança Alimentar e Nutricional;4426;Políticas, Programas e Ações de Subsistência, Segurança Alimentar e Nu;SESANA;Segurança Alimentar;SESANA - Políticas;3;Despesas Correntes;3;Outras Despesas Correntes;90;Aplicações Diretas;39;Fornecimento de Alimentação;33903900;00.1.500.9001;Recursos não vinculados de Impostos;9;Refeições Prontas;4;Outros Serviços de Terceiros - Pessoa Jurídica;78.10.14.422.4010.4426.33903900.00.1.500.9001;396000.0;0.0;396000.0;126000.0;36000.0;0.0;;500;9001;1;02/03/2026 09:48:57;;00;78;33903900;Contratação PJ com Fins Lucrativos;4426;UND;"Prestação de serviço de fornecimento de refeições prontas para o Programa Rede Cozinha Cidadã, no período de 01/01/2026 a 12/05/2026
";1;396000.0
01;PREFEITURA DO MUNICÍPIO DE SÃO PAULO;437;328;2026;1;19/01/2026 00:00:00;6074.2024/0007345-4;49007688000120;IMP EVENTOS COMERCIO E SERVICOS LTDA;34198;2025;78;FAASP;Fundo de Abastecimento Alimentar de São Paulo;10;Gabinete do Secretário;14;Direitos da Cidadania;422;Direitos Individuais, Coletivos e Difusos;4010;Segurança Alimentar e Nutricional;4426;Políticas, Programas e Ações de Subsistência, Segurança Alimentar e Nu;SESANA;Segurança Alimentar;SESANA - Políticas;3;Despesas Correntes;3;Outras Despesas Correntes;90;Aplicações Diretas;39;Fornecimento de Alimentação;33903900;00.1.500.9001;Recursos não vinculados de Impostos;9;Refeições Prontas;4;Outros Serviços de Terceiros - Pessoa Jurídica;78.10.14.422.4010.4426.33903900.00.1.500.9001;396000.0;0.0;396000.0;126000.0;36000.0;0.0;;500;9001;1;02/03/2026 09:48:57;;00;78;33903900;Contratação PJ com Fins Lucrativos;4426;UND;Prestação de serviço de fornecimento de refeições prontas para o Programa Rede Cozinha Cidadã, no período de 01/01/2026 a 12/05/2026.;1;396000.0
01;PREFEITURA DO MUNICÍPIO DE SÃO PAULO;437;330;2026;1;19/01/2026 00:00:00;6074.2024/0007345-4;41786064000147;KIANNE MAIRA MACHADO DE JESUS 44378771870;34036;2025;78;FAASP;Fundo de Abastecimento Alimentar de São Paulo;10;Gabinete do Secretário;14;Direitos da Cidadania;422;Direitos Individuais, Coletivos e Difusos;4010;Segurança Alimentar e Nutricional;4426;Políticas, Programas e Ações de Subsistência, Segurança Alimentar e Nu;SESANA;Segurança Alimentar;SESANA - Políticas;3;Despesas Correntes;3;Outras Despesas Correntes;90;Aplicações Diretas;39;Fornecimento de Alimentação;33903900;00.1.500.9001;Recursos não vinculados de Impostos;9;Refeições Prontas;4;Outros Serviços de Terceiros - Pessoa Jurídica;78.10.14.422.4010.4426.33903900.00.1.500.9001;396000.0;0.0;396000.0;126000.0;36000.0;0.0;;500;9001;1;02/03/2026 09:48:57;;00;78;33903900;Contratação PJ com Fins Lucrativos;4426;UND;"Prestação de serviço de fornecimento de refeições prontas para o Programa Rede Cozinha Cidadã, no período de 01/01/2026 a 12/05/2026
";1;396000.0
01;PREFEITURA DO MUNICÍPIO DE SÃO PAULO;437;331;2026;1;19/01/2026 00:00:00;6074.2024/0007345-4;16524833000191;16524833 JOSE SANTOS DA SILVA;34037;2025;78;FAASP;Fundo de Abastecimento Alimentar de São Paulo;10;Gabinete do Secretário;14;Direitos da Cidadania;422;Direitos Individuais, Coletivos e Difusos;4010;Segurança Alimentar e Nutricional;4426;Políticas, Programas e Ações de Subsistência, Segurança Alimentar e Nu;SESANA;Segurança Alimentar;SESANA - Políticas;3;Despesas Correntes;3;Outras Despesas Correntes;90;Aplicações Diretas;39;Fornecimento de Alimentação;33903900;00.1.500.9001;Recursos não vinculados de Impostos;9;Refeições Prontas;4;Outros Serviços de Terceiros - Pessoa Jurídica;78.10.14.422.4010.4426.33903900.00.1.500.9001;396000.0;0.0;396000.0;126000.0;36000.0;0.0;;500;9001;1;02/03/2026 09:48:57;;00;78;33903900;Contratação PJ com Fins Lucrativos;4426;UND;"Prestação de serviço de fornecimento de refeições prontas para o Programa Rede Cozinha Cidadã, no período de 01/01/2026 a 12/05/2026
";1;396000.0
01;PREFEITURA DO MUNICÍPIO DE SÃO PAULO;437;333;2026;1;19/01/2026 00:00:00;6074.2024/0007345-4;56505154000190;ANDERSON BONIFAZIO ALIMENTOS;34202;2025;78;FAASP;Fundo de Abastecimento Alimentar de São Paulo;10;Gabinete do Secretário;14;Direitos da Cidadania;422;Direitos Individuais, Coletivos e Difusos;4010;Segurança Alimentar e Nutricional;4426;Políticas, Programas e Ações de Subsistência, Segurança Alimentar e Nu;SESANA;Segurança Alimentar;SESANA - Políticas;3;Despesas Correntes;3;Outras Despesas Correntes;90;Aplicações Diretas;39;Fornecimento de Alimentação;33903900;00.1.500.9001;Recursos não vinculados de Impostos;9;Refeições Prontas;4;Outros Serviços de Terceiros - Pessoa Jurídica;78.10.14.422.4010.4426.33903900.00.1.500.9001;396000.0;0.0;396000.0;126000.0;36000.0;0.0;;500;9001;1;02/03/2026 09:48:57;;00;78;33903900;Contratação PJ com Fins Lucrativos;4426;UND;Prestação de serviço de fornecimento de refeições prontas para o Programa Rede Cozinha Cidadã, no período de 01/01/2026 a 12/05/2026.;1;396000.0
01;PREFEITURA DO MUNICÍPIO DE SÃO PAULO;437;334;2026;1;19/01/2026 00:00:00;6074.2024/0007345-4;48815156000157;CASA RESTAURANTE LTDA;34040;2025;78;FAASP;Fundo de Abastecimento Alimentar de São Paulo;10;Gabinete do Secretário;14;Direitos da Cidadania;422;Direitos Individuais, Coletivos e Difusos;4010;Segurança Alimentar e Nutricional;4426;Políticas, Programas e Ações de Subsistência, Segurança Alimentar e Nu;SESANA;Segurança Alimentar;SESANA - Políticas;3;Despesas Correntes;3;Outras Despesas Correntes;90;Aplicações Diretas;39;Fornecimento de Alimentação;33903900;00.1.500.9001;Recursos não vinculados de Impostos;9;Refeições Prontas;4;Outros Serviços de Terceiros - Pessoa Jurídica;78.10.14.422.4010.4426.33903900.00.1.500.9001;396000.0;0.0;396000.0;36000.0;36000.0;0.0;;500;9001;1;02/03/2026 09:48:57;;00;78;33903900;Contratação PJ com Fins Lucrativos;4426;und;Prestação de serviço de fornecimento de refeições prontas para o Programa Rede Cozinha Cidadã, no período de 01/01/2026 a 12/05/2026.;1;396000.0
01;PREFEITURA DO MUNICÍPIO DE SÃO PAULO;437;335;2026;1;19/01/2026 00:00:00;6074.2024/0007345-4;47789761000138;HENRIQUE DE OLIVEIRA SILVA 40449905810;34038;2025;78;FAASP;Fundo de Abastecimento Alimentar de São Paulo;10;Gabinete do Secretário;14;Direitos da Cidadania;422;Direitos Individuais, Coletivos e Difusos;4010;Segurança Alimentar e Nutricional;4426;Políticas, Programas e Ações de Subsistência, Segurança Alimentar e Nu;SESANA;Segurança Alimentar;SESANA - Políticas;3;Despesas Correntes;3;Outras Despesas Correntes;90;Aplicações Diretas;39;Fornecimento de Alimentação;33903900;00.1.500.9001;Recursos não vinculados de Impostos;9;Refeições Prontas;4;Outros Serviços de Terceiros - Pessoa Jurídica;78.10.14.422.4010.4426.33903900.00.1.500.9001;396000.0;0.0;396000.0;126000.0;36000.0;0.0;;500;9001;1;02/03/2026 09:48:57;;00;78;33903900;Contratação PJ com Fins Lucrativos;4426;UND;"Prestação de serviço de fornecimento de refeições prontas para o Programa Rede Cozinha Cidadã, no período de 01/01/2026 a 12/05/2026
";1;396000.0
01;PREFEITURA DO MUNICÍPIO DE SÃO PAULO;437;340;2026;1;19/01/2026 00:00:00;6074.2024/0007345-4;19891214000123;STAR NUTRI SERVICOSLTDA;34042;2025;78;FAASP;Fundo de Abastecimento Alimentar de São Paulo;10;Gabinete do Secretário;14;Direitos da Cidadania;422;Direitos Individuais, Coletivos e Difusos;4010;Segurança Alimentar e Nutricional;4426;Políticas, Programas e Ações de Subsistência, Segurança Alimentar e Nu;SESANA;Segurança Alimentar;SESANA - Políticas;3;Despesas Correntes;3;Outras Despesas Correntes;90;Aplicações Diretas;39;Fornecimento de Alimentação;33903900;00.1.500.9001;Recursos não vinculados de Impostos;9;Refeições Prontas;4;Outros Serviços de Terceiros - Pessoa Jurídica;78.10.14.422.4010.4426.33903900.00.1.500.9001;396000.0;0.0;396000.0;36000.0;36000.0;0.0;;500;9001;1;02/03/2026 09:48:58;;00;78;33903900;Contratação PJ com Fins Lucrativos;4426;und;Prestação de serviço de fornecimento de refeições prontas para o Programa Rede Cozinha Cidadã, no período de 01/01/2026 a 12/05/2026.;1;396000.0
01;PREFEITURA DO MUNICÍPIO DE SÃO PAULO;437;341;2026;1;19/01/2026 00:00:00;6074.2024/0007345-4;26704711000130;MAM EVENTOS COMERCIO E SERVICOS LTDA;34041;2025;78;FAASP;Fundo de Abastecimento Alimentar de São Paulo;10;Gabinete do Secretário;14;Direitos da Cidadania;422;Direitos Individuais, Coletivos e Difusos;4010;Segurança Alimentar e Nutricional;4426;Políticas, Programas e Ações de Subsistência, Segurança Alimentar e Nu;SESANA;Segurança Alimentar;SESANA - Políticas;3;Despesas Correntes;3;Outras Despesas Correntes;90;Aplicações Diretas;39;Fornecimento de Alimentação;33903900;00.1.500.9001;Recursos não vinculados de Impostos;9;Refeições Prontas;4;Outros Serviços de Terceiros - Pessoa Jurídica;78.10.14.422.4010.4426.33903900.00.1.500.9001;396000.0;0.0;396000.0;126000.0;36000.0;0.0;;500;9001;1;02/03/2026 09:48:58;;00;78;33903900;Contratação PJ com Fins Lucrativos;4426;UND;"Prestação de serviço de fornecimento de refeições prontas para o Programa Rede Cozinha Cidadã, no período de 01/01/2026 a 12/05/2026
";1;396000.0
01;PREFEITURA DO MUNICÍPIO DE SÃO PAULO;437;342;2026;1;19/01/2026 00:00:00;6074.2024/0007345-4;58284182000150;LAWRIANE REFEICOES LTDA;34208;2025;78;FAASP;Fundo de Abastecimento Alimentar de São Paulo;10;Gabinete do Secretário;14;Direitos da Cidadania;422;Direitos Individuais, Coletivos e Difusos;4010;Segurança Alimentar e Nutricional;4426;Políticas, Programas e Ações de Subsistência, Segurança Alimentar e Nu;SESANA;Segurança Alimentar;SESANA - Políticas;3;Despesas Correntes;3;Outras Despesas Correntes;90;Aplicações Diretas;39;Fornecimento de Alimentação;33903900;00.1.500.9001;Recursos não vinculados de Impostos;9;Refeições Prontas;4;Outros Serviços de Terceiros - Pessoa Jurídica;78.10.14.422.4010.4426.33903900.00.1.500.9001;396000.0;0.0;396000.0;126000.0;36000.0;0.0;;500;9001;1;02/03/2026 09:48:58;;00;78;33903900;Contratação PJ com Fins Lucrativos;4426;UND;Prestação de serviço de fornecimento de refeições prontas para o Programa Rede Cozinha Cidadã, no período de 01/01/2026 a 12/05/2026.;1;396000.0
01;PREFEITURA DO MUNICÍPIO DE SÃO PAULO;437;343;2026;1;19/01/2026 00:00:00;6074.2024/0007345-4;50131385000102;DONA MARIA REFEICOES E EVENTOS LTDA;34043;2025;78;FAASP;Fundo de Abastecimento Alimentar de São Paulo;10;Gabinete do Secretário;14;Direitos da Cidadania;422;Direitos Individuais, Coletivos e Difusos;4010;Segurança Alimentar e Nutricional;4426;Políticas, Programas e Ações de Subsistência, Segurança Alimentar e Nu;SESANA;Segurança Alimentar;SESANA - Políticas;3;Despesas Correntes;3;Outras Despesas Correntes;90;Aplicações Diretas;39;Fornecimento de Alimentação;33903900;00.1.500.9001;Recursos não vinculados de Impostos;9;Refeições Prontas;4;Outros Serviços de Terceiros - Pessoa Jurídica;78.10.14.422.4010.4426.33903900.00.1.500.9001;396000.0;0.0;396000.0;126000.0;36000.0;0.0;;500;9001;1;02/03/2026 09:48:58;;00;78;33903900;Contratação PJ com Fins Lucrativos;4426;UND;"Prestação de serviço de fornecimento de refeições prontas para o Programa Rede Cozinha Cidadã, no período de 01/01/2026 a 12/05/2026
";1;396000.0
01;PREFEITURA DO MUNICÍPIO DE SÃO PAULO;437;345;2026;1;19/01/2026 00:00:00;6074.2024/0007345-4;05109169000106;LABISTRACA RESTAURANTE LTDA;34044;2025;78;FAASP;Fundo de Abastecimento Alimentar de São Paulo;10;Gabinete do Secretário;14;Direitos da Cidadania;422;Direitos Individuais, Coletivos e Difusos;4010;Segurança Alimentar e Nutricional;4426;Políticas, Programas e Ações de Subsistência, Segurança Alimentar e Nu;SESANA;Segurança Alimentar;SESANA - Políticas;3;Despesas Correntes;3;Outras Despesas Correntes;90;Aplicações Diretas;39;Fornecimento de Alimentação;33903900;00.1.500.9001;Recursos não vinculados de Impostos;9;Refeições Prontas;4;Outros Serviços de Terceiros - Pessoa Jurídica;78.10.14.422.4010.4426.33903900.00.1.500.9001;396000.0;0.0;396000.0;36000.0;36000.0;0.0;;500;9001;1;02/03/2026 09:48:58;;00;78;33903900;Contratação PJ com Fins Lucrativos;4426;und;Prestação de serviço de fornecimento de refeições prontas para o Programa Rede Cozinha Cidadã, no período de 01/01/2026 a 12/05/2026.;1;396000.0
01;PREFEITURA DO MUNICÍPIO DE SÃO PAULO;437;347;2026;1;19/01/2026 00:00:00;6074.2024/0007345-4;58282976000184;RICARDO JS ALIMENTOS LTDA;34201;2025;78;FAASP;Fundo de Abastecimento Alimentar de São Paulo;10;Gabinete do Secretário;14;Direitos da Cidadania;422;Direitos Individuais, Coletivos e Difusos;4010;Segurança Alimentar e Nutricional;4426;Políticas, Programas e Ações de Subsistência, Segurança Alimentar e Nu;SESANA;Segurança Alimentar;SESANA - Políticas;3;Despesas Correntes;3;Outras Despesas Correntes;90;Aplicações Diretas;39;Fornecimento de Alimentação;33903900;00.1.500.9001;Recursos não vinculados de Impostos;9;Refeições Prontas;4;Outros Serviços de Terceiros - Pessoa Jurídica;78.10.14.422.4010.4426.33903900.00.1.500.9001;396000.0;0.0;396000.0;126000.0;36000.0;0.0;;500;9001;1;02/03/2026 09:48:58;;00;78;33903900;Contratação PJ com Fins Lucrativos;4426;UND;Prestação de serviço de fornecimento de refeições prontas para o Programa Rede Cozinha Cidadã, no período de 01/01/2026 a 12/05/2026.;1;396000.0
01;PREFEITURA DO MUNICÍPIO DE SÃO PAULO;437;348;2026;1;19/01/2026 00:00:00;6074.2024/0007345-4;49685515000161;ISA ALIMENTOS LTDA;34045;2025;78;FAASP;Fundo de Abastecimento Alimentar de São Paulo;10;Gabinete do Secretário;14;Direitos da Cidadania;422;Direitos Individuais, Coletivos e Difusos;4010;Segurança Alimentar e Nutricional;4426;Políticas, Programas e Ações de Subsistência, Segurança Alimentar e Nu;SESANA;Segurança Alimentar;SESANA - Políticas;3;Despesas Correntes;3;Outras Despesas Correntes;90;Aplicações Diretas;39;Fornecimento de Alimentação;33903900;00.1.500.9001;Recursos não vinculados de Impostos;9;Refeições Prontas;4;Outros Serviços de Terceiros - Pessoa Jurídica;78.10.14.422.4010.4426.33903900.00.1.500.9001;396000.0;0.0;396000.0;36000.0;36000.0;0.0;;500;9001;1;02/03/2026 09:48:58;;00;78;33903900;Contratação PJ com Fins Lucrativos;4426;und;Prestação de serviço de fornecimento de refeições prontas para o Programa Rede Cozinha Cidadã, no período de 01/01/2026 a 12/05/2026.;1;396000.0
01;PREFEITURA DO MUNICÍPIO DE SÃO PAULO;437;353;2026;1;19/01/2026 00:00:00;6074.2024/0007345-4;11874743000107;GIRASSOL EVENTOS TREINAMENTO E DESENVOLVIMENTO LTDA;34046;2025;78;FAASP;Fundo de Abastecimento Alimentar de São Paulo;10;Gabinete do Secretário;14;Direitos da Cidadania;422;Direitos Individuais, Coletivos e Difusos;4010;Segurança Alimentar e Nutricional;4426;Políticas, Programas e Ações de Subsistência, Segurança Alimentar e Nu;SESANA;Segurança Alimentar;SESANA - Políticas;3;Despesas Correntes;3;Outras Despesas Correntes;90;Aplicações Diretas;39;Fornecimento de Alimentação;33903900;00.1.500.9001;Recursos não vinculados de Impostos;9;Refeições Prontas;4;Outros Serviços de Terceiros - Pessoa Jurídica;78.10.14.422.4010.4426.33903900.00.1.500.9001;396000.0;0.0;396000.0;36000.0;36000.0;0.0;;500;9001;1;02/03/2026 09:48:58;;00;78;33903900;Contratação PJ com Fins Lucrativos;4426;und;Prestação de serviço de fornecimento de refeições prontas para o Programa Rede Cozinha Cidadã, no período de 01/01/2026 a 12/05/2026.;1;396000.0
01;PREFEITURA DO MUNICÍPIO DE SÃO PAULO;437;356;2026;1;19/01/2026 00:00:00;6074.2024/0007345-4;50377476000203;REALIZA RESTAURANTE BUFFET E EVENTOS LTDA;34199;2025;78;FAASP;Fundo de Abastecimento Alimentar de São Paulo;10;Gabinete do Secretário;14;Direitos da Cidadania;422;Direitos Individuais, Coletivos e Difusos;4010;Segurança Alimentar e Nutricional;4426;Políticas, Programas e Ações de Subsistência, Segurança Alimentar e Nu;SESANA;Segurança Alimentar;SESANA - Políticas;3;Despesas Correntes;3;Outras Despesas Correntes;90;Aplicações Diretas;39;Fornecimento de Alimentação;33903900;00.1.500.9001;Recursos não vinculados de Impostos;9;Refeições Prontas;4;Outros Serviços de Terceiros - Pessoa Jurídica;78.10.14.422.4010.4426.33903900.00.1.500.9001;396000.0;0.0;396000.0;126000.0;36000.0;0.0;;500;9001;1;02/03/2026 09:48:58;;00;78;33903900;Contratação PJ com Fins Lucrativos;4426;UND;Prestação de serviço de fornecimento de refeições prontas para o Programa Rede Cozinha Cidadã, no período de 01/01/2026 a 12/05/2026.;1;396000.0
01;PREFEITURA DO MUNICÍPIO DE SÃO PAULO;437;357;2026;1;19/01/2026 00:00:00;6074.2024/0007345-4;03706826000169;PRM SERVICOS E MAO DE OBRA ESPECIALIZADA LTDA;34047;2025;78;FAASP;Fundo de Abastecimento Alimentar de São Paulo;10;Gabinete do Secretário;14;Direitos da Cidadania;422;Direitos Individuais, Coletivos e Difusos;4010;Segurança Alimentar e Nutricional;4426;Políticas, Programas e Ações de Subsistência, Segurança Alimentar e Nu;SESANA;Segurança Alimentar;SESANA - Políticas;3;Despesas Correntes;3;Outras Despesas Correntes;90;Aplicações Diretas;39;Fornecimento de Alimentação;33903900;00.1.500.9001;Recursos não vinculados de Impostos;9;Refeições Prontas;4;Outros Serviços de Terceiros - Pessoa Jurídica;78.10.14.422.4010.4426.33903900.00.1.500.9001;396000.0;0.0;396000.0;36000.0;36000.0;0.0;;500;9001;1;02/03/2026 09:48:58;;00;78;33903900;Contratação PJ com Fins Lucrativos;4426;und;Prestação de serviço de fornecimento de refeições prontas para o Programa Rede Cozinha Cidadã, no período de 01/01/2026 a 12/05/2026.;1;396000.0
01;PREFEITURA DO MUNICÍPIO DE SÃO PAULO;437;360;2026;1;19/01/2026 00:00:00;6074.2024/0007345-4;40994103000139;40994103 MARILENE APARECIDA DOS SANTOS;34048;2025;78;FAASP;Fundo de Abastecimento Alimentar de São Paulo;10;Gabinete do Secretário;14;Direitos da Cidadania;422;Direitos Individuais, Coletivos e Difusos;4010;Segurança Alimentar e Nutricional;4426;Políticas, Programas e Ações de Subsistência, Segurança Alimentar e Nu;SESANA;Segurança Alimentar;SESANA - Políticas;3;Despesas Correntes;3;Outras Despesas Correntes;90;Aplicações Diretas;39;Fornecimento de Alimentação;33903900;00.1.500.9001;Recursos não vinculados de Impostos;9;Refeições Prontas;4;Outros Serviços de Terceiros - Pessoa Jurídica;78.10.14.422.4010.4426.33903900.00.1.500.9001;396000.0;0.0;396000.0;36000.0;36000.0;0.0;;500;9001;1;02/03/2026 09:48:58;;00;78;33903900;Contratação PJ com Fins Lucrativos;4426;und;Prestação de serviço de fornecimento de refeições prontas para o Programa Rede Cozinha Cidadã, no período de 01/01/2026 a 12/05/2026.;1;396000.0
01;PREFEITURA DO MUNICÍPIO DE SÃO PAULO;437;362;2026;1;19/01/2026 00:00:00;6074.2024/0007345-4;48660780000122;LABC REFEICOES LTDA;34196;2025;78;FAASP;Fundo de Abastecimento Alimentar de São Paulo;10;Gabinete do Secretário;14;Direitos da Cidadania;422;Direitos Individuais, Coletivos e Difusos;4010;Segurança Alimentar e Nutricional;4426;Políticas, Programas e Ações de Subsistência, Segurança Alimentar e Nu;SESANA;Segurança Alimentar;SESANA - Políticas;3;Despesas Correntes;3;Outras Despesas Correntes;90;Aplicações Diretas;39;Fornecimento de Alimentação;33903900;00.1.500.9001;Recursos não vinculados de Impostos;9;Refeições Prontas;4;Outros Serviços de Terceiros - Pessoa Jurídica;78.10.14.422.4010.4426.33903900.00.1.500.9001;396000.0;0.0;396000.0;126000.0;36000.0;0.0;;500;9001;1;02/03/2026 09:48:58;;00;78;33903900;Contratação PJ com Fins Lucrativos;4426;UND;Prestação de serviço de fornecimento de refeições prontas para o Programa Rede Cozinha Cidadã, no período de 01/01/2026 a 12/05/2026.;1;396000.0
01;PREFEITURA DO MUNICÍPIO DE SÃO PAULO;437;366;2026;1;19/01/2026 00:00:00;6074.2024/0007345-4;48461517000104;PEPPER COMERCIO E SERVICOS INOVA SIMPLES IS;34067;2025;78;FAASP;Fundo de Abastecimento Alimentar de São Paulo;10;Gabinete do Secretário;14;Direitos da Cidadania;422;Direitos Individuais, Coletivos e Difusos;4010;Segurança Alimentar e Nutricional;4426;Políticas, Programas e Ações de Subsistência, Segurança Alimentar e Nu;SESANA;Segurança Alimentar;SESANA - Políticas;3;Despesas Correntes;3;Outras Despesas Correntes;90;Aplicações Diretas;39;Fornecimento de Alimentação;33903900;00.1.500.9001;Recursos não vinculados de Impostos;9;Refeições Prontas;4;Outros Serviços de Terceiros - Pessoa Jurídica;78.10.14.422.4010.4426.33903900.00.1.500.9001;396000.0;0.0;396000.0;36000.0;36000.0;0.0;;500;9001;1;02/03/2026 09:48:58;;00;78;33903900;Contratação PJ com Fins Lucrativos;4426;und;Prestação de serviço de fornecimento de refeições prontas para o Programa Rede Cozinha Cidadã, no período de 01/01/2026 a 12/05/2026.;1;396000.0
01;PREFEITURA DO MUNICÍPIO DE SÃO PAULO;437;369;2026;1;19/01/2026 00:00:00;6074.2024/0007345-4;21241280000108;CASARAO SAO PAULO BAR E RESTAURANTE LTDA;34049;2025;78;FAASP;Fundo de Abastecimento Alimentar de São Paulo;10;Gabinete do Secretário;14;Direitos da Cidadania;422;Direitos Individuais, Coletivos e Difusos;4010;Segurança Alimentar e Nutricional;4426;Políticas, Programas e Ações de Subsistência, Segurança Alimentar e Nu;SESANA;Segurança Alimentar;SESANA - Políticas;3;Despesas Correntes;3;Outras Despesas Correntes;90;Aplicações Diretas;39;Fornecimento de Alimentação;33903900;00.1.500.9001;Recursos não vinculados de Impostos;9;Refeições Prontas;4;Outros Serviços de Terceiros - Pessoa Jurídica;78.10.14.422.4010.4426.33903900.00.1.500.9001;396000.0;0.0;396000.0;36000.0;36000.0;0.0;;500;9001;1;02/03/2026 09:48:58;;00;78;33903900;Contratação PJ com Fins Lucrativos;4426;und;Prestação de serviço de fornecimento de refeições prontas para o Programa Rede Cozinha Cidadã, no período de 01/01/2026 a 12/05/2026.;1;396000.0
01;PREFEITURA DO MUNICÍPIO DE SÃO PAULO;437;372;2026;1;19/01/2026 00:00:00;6074.2024/0007345-4;02190040000179;IVONE PEREIRA CAMILO DA SILVA;34050;2025;78;FAASP;Fundo de Abastecimento Alimentar de São Paulo;10;Gabinete do Secretário;14;Direitos da Cidadania;422;Direitos Individuais, Coletivos e Difusos;4010;Segurança Alimentar e Nutricional;4426;Políticas, Programas e Ações de Subsistência, Segurança Alimentar e Nu;SESANA;Segurança Alimentar;SESANA - Políticas;3;Despesas Correntes;3;Outras Despesas Correntes;90;Aplicações Diretas;39;Fornecimento de Alimentação;33903900;00.1.500.9001;Recursos não vinculados de Impostos;9;Refeições Prontas;4;Outros Serviços de Terceiros - Pessoa Jurídica;78.10.14.422.4010.4426.33903900.00.1.500.9001;396000.0;0.0;396000.0;36000.0;36000.0;0.0;;500;9001;1;02/03/2026 09:48:58;;00;78;33903900;Contratação PJ com Fins Lucrativos;4426;und;Prestação de serviço de fornecimento de refeições prontas para o Programa Rede Cozinha Cidadã, no período de 01/01/2026 a 12/05/2026.;1;396000.0
01;PREFEITURA DO MUNICÍPIO DE SÃO PAULO;437;383;2026;1;19/01/2026 00:00:00;6074.2024/0007345-4;56690149000102;TEMPERO PAULISTA LANCHONETE E RESTAURANTE LTDA;33981;2025;78;FAASP;Fundo de Abastecimento Alimentar de São Paulo;10;Gabinete do Secretário;14;Direitos da Cidadania;422;Direitos Individuais, Coletivos e Difusos;4010;Segurança Alimentar e Nutricional;4426;Políticas, Programas e Ações de Subsistência, Segurança Alimentar e Nu;SESANA;Segurança Alimentar;SESANA - Políticas;3;Despesas Correntes;3;Outras Despesas Correntes;90;Aplicações Diretas;39;Fornecimento de Alimentação;33903900;00.1.500.9001;Recursos não vinculados de Impostos;9;Refeições Prontas;4;Outros Serviços de Terceiros - Pessoa Jurídica;78.10.14.422.4010.4426.33903900.00.1.500.9001;396000.0;0.0;396000.0;36000.0;36000.0;0.0;;500;9001;1;02/03/2026 09:48:58;;00;78;33903900;Contratação PJ com Fins Lucrativos;4426;UND;Prestação de serviço de fornecimento de refeições prontas para o Programa Rede Cozinha Cidadã, no período de 01/01/2026 a 12/05/2026.;1;396000.0
01;PREFEITURA DO MUNICÍPIO DE SÃO PAULO;437;385;2026;1;19/01/2026 00:00:00;6074.2024/0007345-4;58615362000177;BLONDE COMERCIO EVENTOS INOVA SIMPLES IS;34066;2025;78;FAASP;Fundo de Abastecimento Alimentar de São Paulo;10;Gabinete do Secretário;14;Direitos da Cidadania;422;Direitos Individuais, Coletivos e Difusos;4010;Segurança Alimentar e Nutricional;4426;Políticas, Programas e Ações de Subsistência, Segurança Alimentar e Nu;SESANA;Segurança Alimentar;SESANA - Políticas;3;Despesas Correntes;3;Outras Despesas Correntes;90;Aplicações Diretas;39;Fornecimento de Alimentação;33903900;00.1.500.9001;Recursos não vinculados de Impostos;9;Refeições Prontas;4;Outros Serviços de Terceiros - Pessoa Jurídica;78.10.14.422.4010.4426.33903900.00.1.500.9001;396000.0;0.0;396000.0;36000.0;36000.0;0.0;;500;9001;1;02/03/2026 09:48:58;;00;78;33903900;Contratação PJ com Fins Lucrativos;4426;UND;Prestação de serviço de fornecimento de refeições prontas para o Programa Rede Cozinha Cidadã, no período de 01/01/2026 a 12/05/2026.;1;396000.0
01;PREFEITURA DO MUNICÍPIO DE SÃO PAULO;437;388;2026;1;19/01/2026 00:00:00;6074.2024/0007345-4;45477172000199;AMA REFEICOES LTDA;33979;2025;78;FAASP;Fundo de Abastecimento Alimentar de São Paulo;10;Gabinete do Secretário;14;Direitos da Cidadania;422;Direitos Individuais, Coletivos e Difusos;4010;Segurança Alimentar e Nutricional;4426;Políticas, Programas e Ações de Subsistência, Segurança Alimentar e Nu;SESANA;Segurança Alimentar;SESANA - Políticas;3;Despesas Correntes;3;Outras Despesas Correntes;90;Aplicações Diretas;39;Fornecimento de Alimentação;33903900;00.1.500.9001;Recursos não vinculados de Impostos;9;Refeições Prontas;4;Outros Serviços de Terceiros - Pessoa Jurídica;78.10.14.422.4010.4426.33903900.00.1.500.9001;396000.0;0.0;396000.0;36000.0;36000.0;0.0;;500;9001;1;02/03/2026 09:48:58;;00;78;33903900;Contratação PJ com Fins Lucrativos;4426;UND;Prestação de serviço de fornecimento de refeições prontas para o Programa Rede Cozinha Cidadã, no período de 01/01/2026 a 12/05/2026.;1;396000.0
01;PREFEITURA DO MUNICÍPIO DE SÃO PAULO;437;391;2026;1;19/01/2026 00:00:00;6074.2024/0007345-4;25306623000118;25306623 CINTIA OLIVEIRA COSTA;33983;2025;78;FAASP;Fundo de Abastecimento Alimentar de São Paulo;10;Gabinete do Secretário;14;Direitos da Cidadania;422;Direitos Individuais, Coletivos e Difusos;4010;Segurança Alimentar e Nutricional;4426;Políticas, Programas e Ações de Subsistência, Segurança Alimentar e Nu;SESANA;Segurança Alimentar;SESANA - Políticas;3;Despesas Correntes;3;Outras Despesas Correntes;90;Aplicações Diretas;39;Fornecimento de Alimentação;33903900;00.1.500.9001;Recursos não vinculados de Impostos;9;Refeições Prontas;4;Outros Serviços de Terceiros - Pessoa Jurídica;78.10.14.422.4010.4426.33903900.00.1.500.9001;396000.0;0.0;396000.0;36000.0;36000.0;0.0;;500;9001;1;02/03/2026 09:48:58;;00;78;33903900;Contratação PJ com Fins Lucrativos;4426;UND;Prestação de serviço de fornecimento de refeições prontas para o Programa Rede Cozinha Cidadã, no período de 01/01/2026 a 12/05/2026.;1;396000.0
01;PREFEITURA DO MUNICÍPIO DE SÃO PAULO;437;393;2026;1;19/01/2026 00:00:00;6074.2024/0007345-4;57825775000113;PRADO MARMITARIA LTDA;33985;2025;78;FAASP;Fundo de Abastecimento Alimentar de São Paulo;10;Gabinete do Secretário;14;Direitos da Cidadania;422;Direitos Individuais, Coletivos e Difusos;4010;Segurança Alimentar e Nutricional;4426;Políticas, Programas e Ações de Subsistência, Segurança Alimentar e Nu;SESANA;Segurança Alimentar;SESANA - Políticas;3;Despesas Correntes;3;Outras Despesas Correntes;90;Aplicações Diretas;39;Fornecimento de Alimentação;33903900;00.1.500.9001;Recursos não vinculados de Impostos;9;Refeições Prontas;4;Outros Serviços de Terceiros - Pessoa Jurídica;78.10.14.422.4010.4426.33903900.00.1.500.9001;396000.0;0.0;396000.0;36000.0;36000.0;0.0;;500;9001;1;02/03/2026 09:48:58;;00;78;33903900;Contratação PJ com Fins Lucrativos;4426;UND;Prestação de serviço de fornecimento de refeições prontas para o Programa Rede Cozinha Cidadã, no período de 01/01/2026 a 12/05/2026.;1;396000.0
01;PREFEITURA DO MUNICÍPIO DE SÃO PAULO;636;408;2026;1;19/01/2026 00:00:00;6074.2024/0007345-4;54226066000123;MAFAS REFEICOES LTDA;33989;2025;78;FAASP;Fundo de Abastecimento Alimentar de São Paulo;10;Gabinete do Secretário;14;Direitos da Cidadania;422;Direitos Individuais, Coletivos e Difusos;4010;Segurança Alimentar e Nutricional;4426;Políticas, Programas e Ações de Subsistência, Segurança Alimentar e Nu;SESANA;Segurança Alimentar;SESANA - Políticas;3;Despesas Correntes;3;Outras Despesas Correntes;90;Aplicações Diretas;39;Fornecimento de Alimentação;33903900;00.1.500.9001;Recursos não vinculados de Impostos;9;Refeições Prontas;4;Outros Serviços de Terceiros - Pessoa Jurídica;78.10.14.422.4010.4426.33903900.00.1.500.9001;396000.0;0.0;396000.0;36000.0;36000.0;0.0;;500;9001;1;02/03/2026 09:48:58;;00;78;33903900;Contratação PJ com Fins Lucrativos;4426;UND;Prestação de serviço de fornecimento de refeições prontas para o Programa Rede Cozinha Cidadã, no período de 01/01/2026 a 12/05/2026.;1;396000.0
01;PREFEITURA DO MUNICÍPIO DE SÃO PAULO;636;410;2026;1;19/01/2026 00:00:00;6074.2024/0007345-4;48210582000167;BELA RESTAURANTES LTDA;33992;2025;78;FAASP;Fundo de Abastecimento Alimentar de São Paulo;10;Gabinete do Secretário;14;Direitos da Cidadania;422;Direitos Individuais, Coletivos e Difusos;4010;Segurança Alimentar e Nutricional;4426;Políticas, Programas e Ações de Subsistência, Segurança Alimentar e Nu;SESANA;Segurança Alimentar;SESANA - Políticas;3;Despesas Correntes;3;Outras Despesas Correntes;90;Aplicações Diretas;39;Fornecimento de Alimentação;33903900;00.1.500.9001;Recursos não vinculados de Impostos;9;Refeições Prontas;4;Outros Serviços de Terceiros - Pessoa Jurídica;78.10.14.422.4010.4426.33903900.00.1.500.9001;396000.0;0.0;396000.0;36000.0;36000.0;0.0;;500;9001;1;02/03/2026 09:48:58;;00;78;33903900;Contratação PJ com Fins Lucrativos;4426;UND;Prestação de serviço de fornecimento de refeições prontas para o Programa Rede Cozinha Cidadã, no período de 01/01/2026 a 12/05/2026.;1;396000.0
01;PREFEITURA DO MUNICÍPIO DE SÃO PAULO;636;412;2026;1;19/01/2026 00:00:00;6074.2024/0007345-4;45975367000169;DMA ALIMENTOS;33996;2025;78;FAASP;Fundo de Abastecimento Alimentar de São Paulo;10;Gabinete do Secretário;14;Direitos da Cidadania;422;Direitos Individuais, Coletivos e Difusos;4010;Segurança Alimentar e Nutricional;4426;Políticas, Programas e Ações de Subsistência, Segurança Alimentar e Nu;SESANA;Segurança Alimentar;SESANA - Políticas;3;Despesas Correntes;3;Outras Despesas Correntes;90;Aplicações Diretas;39;Fornecimento de Alimentação;33903900;00.1.500.9001;Recursos não vinculados de Impostos;9;Refeições Prontas;4;Outros Serviços de Terceiros - Pessoa Jurídica;78.10.14.422.4010.4426.33903900.00.1.500.9001;396000.0;0.0;396000.0;36000.0;36000.0;0.0;;500;9001;1;02/03/2026 09:48:58;;00;78;33903900;Contratação PJ com Fins Lucrativos;4426;UND;Prestação de serviço de fornecimento de refeições prontas para o Programa Rede Cozinha Cidadã, no período de 01/01/2026 a 12/05/2026.;1;396000.0
01;PREFEITURA DO MUNICÍPIO DE SÃO PAULO;636;414;2026;1;19/01/2026 00:00:00;6074.2024/0007345-4;49729706000188;VACO ALIMENTOS LTDA;33998;2025;78;FAASP;Fundo de Abastecimento Alimentar de São Paulo;10;Gabinete do Secretário;14;Direitos da Cidadania;422;Direitos Individuais, Coletivos e Difusos;4010;Segurança Alimentar e Nutricional;4426;Políticas, Programas e Ações de Subsistência, Segurança Alimentar e Nu;SESANA;Segurança Alimentar;SESANA - Políticas;3;Despesas Correntes;3;Outras Despesas Correntes;90;Aplicações Diretas;39;Fornecimento de Alimentação;33903900;00.1.500.9001;Recursos não vinculados de Impostos;9;Refeições Prontas;4;Outros Serviços de Terceiros - Pessoa Jurídica;78.10.14.422.4010.4426.33903900.00.1.500.9001;396000.0;0.0;396000.0;36000.0;36000.0;0.0;;500;9001;1;02/03/2026 09:48:58;;00;78;33903900;Contratação PJ com Fins Lucrativos;4426;UND;Prestação de serviço de fornecimento de refeições prontas para o Programa Rede Cozinha Cidadã, no período de 01/01/2026 a 12/05/2026.;1;396000.0
01;PREFEITURA DO MUNICÍPIO DE SÃO PAULO;636;417;2026;1;19/01/2026 00:00:00;6074.2024/0007345-4;54218150000103;REPAL REFEICOES LTDA;34004;2025;78;FAASP;Fundo de Abastecimento Alimentar de São Paulo;10;Gabinete do Secretário;14;Direitos da Cidadania;422;Direitos Individuais, Coletivos e Difusos;4010;Segurança Alimentar e Nutricional;4426;Políticas, Programas e Ações de Subsistência, Segurança Alimentar e Nu;SESANA;Segurança Alimentar;SESANA - Políticas;3;Despesas Correntes;3;Outras Despesas Correntes;90;Aplicações Diretas;39;Fornecimento de Alimentação;33903900;00.1.500.9001;Recursos não vinculados de Impostos;9;Refeições Prontas;4;Outros Serviços de Terceiros - Pessoa Jurídica;78.10.14.422.4010.4426.33903900.00.1.500.9001;396000.0;0.0;396000.0;36000.0;36000.0;0.0;;500;9001;1;02/03/2026 09:48:58;;00;78;33903900;Contratação PJ com Fins Lucrativos;4426;UND;Prestação de serviço de fornecimento de refeições prontas para o Programa Rede Cozinha Cidadã, no período de 01/01/2026 a 12/05/2026.;1;396000.0
01;PREFEITURA DO MUNICÍPIO DE SÃO PAULO;92;2212;2026;1;20/01/2026 00:00:00;6074.2023/0011296-2;26648349000128;ASSOCIACAO POR UMA SEMENTE DE PAZ;40592;2023;78;FAASP;Fundo de Abastecimento Alimentar de São Paulo;10;Gabinete do Secretário;14;Direitos da Cidadania;422;Direitos Individuais, Coletivos e Difusos;4010;Segurança Alimentar e Nutricional;4426;Políticas, Programas e Ações de Subsistência, Segurança Alimentar e Nu;SESANA;Segurança Alimentar;SESANA - Políticas;3;Despesas Correntes;3;Outras Despesas Correntes;50;Transferências a Instituições Privadas sem Fins Lucrativos;39;Serviços de Assistência Social;33503900;00.1.500.9001;Recursos não vinculados de Impostos;2;Outras Despesas;5;Outros Serviços de Terceiros - Pessoa Jurídica;78.10.14.422.4010.4426.33503900.00.1.500.9001;2261712.6;0.0;2261712.6;564227.25;564227.25;0.0;;500;9001;1;02/03/2026 09:48:58;;00;78;33503900;Contratação PJ sem Fins Lucrativos;4426;UND;TERMO DE COLABORAÇÃO Nº TCL/071/2023/SMDHC/SESANA.;1;2261712.6
01;PREFEITURA DO MUNICÍPIO DE SÃO PAULO;92;2223;2026;1;20/01/2026 00:00:00;6074.2023/0011296-2;26648349000128;ASSOCIACAO POR UMA SEMENTE DE PAZ;40592;2023;78;FAASP;Fundo de Abastecimento Alimentar de São Paulo;10;Gabinete do Secretário;14;Direitos da Cidadania;422;Direitos Individuais, Coletivos e Difusos;4010;Segurança Alimentar e Nutricional;4426;Políticas, Programas e Ações de Subsistência, Segurança Alimentar e Nu;SESANA;Segurança Alimentar;SESANA - Políticas;3;Despesas Correntes;3;Outras Despesas Correntes;50;Transferências a Instituições Privadas sem Fins Lucrativos;39;Serviços de Assistência Social;33503900;00.1.500.9001;Recursos não vinculados de Impostos;2;Remuneração de Pessoal;5;Outros Serviços de Terceiros - Pessoa Jurídica;78.10.14.422.4010.4426.33503900.00.1.500.9001;369069.59;0.0;369069.59;92267.4;92267.4;0.0;;500;9001;1;02/03/2026 09:48:58;;00;78;33503900;Contratação PJ sem Fins Lucrativos;4426;UND;TERMO DE COLABORAÇÃO Nº TCL/071/2023/SMDHC/SESANA.;1;369069.59
01;PREFEITURA DO MUNICÍPIO DE SÃO PAULO;4740;2225;2026;1;20/01/2026 00:00:00;6074.2023/0011657-7;17215491000190;INSTITUTO NACIONAL DE TECNOLOGIA EDUCACAO CULTURA E SAUDE;40784;2023;78;FAASP;Fundo de Abastecimento Alimentar de São Paulo;10;Gabinete do Secretário;8;Assistência Social;244;Assistência Comunitária;4010;Segurança Alimentar e Nutricional;4302;Armazém Solidário;FAASP;Segurança Alimentar;FAASP;3;Despesas Correntes;3;Outras Despesas Correntes;50;Transferências a Instituições Privadas sem Fins Lucrativos;39;Serviços de Assistência Social;33503900;00.1.500.9001;Recursos não vinculados de Impostos;2;Outras Despesas;5;Outros Serviços de Terceiros - Pessoa Jurídica;78.10.8.244.4010.4302.33503900.00.1.500.9001;20351632.8;0.0;20351632.8;3391938.8;3391938.8;0.0;;500;9001;1;02/03/2026 09:48:58;;00;78;33503900;Contratação PJ sem Fins Lucrativos;4302;UN;Termo de Colaboração nº TCL/073/2023/SMDHC/SESANA - Termo de Aditamento nº 004 - Armazém Solidário. (janeiro a dezembro).;1;20351632.8
01;PREFEITURA DO MUNICÍPIO DE SÃO PAULO;4740;2237;2026;1;20/01/2026 00:00:00;6074.2023/0011657-7;17215491000190;INSTITUTO NACIONAL DE TECNOLOGIA EDUCACAO CULTURA E SAUDE;40784;2023;78;FAASP;Fundo de Abastecimento Alimentar de São Paulo;10;Gabinete do Secretário;8;Assistência Social;244;Assistência Comunitária;4010;Segurança Alimentar e Nutricional;4302;Armazém Solidário;FAASP;Segurança Alimentar;FAASP;3;Despesas Correntes;3;Outras Despesas Correntes;50;Transferências a Instituições Privadas sem Fins Lucrativos;39;Serviços de Assistência Social;33503900;00.1.500.9001;Recursos não vinculados de Impostos;2;Remuneração de Pessoal;5;Outros Serviços de Terceiros - Pessoa Jurídica;78.10.8.244.4010.4302.33503900.00.1.500.9001;18468992.28;0.0;18468992.28;3078165.38;3078165.38;0.0;;500;9001;1;02/03/2026 09:48:58;;00;78;33503900;Contratação PJ sem Fins Lucrativos;4302;UN;Termo de Colaboração nº TCL/073/2023/SMDHC/SESANA - Termo de Aditamento nº 004 - Armazém Solidário. (janeiro a dezembro).;1;18468992.28
01;PREFEITURA DO MUNICÍPIO DE SÃO PAULO;4766;2267;2026;1;20/01/2026 00:00:00;6074.2023/0006604-9;02928443000172;CENTRO DE INTEGRACAO ASSISTENCIAL E PROFISSIONAL SAO PATRICIO CIAP SAO PATRICIO;34168;2023;78;FAASP;Fundo de Abastecimento Alimentar de São Paulo;10;Gabinete do Secretário;14;Direitos da Cidadania;422;Direitos Individuais, Coletivos e Difusos;4010;Segurança Alimentar e Nutricional;4426;Políticas, Programas e Ações de Subsistência, Segurança Alimentar e Nu;SESANA;Segurança Alimentar;SESANA - Políticas;3;Despesas Correntes;3;Outras Despesas Correntes;50;Transferências a Instituições Privadas sem Fins Lucrativos;39;Serviços de Assistência Social;33503900;00.1.500.9001;Recursos não vinculados de Impostos;2;Outras Despesas;5;Outros Serviços de Terceiros - Pessoa Jurídica;78.10.14.422.4010.4426.33503900.00.1.500.9001;2073236.65;0.0;2073236.65;376952.12;376952.12;0.0;;500;9001;1;02/03/2026 09:48:58;;00;78;33503900;Contratação PJ sem Fins Lucrativos;4426;UND;TCL/065/2023/SMDHC/SESANA;1;2073236.65
01;PREFEITURA DO MUNICÍPIO DE SÃO PAULO;4766;2273;2026;1;20/01/2026 00:00:00;6074.2023/0006604-9;02928443000172;CENTRO DE INTEGRACAO ASSISTENCIAL E PROFISSIONAL SAO PATRICIO CIAP SAO PATRICIO;34168;2023;78;FAASP;Fundo de Abastecimento Alimentar de São Paulo;10;Gabinete do Secretário;14;Direitos da Cidadania;422;Direitos Individuais, Coletivos e Difusos;4010;Segurança Alimentar e Nutricional;4426;Políticas, Programas e Ações de Subsistência, Segurança Alimentar e Nu;SESANA;Segurança Alimentar;SESANA - Políticas;3;Despesas Correntes;3;Outras Despesas Correntes;50;Transferências a Instituições Privadas sem Fins Lucrativos;39;Serviços de Assistência Social;33503900;00.1.500.9001;Recursos não vinculados de Impostos;2;Remuneração de Pessoal;5;Outros Serviços de Terceiros - Pessoa Jurídica;78.10.14.422.4010.4426.33503900.00.1.500.9001;338313.69;0.0;338313.69;61511.58;61511.58;0.0;;500;9001;1;02/03/2026 09:48:58;;00;78;33503900;Contratação PJ sem Fins Lucrativos;4426;UND;TCL/065/2023/SMDHC/SESANA;1;338313.69
01;PREFEITURA DO MUNICÍPIO DE SÃO PAULO;4804;2312;2026;1;20/01/2026 00:00:00;6074.2023/0004033-3;10379380000170;CENTRO SOCIAL PADRES PAULO DE COPPI E MAURILIO MARITANO  CSPCM;23110;2023;78;FAASP;Fundo de Abastecimento Alimentar de São Paulo;10;Gabinete do Secretário;14;Direitos da Cidadania;422;Direitos Individuais, Coletivos e Difusos;4010;Segurança Alimentar e Nutricional;4426;Políticas, Programas e Ações de Subsistência, Segurança Alimentar e Nu;SESANA;Segurança Alimentar;SESANA - Políticas;3;Despesas Correntes;3;Outras Despesas Correntes;50;Transferências a Instituições Privadas sem Fins Lucrativos;39;Serviços de Assistência Social;33503900;00.1.500.9001;Recursos não vinculados de Impostos;2;Outras Despesas;5;Outros Serviços de Terceiros - Pessoa Jurídica;78.10.14.422.4010.4426.33503900.00.1.500.9001;1696284.45;0.0;1696284.45;456729.99;304486.66;0.0;;500;9001;1;02/03/2026 09:48:58;;00;78;33503900;Contratação PJ sem Fins Lucrativos;4426;UND;Termo de Colaboração nº TCL/012/2023/SMDHC/SESANA;1;1696284.45
01;PREFEITURA DO MUNICÍPIO DE SÃO PAULO;4804;2317;2026;1;20/01/2026 00:00:00;6074.2023/0004033-3;10379380000170;CENTRO SOCIAL PADRES PAULO DE COPPI E MAURILIO MARITANO  CSPCM;23110;2023;78;FAASP;Fundo de Abastecimento Alimentar de São Paulo;10;Gabinete do Secretário;14;Direitos da Cidadania;422;Direitos Individuais, Coletivos e Difusos;4010;Segurança Alimentar e Nutricional;4426;Políticas, Programas e Ações de Subsistência, Segurança Alimentar e Nu;SESANA;Segurança Alimentar;SESANA - Políticas;3;Despesas Correntes;3;Outras Despesas Correntes;50;Transferências a Instituições Privadas sem Fins Lucrativos;39;Serviços de Assistência Social;33503900;00.1.500.9001;Recursos não vinculados de Impostos;2;Remuneração de Pessoal;5;Outros Serviços de Terceiros - Pessoa Jurídica;78.10.14.422.4010.4426.33503900.00.1.500.9001;276802.19;0.0;276802.19;92267.4;61511.6;0.0;;500;9001;1;02/03/2026 09:48:58;;00;78;33503900;Contratação PJ sem Fins Lucrativos;4426;UND;Termo de Colaboração nº TCL/012/2023/SMDHC/SESANA;1;276802.19
01;PREFEITURA DO MUNICÍPIO DE SÃO PAULO;6104;3867;2026;1;21/01/2026 00:00:00;6074.2023/0006596-4;27283445000182;CENTRO EDUCACIONAL PLANTANDO VIDAS;27636;2023;78;FAASP;Fundo de Abastecimento Alimentar de São Paulo;10;Gabinete do Secretário;14;Direitos da Cidadania;422;Direitos Individuais, Coletivos e Difusos;4010;Segurança Alimentar e Nutricional;4426;Políticas, Programas e Ações de Subsistência, Segurança Alimentar e Nu;SESANA;Segurança Alimentar;SESANA - Políticas;3;Despesas Correntes;3;Outras Despesas Correntes;50;Transferências a Instituições Privadas sem Fins Lucrativos;39;Serviços de Assistência Social;33503900;00.1.500.9001;Recursos não vinculados de Impostos;2;Outras Despesas;5;Outros Serviços de Terceiros - Pessoa Jurídica;78.10.14.422.4010.4426.33503900.00.1.500.9001;1884760.49;0.0;1884760.49;753904.19;753904.19;0.0;;500;9001;1;02/03/2026 09:48:58;;00;78;33503900;Contratação PJ sem Fins Lucrativos;4426;UND;Termo de Colaboração nº TCL/038/2023/SMDHC/SESANA - Projeto Rede Cozinha Escola.;1;1884760.49
01;PREFEITURA DO MUNICÍPIO DE SÃO PAULO;6104;3876;2026;1;21/01/2026 00:00:00;6074.2023/0006596-4;27283445000182;CENTRO EDUCACIONAL PLANTANDO VIDAS;27636;2023;78;FAASP;Fundo de Abastecimento Alimentar de São Paulo;10;Gabinete do Secretário;14;Direitos da Cidadania;422;Direitos Individuais, Coletivos e Difusos;4010;Segurança Alimentar e Nutricional;4426;Políticas, Programas e Ações de Subsistência, Segurança Alimentar e Nu;SESANA;Segurança Alimentar;SESANA - Políticas;3;Despesas Correntes;3;Outras Despesas Correntes;50;Transferências a Instituições Privadas sem Fins Lucrativos;39;Serviços de Assistência Social;33503900;00.1.500.9001;Recursos não vinculados de Impostos;2;Remuneração de Pessoal;5;Outros Serviços de Terceiros - Pessoa Jurídica;78.10.14.422.4010.4426.33503900.00.1.500.9001;307558.0;0.0;307558.0;123023.2;123023.2;0.0;;500;9001;1;02/03/2026 09:48:58;;00;78;33503900;Contratação PJ sem Fins Lucrativos;4426;UND;Termo de Colaboração nº TCL/038/2023/SMDHC/SESANA - Projeto Rede Cozinha Escola;1;307558.0
01;PREFEITURA DO MUNICÍPIO DE SÃO PAULO;6153;3936;2026;1;21/01/2026 00:00:00;6074.2023/0006600-6;44651598000154;INSTITUTO GRANDE VITORIA CAPADOCIA;28146;2023;78;FAASP;Fundo de Abastecimento Alimentar de São Paulo;10;Gabinete do Secretário;14;Direitos da Cidadania;422;Direitos Individuais, Coletivos e Difusos;4010;Segurança Alimentar e Nutricional;4426;Políticas, Programas e Ações de Subsistência, Segurança Alimentar e Nu;SESANA;Segurança Alimentar;SESANA - Políticas;3;Despesas Correntes;3;Outras Despesas Correntes;50;Transferências a Instituições Privadas sem Fins Lucrativos;39;Serviços de Assistência Social;33503900;00.1.500.9001;Recursos não vinculados de Impostos;2;Outras Despesas;5;Outros Serviços de Terceiros - Pessoa Jurídica;78.10.14.422.4010.4426.33503900.00.1.500.9001;1884760.58;0.0;1884760.58;565428.14;565428.14;0.0;;500;9001;1;02/03/2026 09:48:58;;00;78;33503900;Contratação PJ sem Fins Lucrativos;4426;UND;TERMO DE COLABORAÇÃO Nº TCL/046/2023/SMDHC/SESANA - Rede Cozinha Escola.;1;1884760.58
01;PREFEITURA DO MUNICÍPIO DE SÃO PAULO;6153;3944;2026;1;21/01/2026 00:00:00;6074.2023/0006600-6;44651598000154;INSTITUTO GRANDE VITORIA CAPADOCIA;28146;2023;78;FAASP;Fundo de Abastecimento Alimentar de São Paulo;10;Gabinete do Secretário;14;Direitos da Cidadania;422;Direitos Individuais, Coletivos e Difusos;4010;Segurança Alimentar e Nutricional;4426;Políticas, Programas e Ações de Subsistência, Segurança Alimentar e Nu;SESANA;Segurança Alimentar;SESANA - Políticas;3;Despesas Correntes;3;Outras Despesas Correntes;50;Transferências a Instituições Privadas sem Fins Lucrativos;39;Serviços de Assistência Social;33503900;00.1.500.9001;Recursos não vinculados de Impostos;2;Remuneração de Pessoal;5;Outros Serviços de Terceiros - Pessoa Jurídica;78.10.14.422.4010.4426.33503900.00.1.500.9001;307557.91;0.0;307557.91;92267.4;92267.4;0.0;;500;9001;1;02/03/2026 09:48:58;;00;78;33503900;Contratação PJ sem Fins Lucrativos;4426;UND;TERMO DE COLABORAÇÃO Nº TCL/046/2023/SMDHC/SESANA - Rede Cozinha Escola.;1;307557.91
01;PREFEITURA DO MUNICÍPIO DE SÃO PAULO;6207;4007;2026;1;21/01/2026 00:00:00;6074.2023/0006611-1;04956895000193;UNIAO PELOS DIREITOS HUMANOS DOS MORADORES DO JARDIM DAS ROSAS;29711;2023;78;FAASP;Fundo de Abastecimento Alimentar de São Paulo;10;Gabinete do Secretário;14;Direitos da Cidadania;422;Direitos Individuais, Coletivos e Difusos;4010;Segurança Alimentar e Nutricional;4426;Políticas, Programas e Ações de Subsistência, Segurança Alimentar e Nu;SESANA;Segurança Alimentar;SESANA - Políticas;3;Despesas Correntes;3;Outras Despesas Correntes;50;Transferências a Instituições Privadas sem Fins Lucrativos;39;Serviços de Assistência Social;33503900;00.1.500.9001;Recursos não vinculados de Impostos;2;Outras Despesas;5;Outros Serviços de Terceiros - Pessoa Jurídica;78.10.14.422.4010.4426.33503900.00.1.500.9001;1884760.58;0.0;1884760.58;330184.44;330184.44;0.0;;500;9001;1;02/03/2026 09:48:58;;00;78;33503900;Contratação PJ sem Fins Lucrativos;4426;UND;Termo de Colaboração nº TCL/055/2023/SMDHC/SESANA;1;1884760.58
01;PREFEITURA DO MUNICÍPIO DE SÃO PAULO;6207;4018;2026;1;21/01/2026 00:00:00;6074.2023/0006611-1;04956895000193;UNIAO PELOS DIREITOS HUMANOS DOS MORADORES DO JARDIM DAS ROSAS;29711;2023;78;FAASP;Fundo de Abastecimento Alimentar de São Paulo;10;Gabinete do Secretário;14;Direitos da Cidadania;422;Direitos Individuais, Coletivos e Difusos;4010;Segurança Alimentar e Nutricional;4426;Políticas, Programas e Ações de Subsistência, Segurança Alimentar e Nu;SESANA;Segurança Alimentar;SESANA - Políticas;3;Despesas Correntes;3;Outras Despesas Correntes;50;Transferências a Instituições Privadas sem Fins Lucrativos;39;Serviços de Assistência Social;33503900;00.1.500.9001;Recursos não vinculados de Impostos;2;Remuneração de Pessoal;5;Outros Serviços de Terceiros - Pessoa Jurídica;78.10.14.422.4010.4426.33503900.00.1.500.9001;307557.91;0.0;307557.91;61511.6;61511.6;0.0;;500;9001;1;02/03/2026 09:48:58;;00;78;33503900;Contratação PJ sem Fins Lucrativos;4426;UND;Termo de Colaboração nº TCL/055/2023/SMDHC/SESANA;1;307557.91
01;PREFEITURA DO MUNICÍPIO DE SÃO PAULO;6284;4105;2026;1;21/01/2026 00:00:00;6074.2023/0006621-9;33942492000193;INSTITUTO EDUCACIONAL E CULTURAL SILVA;29115;2023;78;FAASP;Fundo de Abastecimento Alimentar de São Paulo;10;Gabinete do Secretário;14;Direitos da Cidadania;422;Direitos Individuais, Coletivos e Difusos;4010;Segurança Alimentar e Nutricional;4426;Políticas, Programas e Ações de Subsistência, Segurança Alimentar e Nu;SESANA;Segurança Alimentar;SESANA - Políticas;3;Despesas Correntes;3;Outras Despesas Correntes;50;Transferências a Instituições Privadas sem Fins Lucrativos;39;Serviços de Assistência Social;33503900;00.1.500.9001;Recursos não vinculados de Impostos;2;Outras Despesas;5;Outros Serviços de Terceiros - Pessoa Jurídica;78.10.14.422.4010.4426.33503900.00.1.500.9001;1884760.49;0.0;1884760.49;753904.19;753904.19;0.0;;500;9001;1;02/03/2026 09:48:58;;00;78;33503900;Contratação PJ sem Fins Lucrativos;4426;UND;Termo de Colaboração TCL/045/2023/SMDHC/SESANA - Projeto Rede Cozinha Escola;1;1884760.49
01;PREFEITURA DO MUNICÍPIO DE SÃO PAULO;6284;4114;2026;1;21/01/2026 00:00:00;6074.2023/0006621-9;33942492000193;INSTITUTO EDUCACIONAL E CULTURAL SILVA;29115;2023;78;FAASP;Fundo de Abastecimento Alimentar de São Paulo;10;Gabinete do Secretário;14;Direitos da Cidadania;422;Direitos Individuais, Coletivos e Difusos;4010;Segurança Alimentar e Nutricional;4426;Políticas, Programas e Ações de Subsistência, Segurança Alimentar e Nu;SESANA;Segurança Alimentar;SESANA - Políticas;3;Despesas Correntes;3;Outras Despesas Correntes;50;Transferências a Instituições Privadas sem Fins Lucrativos;39;Serviços de Assistência Social;33503900;00.1.500.9001;Recursos não vinculados de Impostos;2;Remuneração de Pessoal;5;Outros Serviços de Terceiros - Pessoa Jurídica;78.10.14.422.4010.4426.33503900.00.1.500.9001;307558.0;0.0;307558.0;123023.2;123023.2;0.0;;500;9001;1;02/03/2026 09:48:58;;00;78;33503900;Contratação PJ sem Fins Lucrativos;4426;UND;Termo de Colaboração TCL/045/2023/SMDHC/SESANA - Projeto Rede Cozinha Escola;1;307558.0
01;PREFEITURA DO MUNICÍPIO DE SÃO PAULO;6332;4202;2026;1;21/01/2026 00:00:00;6074.2023/0004263-8;03896363000145;INSTITUTO BENEFICENTE MAO FORTE;19643;2023;78;FAASP;Fundo de Abastecimento Alimentar de São Paulo;10;Gabinete do Secretário;14;Direitos da Cidadania;422;Direitos Individuais, Coletivos e Difusos;4010;Segurança Alimentar e Nutricional;4426;Políticas, Programas e Ações de Subsistência, Segurança Alimentar e Nu;SESANA;Segurança Alimentar;SESANA - Políticas;3;Despesas Correntes;3;Outras Despesas Correntes;50;Transferências a Instituições Privadas sem Fins Lucrativos;39;Serviços de Assistência Social;33503900;00.1.500.9001;Recursos não vinculados de Impostos;2;Outras Despesas;5;Outros Serviços de Terceiros - Pessoa Jurídica;78.10.14.422.4010.4426.33503900.00.1.500.9001;1319332.35;0.0;1319332.35;753904.2;753904.2;0.0;;500;9001;1;02/03/2026 09:48:58;;00;78;33503900;Contratação PJ sem Fins Lucrativos;4426;UND;TERMO DE COLABORAÇÃO Nº TCL/020/2023/SMDHC/SESANA;1;1319332.35
01;PREFEITURA DO MUNICÍPIO DE SÃO PAULO;6332;4211;2026;1;21/01/2026 00:00:00;6074.2023/0004263-8;03896363000145;INSTITUTO BENEFICENTE MAO FORTE;19643;2023;78;FAASP;Fundo de Abastecimento Alimentar de São Paulo;10;Gabinete do Secretário;14;Direitos da Cidadania;422;Direitos Individuais, Coletivos e Difusos;4010;Segurança Alimentar e Nutricional;4426;Políticas, Programas e Ações de Subsistência, Segurança Alimentar e Nu;SESANA;Segurança Alimentar;SESANA - Políticas;3;Despesas Correntes;3;Outras Despesas Correntes;50;Transferências a Instituições Privadas sem Fins Lucrativos;39;Serviços de Assistência Social;33503900;00.1.500.9001;Recursos não vinculados de Impostos;2;Remuneração de Pessoal;5;Outros Serviços de Terceiros - Pessoa Jurídica;78.10.14.422.4010.4426.33503900.00.1.500.9001;215290.59;0.0;215290.59;123023.2;123023.2;0.0;;500;9001;1;02/03/2026 09:48:58;;00;78;33503900;Contratação PJ sem Fins Lucrativos;4426;UND;TERMO DE COLABORAÇÃO Nº TCL/020/2023/SMDHC/SESANA;1;215290.59
01;PREFEITURA DO MUNICÍPIO DE SÃO PAULO;6356;4276;2026;1;21/01/2026 00:00:00;6074.2023/0006597-2;64616246000175;UNIÃO POPULAR DE MORADIA ADÃO MANOEL DA SILVA;27651;2023;78;FAASP;Fundo de Abastecimento Alimentar de São Paulo;10;Gabinete do Secretário;14;Direitos da Cidadania;422;Direitos Individuais, Coletivos e Difusos;4010;Segurança Alimentar e Nutricional;4426;Políticas, Programas e Ações de Subsistência, Segurança Alimentar e Nu;SESANA;Segurança Alimentar;SESANA - Políticas;3;Despesas Correntes;3;Outras Despesas Correntes;50;Transferências a Instituições Privadas sem Fins Lucrativos;39;Serviços de Assistência Social;33503900;00.1.500.9001;Recursos não vinculados de Impostos;2;Outras Despesas;5;Outros Serviços de Terceiros - Pessoa Jurídica;78.10.14.422.4010.4426.33503900.00.1.500.9001;1884760.49;0.0;1884760.49;564761.47;564761.47;0.0;;500;9001;1;02/03/2026 09:48:58;;00;78;33503900;Contratação PJ sem Fins Lucrativos;4426;UND;Termo de Colaboração nº TCL/039/2023/SMDHC/SESANA;1;1884760.49
01;PREFEITURA DO MUNICÍPIO DE SÃO PAULO;6356;4287;2026;1;21/01/2026 00:00:00;6074.2023/0006597-2;64616246000175;UNIÃO POPULAR DE MORADIA ADÃO MANOEL DA SILVA;27651;2023;78;FAASP;Fundo de Abastecimento Alimentar de São Paulo;10;Gabinete do Secretário;14;Direitos da Cidadania;422;Direitos Individuais, Coletivos e Difusos;4010;Segurança Alimentar e Nutricional;4426;Políticas, Programas e Ações de Subsistência, Segurança Alimentar e Nu;SESANA;Segurança Alimentar;SESANA - Políticas;3;Despesas Correntes;3;Outras Despesas Correntes;50;Transferências a Instituições Privadas sem Fins Lucrativos;39;Serviços de Assistência Social;33503900;00.1.500.9001;Recursos não vinculados de Impostos;2;Remuneração de Pessoal;5;Outros Serviços de Terceiros - Pessoa Jurídica;78.10.14.422.4010.4426.33503900.00.1.500.9001;307558.0;0.0;307558.0;92267.4;92267.4;0.0;;500;9001;1;02/03/2026 09:48:58;;00;78;33503900;Contratação PJ sem Fins Lucrativos;4426;UND;Termo de Colaboração nº TCL/039/2023/SMDHC/SESANA;1;307558.0
01;PREFEITURA DO MUNICÍPIO DE SÃO PAULO;7083;5372;2026;1;22/01/2026 00:00:00;6074.2023/0006610-3;45234386000134;ASSOCIACAO COMUNITARIA DO BOMBEIRO E ADJACENCIAS;28079;2023;78;FAASP;Fundo de Abastecimento Alimentar de São Paulo;10;Gabinete do Secretário;14;Direitos da Cidadania;422;Direitos Individuais, Coletivos e Difusos;4010;Segurança Alimentar e Nutricional;4426;Políticas, Programas e Ações de Subsistência, Segurança Alimentar e Nu;SESANA;Segurança Alimentar;SESANA - Políticas;3;Despesas Correntes;3;Outras Despesas Correntes;50;Transferências a Instituições Privadas sem Fins Lucrativos;39;Serviços de Assistência Social;33503900;00.1.500.9001;Recursos não vinculados de Impostos;2;Outras Despesas;5;Outros Serviços de Terceiros - Pessoa Jurídica;78.10.14.422.4010.4426.33503900.00.1.500.9001;1319332.44;1319332.44;0.0;0.0;0.0;0.0;;500;9001;1;02/03/2026 09:48:58;;00;78;33503900;Contratação PJ sem Fins Lucrativos;4426;UND;TERMO DE COLABORAÇÃO Nº TCL/048/2023/SMDHC/SESANA - Rede Cozinha Escola;1;1319332.44
01;PREFEITURA DO MUNICÍPIO DE SÃO PAULO;7117;5443;2026;1;22/01/2026 00:00:00;6074.2023/0003962-9;09580967000164;INSTITUTO PRA VIVER MELHOR;19772;2023;78;FAASP;Fundo de Abastecimento Alimentar de São Paulo;10;Gabinete do Secretário;14;Direitos da Cidadania;422;Direitos Individuais, Coletivos e Difusos;4010;Segurança Alimentar e Nutricional;4426;Políticas, Programas e Ações de Subsistência, Segurança Alimentar e Nu;SESANA;Segurança Alimentar;SESANA - Políticas;3;Despesas Correntes;3;Outras Despesas Correntes;50;Transferências a Instituições Privadas sem Fins Lucrativos;39;Serviços de Assistência Social;33503900;00.1.500.9001;Recursos não vinculados de Impostos;2;Outras Despesas;5;Outros Serviços de Terceiros - Pessoa Jurídica;78.10.14.422.4010.4426.33503900.00.1.500.9001;1319332.34;0.0;1319332.34;753904.19;753904.19;0.0;;500;9001;1;02/03/2026 09:48:58;;00;78;33503900;Contratação PJ sem Fins Lucrativos;4426;UND;"TERMO DE COLABORAÇÃO Nº TCL/006/2023/SMDHC/SESANA.
";1;1319332.34
01;PREFEITURA DO MUNICÍPIO DE SÃO PAULO;7117;5453;2026;1;22/01/2026 00:00:00;6074.2023/0003962-9;09580967000164;INSTITUTO PRA VIVER MELHOR;19772;2023;78;FAASP;Fundo de Abastecimento Alimentar de São Paulo;10;Gabinete do Secretário;14;Direitos da Cidadania;422;Direitos Individuais, Coletivos e Difusos;4010;Segurança Alimentar e Nutricional;4426;Políticas, Programas e Ações de Subsistência, Segurança Alimentar e Nu;SESANA;Segurança Alimentar;SESANA - Políticas;3;Despesas Correntes;3;Outras Despesas Correntes;50;Transferências a Instituições Privadas sem Fins Lucrativos;39;Serviços de Assistência Social;33503900;00.1.500.9001;Recursos não vinculados de Impostos;2;Remuneração de Pessoal;5;Outros Serviços de Terceiros - Pessoa Jurídica;78.10.14.422.4010.4426.33503900.00.1.500.9001;215290.6;0.0;215290.6;123023.2;123023.2;0.0;;500;9001;1;02/03/2026 09:48:58;;00;78;33503900;Contratação PJ sem Fins Lucrativos;4426;UND;"TERMO DE COLABORAÇÃO Nº TCL/006/2023/SMDHC/SESANA.
";1;215290.6
01;PREFEITURA DO MUNICÍPIO DE SÃO PAULO;7348;5895;2026;1;22/01/2026 00:00:00;6074.2023/0004004-0;04753007000135;ACAO SOCIAL DE APOIO AOS MORADORES DO CANTINHO DO CEU E ADJACENCIAS;25718;2023;78;FAASP;Fundo de Abastecimento Alimentar de São Paulo;10;Gabinete do Secretário;14;Direitos da Cidadania;422;Direitos Individuais, Coletivos e Difusos;4010;Segurança Alimentar e Nutricional;4426;Políticas, Programas e Ações de Subsistência, Segurança Alimentar e Nu;SESANA;Segurança Alimentar;SESANA - Políticas;3;Despesas Correntes;3;Outras Despesas Correntes;50;Transferências a Instituições Privadas sem Fins Lucrativos;39;Serviços de Assistência Social;33503900;00.1.500.9001;Recursos não vinculados de Impostos;2;Outras Despesas;5;Outros Serviços de Terceiros - Pessoa Jurídica;78.10.14.422.4010.4426.33503900.00.1.500.9001;1696284.45;0.0;1696284.45;565428.14;565428.14;0.0;;500;9001;1;02/03/2026 09:48:58;;00;78;33503900;Contratação PJ sem Fins Lucrativos;4426;UND;Termo de Colaboração nº 032/2023 - Projeto Rede Cozinha Escola;1;1696284.45
01;PREFEITURA DO MUNICÍPIO DE SÃO PAULO;7348;5904;2026;1;22/01/2026 00:00:00;6074.2023/0004004-0;04753007000135;ACAO SOCIAL DE APOIO AOS MORADORES DO CANTINHO DO CEU E ADJACENCIAS;25718;2023;78;FAASP;Fundo de Abastecimento Alimentar de São Paulo;10;Gabinete do Secretário;14;Direitos da Cidadania;422;Direitos Individuais, Coletivos e Difusos;4010;Segurança Alimentar e Nutricional;4426;Políticas, Programas e Ações de Subsistência, Segurança Alimentar e Nu;SESANA;Segurança Alimentar;SESANA - Políticas;3;Despesas Correntes;3;Outras Despesas Correntes;50;Transferências a Instituições Privadas sem Fins Lucrativos;39;Serviços de Assistência Social;33503900;00.1.500.9001;Recursos não vinculados de Impostos;2;Remuneração de Pessoal;5;Outros Serviços de Terceiros - Pessoa Jurídica;78.10.14.422.4010.4426.33503900.00.1.500.9001;276802.19;0.0;276802.19;92267.4;92267.4;0.0;;500;9001;1;02/03/2026 09:48:58;;00;78;33503900;Contratação PJ sem Fins Lucrativos;4426;UND;Termo de Colaboração nº 032/2023 - Projeto Rede Cozinha Escola;1;276802.19
01;PREFEITURA DO MUNICÍPIO DE SÃO PAULO;7083;5954;2026;1;22/01/2026 00:00:00;6074.2023/0006610-3;45234386000134;ASSOCIACAO COMUNITARIA DO BOMBEIRO E ADJACENCIAS;28079;2023;78;FAASP;Fundo de Abastecimento Alimentar de São Paulo;10;Gabinete do Secretário;14;Direitos da Cidadania;422;Direitos Individuais, Coletivos e Difusos;4010;Segurança Alimentar e Nutricional;4426;Políticas, Programas e Ações de Subsistência, Segurança Alimentar e Nu;SESANA;Segurança Alimentar;SESANA - Políticas;3;Despesas Correntes;3;Outras Despesas Correntes;50;Transferências a Instituições Privadas sem Fins Lucrativos;39;Serviços de Assistência Social;33503900;00.1.500.9001;Recursos não vinculados de Impostos;2;Outras Despesas;5;Outros Serviços de Terceiros - Pessoa Jurídica;78.10.14.422.4010.4426.33503900.00.1.500.9001;1884760.62;0.0;1884760.62;753904.26;753904.26;0.0;;500;9001;1;02/03/2026 09:48:58;;00;78;33503900;Contratação PJ sem Fins Lucrativos;4426;UND;TERMO DE COLABORAÇÃO Nº TCL/048/2023/SMDHC/SESANA;1;1884760.62
01;PREFEITURA DO MUNICÍPIO DE SÃO PAULO;7083;5959;2026;1;22/01/2026 00:00:00;6074.2023/0006610-3;45234386000134;ASSOCIACAO COMUNITARIA DO BOMBEIRO E ADJACENCIAS;28079;2023;78;FAASP;Fundo de Abastecimento Alimentar de São Paulo;10;Gabinete do Secretário;14;Direitos da Cidadania;422;Direitos Individuais, Coletivos e Difusos;4010;Segurança Alimentar e Nutricional;4426;Políticas, Programas e Ações de Subsistência, Segurança Alimentar e Nu;SESANA;Segurança Alimentar;SESANA - Políticas;3;Despesas Correntes;3;Outras Despesas Correntes;50;Transferências a Instituições Privadas sem Fins Lucrativos;39;Serviços de Assistência Social;33503900;00.1.500.9001;Recursos não vinculados de Impostos;2;Remuneração de Pessoal;5;Outros Serviços de Terceiros - Pessoa Jurídica;78.10.14.422.4010.4426.33503900.00.1.500.9001;307557.87;0.0;307557.87;123023.13;123023.13;0.0;;500;9001;1;02/03/2026 09:48:58;;00;78;33503900;Contratação PJ sem Fins Lucrativos;4426;UND;TERMO DE COLABORAÇÃO Nº TCL/048/2023/SMDHC/SESANA;1;307557.87
01;PREFEITURA DO MUNICÍPIO DE SÃO PAULO;7407;6016;2026;1;22/01/2026 00:00:00;6074.2023/0004026-0;10935841000144;MOVIMENTO ORGANIZACIONAL VENCER EDUCAR E REALIZAR;20509;2023;78;FAASP;Fundo de Abastecimento Alimentar de São Paulo;10;Gabinete do Secretário;14;Direitos da Cidadania;422;Direitos Individuais, Coletivos e Difusos;4010;Segurança Alimentar e Nutricional;4426;Políticas, Programas e Ações de Subsistência, Segurança Alimentar e Nu;SESANA;Segurança Alimentar;SESANA - Políticas;3;Despesas Correntes;3;Outras Despesas Correntes;50;Transferências a Instituições Privadas sem Fins Lucrativos;39;Serviços de Assistência Social;33503900;00.1.500.9001;Recursos não vinculados de Impostos;2;Outras Despesas;5;Outros Serviços de Terceiros - Pessoa Jurídica;78.10.14.422.4010.4426.33503900.00.1.500.9001;1319332.35;0.0;1319332.35;753904.2;753904.2;0.0;;500;9001;1;02/03/2026 09:48:58;;00;78;33503900;Contratação PJ sem Fins Lucrativos;4426;UND;Termo de Colaboração nº 029/2023 - Projeto Rede Cozinha Escola;1;1319332.35
01;PREFEITURA DO MUNICÍPIO DE SÃO PAULO;7407;6030;2026;1;22/01/2026 00:00:00;6074.2023/0004026-0;10935841000144;MOVIMENTO ORGANIZACIONAL VENCER EDUCAR E REALIZAR;20509;2023;78;FAASP;Fundo de Abastecimento Alimentar de São Paulo;10;Gabinete do Secretário;14;Direitos da Cidadania;422;Direitos Individuais, Coletivos e Difusos;4010;Segurança Alimentar e Nutricional;4426;Políticas, Programas e Ações de Subsistência, Segurança Alimentar e Nu;SESANA;Segurança Alimentar;SESANA - Políticas;3;Despesas Correntes;3;Outras Despesas Correntes;50;Transferências a Instituições Privadas sem Fins Lucrativos;39;Serviços de Assistência Social;33503900;00.1.500.9001;Recursos não vinculados de Impostos;2;Remuneração de Pessoal;5;Outros Serviços de Terceiros - Pessoa Jurídica;78.10.14.422.4010.4426.33503900.00.1.500.9001;215290.59;0.0;215290.59;123023.2;123023.2;0.0;;500;9001;1;02/03/2026 09:48:58;;00;78;33503900;Contratação PJ sem Fins Lucrativos;4426;UND;"Termo de Colaboração nº 029/2023 - Projeto Rede Cozinha Escola.
";1;215290.59
01;PREFEITURA DO MUNICÍPIO DE SÃO PAULO;7556;6407;2026;1;22/01/2026 00:00:00;6074.2021/0001620-0;04728183000117;CVS COMERCIO DE ALIMENTOS E SERVICOS DE CARTOES LTDA;5775;2021;78;FAASP;Fundo de Abastecimento Alimentar de São Paulo;10;Gabinete do Secretário;14;Direitos da Cidadania;422;Direitos Individuais, Coletivos e Difusos;4010;Segurança Alimentar e Nutricional;4426;Políticas, Programas e Ações de Subsistência, Segurança Alimentar e Nu;SESANA;Segurança Alimentar;SESANA - Políticas;3;Despesas Correntes;3;Outras Despesas Correntes;90;Aplicações Diretas;32;Mercadorias para Doação;33903200;00.1.500.9001;Recursos não vinculados de Impostos;0;Cestas Básicas;0;Material, Bem ou Serviço para Distribuição Gratuita;78.10.14.422.4010.4426.33903200.00.1.500.9001;21144352.0;0.0;21144352.0;10278824.0;4347074.0;0.0;;500;9001;1;02/03/2026 09:48:58;;00;78;33903200;Cestas Básicas;4426;UND;Termo de Contrato nº - 014/SMDHC/2021Fornecimento de cestas de  suprimento alimentar, destinadas à população em situação de extrema  vulnerabilidade - Principal;1;21144352.0
01;PREFEITURA DO MUNICÍPIO DE SÃO PAULO;7646;6424;2026;1;22/01/2026 00:00:00;6074.2023/0006590-5;38883732000140;UNAS  UNIAO DE NUCLEOS ASSOCIACOES DOS MORADORES DE HELIOPOLIS E REGIAO;27620;2023;78;FAASP;Fundo de Abastecimento Alimentar de São Paulo;10;Gabinete do Secretário;14;Direitos da Cidadania;422;Direitos Individuais, Coletivos e Difusos;4010;Segurança Alimentar e Nutricional;4426;Políticas, Programas e Ações de Subsistência, Segurança Alimentar e Nu;SESANA;Segurança Alimentar;SESANA - Políticas;3;Despesas Correntes;3;Outras Despesas Correntes;50;Transferências a Instituições Privadas sem Fins Lucrativos;39;Serviços de Assistência Social;33503900;00.1.500.9001;Recursos não vinculados de Impostos;2;Outras Despesas;5;Outros Serviços de Terceiros - Pessoa Jurídica;78.10.14.422.4010.4426.33503900.00.1.500.9001;1696284.45;0.0;1696284.45;565428.15;565428.15;0.0;;500;9001;1;02/03/2026 09:48:58;;00;78;33503900;Contratação PJ sem Fins Lucrativos;4426;UND;Termo de Colaboração - Projeto Rede Cozinha Escola - TCL/033/2023/SMDHC/SESANA;1;1696284.45
01;PREFEITURA DO MUNICÍPIO DE SÃO PAULO;7556;6425;2026;1;22/01/2026 00:00:00;6074.2021/0001620-0;04728183000117;CVS COMERCIO DE ALIMENTOS E SERVICOS DE CARTOES LTDA;5775;2021;78;FAASP;Fundo de Abastecimento Alimentar de São Paulo;10;Gabinete do Secretário;14;Direitos da Cidadania;422;Direitos Individuais, Coletivos e Difusos;4010;Segurança Alimentar e Nutricional;4426;Políticas, Programas e Ações de Subsistência, Segurança Alimentar e Nu;SESANA;Segurança Alimentar;SESANA - Políticas;3;Despesas Correntes;3;Outras Despesas Correntes;90;Aplicações Diretas;32;Mercadorias para Doação;33903200;00.1.500.9001;Recursos não vinculados de Impostos;0;Cestas Básicas;0;Material, Bem ou Serviço para Distribuição Gratuita;78.10.14.422.4010.4426.33903200.00.1.500.9001;5172867.2;0.0;5172867.2;2514666.4;1063491.4;0.0;;500;9001;1;02/03/2026 09:48:58;;00;78;33903200;Cestas Básicas;4426;UND;Termo de Contrato nº - 014/SMDHC/2021Fornecimento de cestas de suprimento alimentar, destinadas à população em situação de extrema vulnerabilidade - Reajuste;1;5172867.2
01;PREFEITURA DO MUNICÍPIO DE SÃO PAULO;7646;6432;2026;1;22/01/2026 00:00:00;6074.2023/0006590-5;38883732000140;UNAS  UNIAO DE NUCLEOS ASSOCIACOES DOS MORADORES DE HELIOPOLIS E REGIAO;27620;2023;78;FAASP;Fundo de Abastecimento Alimentar de São Paulo;10;Gabinete do Secretário;14;Direitos da Cidadania;422;Direitos Individuais, Coletivos e Difusos;4010;Segurança Alimentar e Nutricional;4426;Políticas, Programas e Ações de Subsistência, Segurança Alimentar e Nu;SESANA;Segurança Alimentar;SESANA - Políticas;3;Despesas Correntes;3;Outras Despesas Correntes;50;Transferências a Instituições Privadas sem Fins Lucrativos;39;Serviços de Assistência Social;33503900;00.1.500.9001;Recursos não vinculados de Impostos;2;Remuneração de Pessoal;5;Outros Serviços de Terceiros - Pessoa Jurídica;78.10.14.422.4010.4426.33503900.00.1.500.9001;276802.19;0.0;276802.19;92267.4;92267.4;0.0;;500;9001;1;02/03/2026 09:48:58;;00;78;33503900;Contratação PJ sem Fins Lucrativos;4426;UND;Termo de Colaboração - Projeto Rede Cozinha Escola - TCL/033/2023/SMDHC/SESANA;1;276802.19
01;PREFEITURA DO MUNICÍPIO DE SÃO PAULO;7685;6454;2026;1;22/01/2026 00:00:00;6074.2023/0006617-0;09066012000193;ASSOCIACAO CRISTA BENEFICIENTE DO BRASIL;30825;2023;78;FAASP;Fundo de Abastecimento Alimentar de São Paulo;10;Gabinete do Secretário;14;Direitos da Cidadania;422;Direitos Individuais, Coletivos e Difusos;4010;Segurança Alimentar e Nutricional;4426;Políticas, Programas e Ações de Subsistência, Segurança Alimentar e Nu;SESANA;Segurança Alimentar;SESANA - Políticas;3;Despesas Correntes;3;Outras Despesas Correntes;50;Transferências a Instituições Privadas sem Fins Lucrativos;39;Serviços de Assistência Social;33503900;00.1.500.9001;Recursos não vinculados de Impostos;2;Outras Despesas;5;Outros Serviços de Terceiros - Pessoa Jurídica;78.10.14.422.4010.4426.33503900.00.1.500.9001;1884760.49;0.0;1884760.49;751564.31;751564.31;0.0;;500;9001;1;02/03/2026 09:48:58;;00;78;33503900;Contratação PJ sem Fins Lucrativos;4426;UND;Termo de Colaboração TCL/056/2023/SMDHC/SESANA - Projeto Rede Cozinha Escola.;1;1884760.49
01;PREFEITURA DO MUNICÍPIO DE SÃO PAULO;7685;6461;2026;1;22/01/2026 00:00:00;6074.2023/0006617-0;09066012000193;ASSOCIACAO CRISTA BENEFICIENTE DO BRASIL;30825;2023;78;FAASP;Fundo de Abastecimento Alimentar de São Paulo;10;Gabinete do Secretário;14;Direitos da Cidadania;422;Direitos Individuais, Coletivos e Difusos;4010;Segurança Alimentar e Nutricional;4426;Políticas, Programas e Ações de Subsistência, Segurança Alimentar e Nu;SESANA;Segurança Alimentar;SESANA - Políticas;3;Despesas Correntes;3;Outras Despesas Correntes;50;Transferências a Instituições Privadas sem Fins Lucrativos;39;Serviços de Assistência Social;33503900;00.1.500.9001;Recursos não vinculados de Impostos;2;Remuneração de Pessoal;5;Outros Serviços de Terceiros - Pessoa Jurídica;78.10.14.422.4010.4426.33503900.00.1.500.9001;307558.0;0.0;307558.0;123023.2;123023.2;0.0;;500;9001;1;02/03/2026 09:48:58;;00;78;33503900;Contratação PJ sem Fins Lucrativos;4426;UND;Termo de Colaboração TCL/056/2023/SMDHC/SESANA - Projeto Rede Cozinha Escola.;1;307558.0
01;PREFEITURA DO MUNICÍPIO DE SÃO PAULO;8593;7754;2026;1;23/01/2026 00:00:00;6074.2023/0006614-6;01080256000119;ASSOCIACAO DE MORADORES COM MUITA GARRA;28779;2023;78;FAASP;Fundo de Abastecimento Alimentar de São Paulo;10;Gabinete do Secretário;14;Direitos da Cidadania;422;Direitos Individuais, Coletivos e Difusos;4010;Segurança Alimentar e Nutricional;4426;Políticas, Programas e Ações de Subsistência, Segurança Alimentar e Nu;SESANA;Segurança Alimentar;SESANA - Políticas;3;Despesas Correntes;3;Outras Despesas Correntes;50;Transferências a Instituições Privadas sem Fins Lucrativos;39;Serviços de Assistência Social;33503900;00.1.500.9001;Recursos não vinculados de Impostos;2;Outras Despesas;5;Outros Serviços de Terceiros - Pessoa Jurídica;78.10.14.422.4010.4426.33503900.00.1.500.9001;1884760.59;0.0;1884760.59;753904.23;753904.23;0.0;;500;9001;1;02/03/2026 09:48:58;;00;78;33503900;Contratação PJ sem Fins Lucrativos;4426;UND;TCL/049/2023/SMDHC/SESANA - Projeto Rede Cozinha Escola;1;1884760.59
01;PREFEITURA DO MUNICÍPIO DE SÃO PAULO;8593;7760;2026;1;23/01/2026 00:00:00;6074.2023/0006614-6;01080256000119;ASSOCIACAO DE MORADORES COM MUITA GARRA;28779;2023;78;FAASP;Fundo de Abastecimento Alimentar de São Paulo;10;Gabinete do Secretário;14;Direitos da Cidadania;422;Direitos Individuais, Coletivos e Difusos;4010;Segurança Alimentar e Nutricional;4426;Políticas, Programas e Ações de Subsistência, Segurança Alimentar e Nu;SESANA;Segurança Alimentar;SESANA - Políticas;3;Despesas Correntes;3;Outras Despesas Correntes;50;Transferências a Instituições Privadas sem Fins Lucrativos;39;Serviços de Assistência Social;33503900;00.1.500.9001;Recursos não vinculados de Impostos;2;Remuneração de Pessoal;5;Outros Serviços de Terceiros - Pessoa Jurídica;78.10.14.422.4010.4426.33503900.00.1.500.9001;307557.9;0.0;307557.9;123023.16;123023.16;0.0;;500;9001;1;02/03/2026 09:48:58;;00;78;33503900;Contratação PJ sem Fins Lucrativos;4426;UND;TCL/049/2023/SMDHC/SESANA - Projeto Rede Cozinha Escola.;1;307557.9
01;PREFEITURA DO MUNICÍPIO DE SÃO PAULO;8607;7800;2026;1;23/01/2026 00:00:00;6074.2023/0006609-0;06224472000104;ASSOCIACAO DE MORADORES MIRAGAIA JARDIM JARAGUA;34345;2023;78;FAASP;Fundo de Abastecimento Alimentar de São Paulo;10;Gabinete do Secretário;14;Direitos da Cidadania;422;Direitos Individuais, Coletivos e Difusos;4010;Segurança Alimentar e Nutricional;4426;Políticas, Programas e Ações de Subsistência, Segurança Alimentar e Nu;SESANA;Segurança Alimentar;SESANA - Políticas;3;Despesas Correntes;3;Outras Despesas Correntes;50;Transferências a Instituições Privadas sem Fins Lucrativos;39;Serviços de Assistência Social;33503900;00.1.500.9001;Recursos não vinculados de Impostos;2;Outras Despesas;5;Outros Serviços de Terceiros - Pessoa Jurídica;78.10.14.422.4010.4426.33503900.00.1.500.9001;2073236.66;0.0;2073236.66;371587.16;371587.16;0.0;;500;9001;1;02/03/2026 09:48:58;;00;78;33503900;Contratação PJ sem Fins Lucrativos;4426;UND;Termo de Colaboração nº TCL/042/2023/SMDHC/SESANA - Projeto Rede Cozinha Escola;1;2073236.66
01;PREFEITURA DO MUNICÍPIO DE SÃO PAULO;8607;7813;2026;1;23/01/2026 00:00:00;6074.2023/0006609-0;06224472000104;ASSOCIACAO DE MORADORES MIRAGAIA JARDIM JARAGUA;34345;2023;78;FAASP;Fundo de Abastecimento Alimentar de São Paulo;10;Gabinete do Secretário;14;Direitos da Cidadania;422;Direitos Individuais, Coletivos e Difusos;4010;Segurança Alimentar e Nutricional;4426;Políticas, Programas e Ações de Subsistência, Segurança Alimentar e Nu;SESANA;Segurança Alimentar;SESANA - Políticas;3;Despesas Correntes;3;Outras Despesas Correntes;50;Transferências a Instituições Privadas sem Fins Lucrativos;39;Serviços de Assistência Social;33503900;00.1.500.9001;Recursos não vinculados de Impostos;2;Remuneração de Pessoal;5;Outros Serviços de Terceiros - Pessoa Jurídica;78.10.14.422.4010.4426.33503900.00.1.500.9001;338313.68;0.0;338313.68;61511.58;61511.58;0.0;;500;9001;1;02/03/2026 09:48:58;;00;78;33503900;Contratação PJ sem Fins Lucrativos;4426;UND;Termo de Colaboração nº TCL/042/2023/SMDHC/SESANA - Projeto Rede Cozinha Escola;1;338313.68
01;PREFEITURA DO MUNICÍPIO DE SÃO PAULO;8642;7873;2026;1;23/01/2026 00:00:00;6074.2023/0006598-0;33178027000128;ASSOCIACAO UNIDOS DO JANGADEIRO;30734;2023;78;FAASP;Fundo de Abastecimento Alimentar de São Paulo;10;Gabinete do Secretário;14;Direitos da Cidadania;422;Direitos Individuais, Coletivos e Difusos;4010;Segurança Alimentar e Nutricional;4426;Políticas, Programas e Ações de Subsistência, Segurança Alimentar e Nu;SESANA;Segurança Alimentar;SESANA - Políticas;3;Despesas Correntes;3;Outras Despesas Correntes;50;Transferências a Instituições Privadas sem Fins Lucrativos;39;Serviços de Assistência Social;33503900;00.1.500.9001;Recursos não vinculados de Impostos;2;Outras Despesas;5;Outros Serviços de Terceiros - Pessoa Jurídica;78.10.14.422.4010.4426.33503900.00.1.500.9001;1884760.59;0.0;1884760.59;753904.22;753904.22;0.0;;500;9001;1;02/03/2026 09:48:58;;00;78;33503900;Contratação PJ sem Fins Lucrativos;4426;UND;Termo de Colaboração TCL/059/2023/SMDHC/SESANA - Projeto Rede Cozinha Escola.;1;1884760.59
01;PREFEITURA DO MUNICÍPIO DE SÃO PAULO;8642;7882;2026;1;23/01/2026 00:00:00;6074.2023/0006598-0;33178027000128;ASSOCIACAO UNIDOS DO JANGADEIRO;30734;2023;78;FAASP;Fundo de Abastecimento Alimentar de São Paulo;10;Gabinete do Secretário;14;Direitos da Cidadania;422;Direitos Individuais, Coletivos e Difusos;4010;Segurança Alimentar e Nutricional;4426;Políticas, Programas e Ações de Subsistência, Segurança Alimentar e Nu;SESANA;Segurança Alimentar;SESANA - Políticas;3;Despesas Correntes;3;Outras Despesas Correntes;50;Transferências a Instituições Privadas sem Fins Lucrativos;39;Serviços de Assistência Social;33503900;00.1.500.9001;Recursos não vinculados de Impostos;2;Remuneração de Pessoal;5;Outros Serviços de Terceiros - Pessoa Jurídica;78.10.14.422.4010.4426.33503900.00.1.500.9001;307557.9;0.0;307557.9;123023.17;123023.17;0.0;;500;9001;1;02/03/2026 09:48:58;;00;78;33503900;Contratação PJ sem Fins Lucrativos;4426;UND;Termo de Colaboração TCL/059/2023/SMDHC/SESANA - Projeto Rede Cozinha Escola.;1;307557.9
01;PREFEITURA DO MUNICÍPIO DE SÃO PAULO;8690;7986;2026;1;23/01/2026 00:00:00;6074.2023/0006595-6;20340419000108;INSTITUTO SOCIAL AEQUALITAS;30629;2023;78;FAASP;Fundo de Abastecimento Alimentar de São Paulo;10;Gabinete do Secretário;14;Direitos da Cidadania;422;Direitos Individuais, Coletivos e Difusos;4010;Segurança Alimentar e Nutricional;4426;Políticas, Programas e Ações de Subsistência, Segurança Alimentar e Nu;SESANA;Segurança Alimentar;SESANA - Políticas;3;Despesas Correntes;3;Outras Despesas Correntes;50;Transferências a Instituições Privadas sem Fins Lucrativos;39;Serviços de Assistência Social;33503900;00.1.500.9001;Recursos não vinculados de Impostos;2;Outras Despesas;5;Outros Serviços de Terceiros - Pessoa Jurídica;78.10.14.422.4010.4426.33503900.00.1.500.9001;1884760.59;0.0;1884760.59;753904.2;565428.15;0.0;;500;9001;1;02/03/2026 09:48:58;;00;78;33503900;Contratação PJ sem Fins Lucrativos;4426;UND;Termo de Colaboração TCL/037/2023/SMDHC/SESANA - Projeto Rede Cozinha Escola.;1;1884760.59
01;PREFEITURA DO MUNICÍPIO DE SÃO PAULO;8690;7994;2026;1;23/01/2026 00:00:00;6074.2023/0006595-6;20340419000108;INSTITUTO SOCIAL AEQUALITAS;30629;2023;78;FAASP;Fundo de Abastecimento Alimentar de São Paulo;10;Gabinete do Secretário;14;Direitos da Cidadania;422;Direitos Individuais, Coletivos e Difusos;4010;Segurança Alimentar e Nutricional;4426;Políticas, Programas e Ações de Subsistência, Segurança Alimentar e Nu;SESANA;Segurança Alimentar;SESANA - Políticas;3;Despesas Correntes;3;Outras Despesas Correntes;50;Transferências a Instituições Privadas sem Fins Lucrativos;39;Serviços de Assistência Social;33503900;00.1.500.9001;Recursos não vinculados de Impostos;2;Remuneração de Pessoal;5;Outros Serviços de Terceiros - Pessoa Jurídica;78.10.14.422.4010.4426.33503900.00.1.500.9001;307557.9;0.0;307557.9;123023.19;92267.39;0.0;;500;9001;1;02/03/2026 09:48:58;;00;78;33503900;Contratação PJ sem Fins Lucrativos;4426;UND;Termo de Colaboração TCL/037/2023/SMDHC/SESANA - Projeto Rede Cozinha Escola.;1;307557.9
01;PREFEITURA DO MUNICÍPIO DE SÃO PAULO;8714;8029;2026;1;23/01/2026 00:00:00;6074.2023/0004009-0;23141684000147;INSTITUTO FENIX VIDA E LUZ;19766;2023;78;FAASP;Fundo de Abastecimento Alimentar de São Paulo;10;Gabinete do Secretário;14;Direitos da Cidadania;422;Direitos Individuais, Coletivos e Difusos;4010;Segurança Alimentar e Nutricional;4426;Políticas, Programas e Ações de Subsistência, Segurança Alimentar e Nu;SESANA;Segurança Alimentar;SESANA - Políticas;3;Despesas Correntes;3;Outras Despesas Correntes;50;Transferências a Instituições Privadas sem Fins Lucrativos;39;Serviços de Assistência Social;33503900;00.1.500.9001;Recursos não vinculados de Impostos;2;Outras Despesas;5;Outros Serviços de Terceiros - Pessoa Jurídica;78.10.14.422.4010.4426.33503900.00.1.500.9001;1319332.35;0.0;1319332.35;753904.2;753904.2;0.0;;500;9001;1;02/03/2026 09:48:58;;00;78;33503900;Contratação PJ sem Fins Lucrativos;4426;UND;TCL nº 010/SMDHC/2023 - Projeto Rede Cozinha Escola.;1;1319332.35
01;PREFEITURA DO MUNICÍPIO DE SÃO PAULO;8714;8040;2026;1;23/01/2026 00:00:00;6074.2023/0004009-0;23141684000147;INSTITUTO FENIX VIDA E LUZ;19766;2023;78;FAASP;Fundo de Abastecimento Alimentar de São Paulo;10;Gabinete do Secretário;14;Direitos da Cidadania;422;Direitos Individuais, Coletivos e Difusos;4010;Segurança Alimentar e Nutricional;4426;Políticas, Programas e Ações de Subsistência, Segurança Alimentar e Nu;SESANA;Segurança Alimentar;SESANA - Políticas;3;Despesas Correntes;3;Outras Despesas Correntes;50;Transferências a Instituições Privadas sem Fins Lucrativos;39;Serviços de Assistência Social;33503900;00.1.500.9001;Recursos não vinculados de Impostos;2;Remuneração de Pessoal;5;Outros Serviços de Terceiros - Pessoa Jurídica;78.10.14.422.4010.4426.33503900.00.1.500.9001;215290.59;0.0;215290.59;123023.2;123023.2;0.0;;500;9001;1;02/03/2026 09:48:58;;00;78;33503900;Contratação PJ sem Fins Lucrativos;4426;UND;TCL nº 010/SMDHC/2023 - Projeto Rede Cozinha Escola.;1;215290.59
01;PREFEITURA DO MUNICÍPIO DE SÃO PAULO;8730;8092;2026;1;23/01/2026 00:00:00;6074.2023/0004029-5;36893412000145;ASSOCIACAO DA PEDRA PARA A ROCHA;19757;2023;78;FAASP;Fundo de Abastecimento Alimentar de São Paulo;10;Gabinete do Secretário;14;Direitos da Cidadania;422;Direitos Individuais, Coletivos e Difusos;4010;Segurança Alimentar e Nutricional;4426;Políticas, Programas e Ações de Subsistência, Segurança Alimentar e Nu;SESANA;Segurança Alimentar;SESANA - Políticas;3;Despesas Correntes;3;Outras Despesas Correntes;50;Transferências a Instituições Privadas sem Fins Lucrativos;39;Serviços de Assistência Social;33503900;00.1.500.9001;Recursos não vinculados de Impostos;2;Outras Despesas;5;Outros Serviços de Terceiros - Pessoa Jurídica;78.10.14.422.4010.4426.33503900.00.1.500.9001;1319332.35;0.0;1319332.35;753904.2;753904.2;0.0;;500;9001;1;02/03/2026 09:48:58;;00;78;33503900;Contratação PJ sem Fins Lucrativos;4426;UND;Termo de Colaboração TCL nº 011/SMDHC/2023 - Projeto Rede Cozinha Escola.;1;1319332.35
01;PREFEITURA DO MUNICÍPIO DE SÃO PAULO;8730;8099;2026;1;23/01/2026 00:00:00;6074.2023/0004029-5;36893412000145;ASSOCIACAO DA PEDRA PARA A ROCHA;19757;2023;78;FAASP;Fundo de Abastecimento Alimentar de São Paulo;10;Gabinete do Secretário;14;Direitos da Cidadania;422;Direitos Individuais, Coletivos e Difusos;4010;Segurança Alimentar e Nutricional;4426;Políticas, Programas e Ações de Subsistência, Segurança Alimentar e Nu;SESANA;Segurança Alimentar;SESANA - Políticas;3;Despesas Correntes;3;Outras Despesas Correntes;50;Transferências a Instituições Privadas sem Fins Lucrativos;39;Serviços de Assistência Social;33503900;00.1.500.9001;Recursos não vinculados de Impostos;2;Remuneração de Pessoal;5;Outros Serviços de Terceiros - Pessoa Jurídica;78.10.14.422.4010.4426.33503900.00.1.500.9001;215290.59;0.0;215290.59;123023.2;123023.2;0.0;;500;9001;1;02/03/2026 09:48:58;;00;78;33503900;Contratação PJ sem Fins Lucrativos;4426;UND;Termo de Colaboração TCL nº 011/SMDHC/2023 - Projeto Rede Cozinha Escola;1;215290.59
01;PREFEITURA DO MUNICÍPIO DE SÃO PAULO;8770;8176;2026;1;23/01/2026 00:00:00;6074.2023/0004035-0;09028658000186;ASSOCIACAO ACAO COMUNITARIA NOVA HELIOPOLIS;19764;2023;78;FAASP;Fundo de Abastecimento Alimentar de São Paulo;10;Gabinete do Secretário;14;Direitos da Cidadania;422;Direitos Individuais, Coletivos e Difusos;4010;Segurança Alimentar e Nutricional;4426;Políticas, Programas e Ações de Subsistência, Segurança Alimentar e Nu;SESANA;Segurança Alimentar;SESANA - Políticas;3;Despesas Correntes;3;Outras Despesas Correntes;50;Transferências a Instituições Privadas sem Fins Lucrativos;39;Serviços de Assistência Social;33503900;00.1.500.9001;Recursos não vinculados de Impostos;2;Outras Despesas;5;Outros Serviços de Terceiros - Pessoa Jurídica;78.10.14.422.4010.4426.33503900.00.1.500.9001;1319332.35;0.0;1319332.35;753904.2;753904.2;0.0;;500;9001;1;02/03/2026 09:48:58;;00;78;33503900;Contratação PJ sem Fins Lucrativos;4426;UND;Termo de Colaboração TCL nº 013/SMDHC/2023 - Projeto Rede Cozinha Escola.;1;1319332.35
01;PREFEITURA DO MUNICÍPIO DE SÃO PAULO;8770;8181;2026;1;23/01/2026 00:00:00;6074.2023/0004035-0;09028658000186;ASSOCIACAO ACAO COMUNITARIA NOVA HELIOPOLIS;19764;2023;78;FAASP;Fundo de Abastecimento Alimentar de São Paulo;10;Gabinete do Secretário;14;Direitos da Cidadania;422;Direitos Individuais, Coletivos e Difusos;4010;Segurança Alimentar e Nutricional;4426;Políticas, Programas e Ações de Subsistência, Segurança Alimentar e Nu;SESANA;Segurança Alimentar;SESANA - Políticas;3;Despesas Correntes;3;Outras Despesas Correntes;50;Transferências a Instituições Privadas sem Fins Lucrativos;39;Serviços de Assistência Social;33503900;00.1.500.9001;Recursos não vinculados de Impostos;2;Remuneração de Pessoal;5;Outros Serviços de Terceiros - Pessoa Jurídica;78.10.14.422.4010.4426.33503900.00.1.500.9001;215290.59;0.0;215290.59;123023.2;123023.2;0.0;;500;9001;1;02/03/2026 09:48:58;;00;78;33503900;Contratação PJ sem Fins Lucrativos;4426;UND;Termo de Colaboração TCL nº 013/SMDHC/2023 - Projeto Rede Cozinha Escola;1;215290.59
01;PREFEITURA DO MUNICÍPIO DE SÃO PAULO;10352;10568;2026;1;27/01/2026 00:00:00;6074.2023/0004044-9;32704477000144;SOMR ASSOCIACAO DE DESENVOLVIMENTO SOCIAL;19748;2023;78;FAASP;Fundo de Abastecimento Alimentar de São Paulo;10;Gabinete do Secretário;14;Direitos da Cidadania;422;Direitos Individuais, Coletivos e Difusos;4010;Segurança Alimentar e Nutricional;4426;Políticas, Programas e Ações de Subsistência, Segurança Alimentar e Nu;SESANA;Segurança Alimentar;SESANA - Políticas;3;Despesas Correntes;3;Outras Despesas Correntes;50;Transferências a Instituições Privadas sem Fins Lucrativos;39;Serviços de Assistência Social;33503900;00.1.500.9001;Recursos não vinculados de Impostos;2;Outras Despesas;5;Outros Serviços de Terceiros - Pessoa Jurídica;78.10.14.422.4010.4426.33503900.00.1.500.9001;1507808.43;0.0;1507808.43;376952.1;376952.1;0.0;;500;9001;1;02/03/2026 09:48:58;;00;78;33503900;Contratação PJ sem Fins Lucrativos;4426;UND;TERMO DE COLABORAÇÃO Nº TCL/022/2023/SMDHC/SESANA.;1;1507808.43
01;PREFEITURA DO MUNICÍPIO DE SÃO PAULO;10352;10583;2026;1;27/01/2026 00:00:00;6074.2023/0004044-9;32704477000144;SOMR ASSOCIACAO DE DESENVOLVIMENTO SOCIAL;19748;2023;78;FAASP;Fundo de Abastecimento Alimentar de São Paulo;10;Gabinete do Secretário;14;Direitos da Cidadania;422;Direitos Individuais, Coletivos e Difusos;4010;Segurança Alimentar e Nutricional;4426;Políticas, Programas e Ações de Subsistência, Segurança Alimentar e Nu;SESANA;Segurança Alimentar;SESANA - Políticas;3;Despesas Correntes;3;Outras Despesas Correntes;50;Transferências a Instituições Privadas sem Fins Lucrativos;39;Serviços de Assistência Social;33503900;00.1.500.9001;Recursos não vinculados de Impostos;2;Remuneração de Pessoal;5;Outros Serviços de Terceiros - Pessoa Jurídica;78.10.14.422.4010.4426.33503900.00.1.500.9001;246046.36;0.0;246046.36;61511.6;61511.6;0.0;;500;9001;1;02/03/2026 09:48:58;;00;78;33503900;Contratação PJ sem Fins Lucrativos;4426;UND;TERMO DE COLABORAÇÃO Nº TCL/022/2023/SMDHC/SESANA;1;246046.36
01;PREFEITURA DO MUNICÍPIO DE SÃO PAULO;10391;10639;2026;1;27/01/2026 00:00:00;6074.2023/0004023-6;12768640000125;ASSOCIACAO BENEFICENTE MENINA DOS OLHOS DE OURO;19775;2023;78;FAASP;Fundo de Abastecimento Alimentar de São Paulo;10;Gabinete do Secretário;14;Direitos da Cidadania;422;Direitos Individuais, Coletivos e Difusos;4010;Segurança Alimentar e Nutricional;4426;Políticas, Programas e Ações de Subsistência, Segurança Alimentar e Nu;SESANA;Segurança Alimentar;SESANA - Políticas;3;Despesas Correntes;3;Outras Despesas Correntes;50;Transferências a Instituições Privadas sem Fins Lucrativos;39;Serviços de Assistência Social;33503900;00.1.500.9001;Recursos não vinculados de Impostos;2;Outras Despesas;5;Outros Serviços de Terceiros - Pessoa Jurídica;78.10.14.422.4010.4426.33503900.00.1.500.9001;1319332.35;0.0;1319332.35;753904.2;753904.2;0.0;;500;9001;1;02/03/2026 09:48:58;;00;78;33503900;Contratação PJ sem Fins Lucrativos;4426;UND;Termo de Colaboração TCL nº 021/2023/SMDHC - Projeto Rede Cozinha Escola;1;1319332.35
01;PREFEITURA DO MUNICÍPIO DE SÃO PAULO;10391;10644;2026;1;27/01/2026 00:00:00;6074.2023/0004023-6;12768640000125;ASSOCIACAO BENEFICENTE MENINA DOS OLHOS DE OURO;19775;2023;78;FAASP;Fundo de Abastecimento Alimentar de São Paulo;10;Gabinete do Secretário;14;Direitos da Cidadania;422;Direitos Individuais, Coletivos e Difusos;4010;Segurança Alimentar e Nutricional;4426;Políticas, Programas e Ações de Subsistência, Segurança Alimentar e Nu;SESANA;Segurança Alimentar;SESANA - Políticas;3;Despesas Correntes;3;Outras Despesas Correntes;50;Transferências a Instituições Privadas sem Fins Lucrativos;39;Serviços de Assistência Social;33503900;00.1.500.9001;Recursos não vinculados de Impostos;2;Remuneração de Pessoal;5;Outros Serviços de Terceiros - Pessoa Jurídica;78.10.14.422.4010.4426.33503900.00.1.500.9001;215290.59;0.0;215290.59;123023.2;123023.2;0.0;;500;9001;1;02/03/2026 09:48:58;;00;78;33503900;Contratação PJ sem Fins Lucrativos;4426;UND;Termo de Colaboração TCL nº 021/2023/SMDHC;1;215290.59
01;PREFEITURA DO MUNICÍPIO DE SÃO PAULO;10437;10717;2026;1;27/01/2026 00:00:00;6074.2023/0004045-7;21624370000170;ANDDDES  AGENCIA NACIONAL DE DEFESA E GARANTIA DOS DIREITOS DIFUSOS A EDUCACAO E SAUDE;19664;2023;78;FAASP;Fundo de Abastecimento Alimentar de São Paulo;10;Gabinete do Secretário;14;Direitos da Cidadania;422;Direitos Individuais, Coletivos e Difusos;4010;Segurança Alimentar e Nutricional;4426;Políticas, Programas e Ações de Subsistência, Segurança Alimentar e Nu;SESANA;Segurança Alimentar;SESANA - Políticas;3;Despesas Correntes;3;Outras Despesas Correntes;50;Transferências a Instituições Privadas sem Fins Lucrativos;39;Serviços de Assistência Social;33503900;00.1.500.9001;Recursos não vinculados de Impostos;2;Outras Despesas;5;Outros Serviços de Terceiros - Pessoa Jurídica;78.10.14.422.4010.4426.33503900.00.1.500.9001;1319332.35;0.0;1319332.35;753904.2;753904.2;0.0;;500;9001;1;02/03/2026 09:48:58;;00;78;33503900;Contratação PJ sem Fins Lucrativos;4426;UND;TERMO DE COLABORAÇÃO Nº TCL/023/2023/SMDHC/SESANA;1;1319332.35
01;PREFEITURA DO MUNICÍPIO DE SÃO PAULO;10437;10723;2026;1;27/01/2026 00:00:00;6074.2023/0004045-7;21624370000170;ANDDDES  AGENCIA NACIONAL DE DEFESA E GARANTIA DOS DIREITOS DIFUSOS A EDUCACAO E SAUDE;19664;2023;78;FAASP;Fundo de Abastecimento Alimentar de São Paulo;10;Gabinete do Secretário;14;Direitos da Cidadania;422;Direitos Individuais, Coletivos e Difusos;4010;Segurança Alimentar e Nutricional;4426;Políticas, Programas e Ações de Subsistência, Segurança Alimentar e Nu;SESANA;Segurança Alimentar;SESANA - Políticas;3;Despesas Correntes;3;Outras Despesas Correntes;50;Transferências a Instituições Privadas sem Fins Lucrativos;39;Serviços de Assistência Social;33503900;00.1.500.9001;Recursos não vinculados de Impostos;2;Remuneração de Pessoal;5;Outros Serviços de Terceiros - Pessoa Jurídica;78.10.14.422.4010.4426.33503900.00.1.500.9001;215290.6;0.0;215290.6;123023.2;123023.2;0.0;;500;9001;1;02/03/2026 09:48:58;;00;78;33503900;Contratação PJ sem Fins Lucrativos;4426;UND;TERMO DE COLABORAÇÃO Nº TCL/023/2023/SMDHC/SESANA;1;215290.6
01;PREFEITURA DO MUNICÍPIO DE SÃO PAULO;10464;10740;2026;1;27/01/2026 00:00:00;6074.2023/0003999-8;28888059000187;ASSOCIACAO ETHOS SUSTENTAVEL;19778;2023;78;FAASP;Fundo de Abastecimento Alimentar de São Paulo;10;Gabinete do Secretário;14;Direitos da Cidadania;422;Direitos Individuais, Coletivos e Difusos;4010;Segurança Alimentar e Nutricional;4426;Políticas, Programas e Ações de Subsistência, Segurança Alimentar e Nu;SESANA;Segurança Alimentar;SESANA - Políticas;3;Despesas Correntes;3;Outras Despesas Correntes;50;Transferências a Instituições Privadas sem Fins Lucrativos;39;Serviços de Assistência Social;33503900;00.1.500.9001;Recursos não vinculados de Impostos;2;Outras Despesas;5;Outros Serviços de Terceiros - Pessoa Jurídica;78.10.14.422.4010.4426.33503900.00.1.500.9001;1319332.35;0.0;1319332.35;753904.2;753904.2;0.0;;500;9001;1;02/03/2026 09:48:58;;00;78;33503900;Contratação PJ sem Fins Lucrativos;4426;UND;Termo de Colaboração - Projeto Rede Cozinha Escola - TCL/007/2023/SMDHC/SESANA;1;1319332.35
01;PREFEITURA DO MUNICÍPIO DE SÃO PAULO;10464;10744;2026;1;27/01/2026 00:00:00;6074.2023/0003999-8;28888059000187;ASSOCIACAO ETHOS SUSTENTAVEL;19778;2023;78;FAASP;Fundo de Abastecimento Alimentar de São Paulo;10;Gabinete do Secretário;14;Direitos da Cidadania;422;Direitos Individuais, Coletivos e Difusos;4010;Segurança Alimentar e Nutricional;4426;Políticas, Programas e Ações de Subsistência, Segurança Alimentar e Nu;SESANA;Segurança Alimentar;SESANA - Políticas;3;Despesas Correntes;3;Outras Despesas Correntes;50;Transferências a Instituições Privadas sem Fins Lucrativos;39;Serviços de Assistência Social;33503900;00.1.500.9001;Recursos não vinculados de Impostos;2;Remuneração de Pessoal;5;Outros Serviços de Terceiros - Pessoa Jurídica;78.10.14.422.4010.4426.33503900.00.1.500.9001;215290.6;0.0;215290.6;123023.2;123023.2;0.0;;500;9001;1;02/03/2026 09:48:58;;00;78;33503900;Contratação PJ sem Fins Lucrativos;4426;UND;Termo de Colaboração - Projeto Rede Cozinha Escola - TCL/007/2023/SMDHC/SESANA;1;215290.6
01;PREFEITURA DO MUNICÍPIO DE SÃO PAULO;10480;10757;2026;1;27/01/2026 00:00:00;6074.2023/0004000-7;21987617000112;ASSOCIAÇÃO BENEFICENTE FOLHINHAS VERDES;19776;2023;78;FAASP;Fundo de Abastecimento Alimentar de São Paulo;10;Gabinete do Secretário;14;Direitos da Cidadania;422;Direitos Individuais, Coletivos e Difusos;4010;Segurança Alimentar e Nutricional;4426;Políticas, Programas e Ações de Subsistência, Segurança Alimentar e Nu;SESANA;Segurança Alimentar;SESANA - Políticas;3;Despesas Correntes;3;Outras Despesas Correntes;50;Transferências a Instituições Privadas sem Fins Lucrativos;39;Serviços de Assistência Social;33503900;00.1.500.9001;Recursos não vinculados de Impostos;2;Outras Despesas;5;Outros Serviços de Terceiros - Pessoa Jurídica;78.10.14.422.4010.4426.33503900.00.1.500.9001;1319332.35;0.0;1319332.35;563490.07;563490.07;0.0;;500;9001;1;02/03/2026 09:48:58;;00;78;33503900;Contratação PJ sem Fins Lucrativos;4426;UND;TERMO DE COLABORAÇÃO Nº TCL/008/2023/SMDHC/SESANA;1;1319332.35
01;PREFEITURA DO MUNICÍPIO DE SÃO PAULO;10480;10762;2026;1;27/01/2026 00:00:00;6074.2023/0004000-7;21987617000112;ASSOCIAÇÃO BENEFICENTE FOLHINHAS VERDES;19776;2023;78;FAASP;Fundo de Abastecimento Alimentar de São Paulo;10;Gabinete do Secretário;14;Direitos da Cidadania;422;Direitos Individuais, Coletivos e Difusos;4010;Segurança Alimentar e Nutricional;4426;Políticas, Programas e Ações de Subsistência, Segurança Alimentar e Nu;SESANA;Segurança Alimentar;SESANA - Políticas;3;Despesas Correntes;3;Outras Despesas Correntes;50;Transferências a Instituições Privadas sem Fins Lucrativos;39;Serviços de Assistência Social;33503900;00.1.500.9001;Recursos não vinculados de Impostos;2;Remuneração de Pessoal;5;Outros Serviços de Terceiros - Pessoa Jurídica;78.10.14.422.4010.4426.33503900.00.1.500.9001;215290.6;0.0;215290.6;92267.4;92267.4;0.0;;500;9001;1;02/03/2026 09:48:58;;00;78;33503900;Contratação PJ sem Fins Lucrativos;4426;UND;TERMO DE COLABORAÇÃO Nº TCL/008/2023/SMDHC/SESANA;1;215290.6
01;PREFEITURA DO MUNICÍPIO DE SÃO PAULO;10501;10796;2026;1;27/01/2026 00:00:00;6074.2023/0004001-5;25288235000151;UNIAO DA PERIFERIA DO ITAIM PAULISTA;19761;2023;78;FAASP;Fundo de Abastecimento Alimentar de São Paulo;10;Gabinete do Secretário;14;Direitos da Cidadania;422;Direitos Individuais, Coletivos e Difusos;4010;Segurança Alimentar e Nutricional;4426;Políticas, Programas e Ações de Subsistência, Segurança Alimentar e Nu;SESANA;Segurança Alimentar;SESANA - Políticas;3;Despesas Correntes;3;Outras Despesas Correntes;50;Transferências a Instituições Privadas sem Fins Lucrativos;39;Serviços de Assistência Social;33503900;00.1.500.9001;Recursos não vinculados de Impostos;2;Outras Despesas;5;Outros Serviços de Terceiros - Pessoa Jurídica;78.10.14.422.4010.4426.33503900.00.1.500.9001;1319332.35;0.0;1319332.35;565428.15;565428.15;0.0;;500;9001;1;02/03/2026 09:48:58;;00;78;33503900;Contratação PJ sem Fins Lucrativos;4426;UND;Termo de Colaboração nº TCL/009/2023/SMDHC/SESANA;1;1319332.35
01;PREFEITURA DO MUNICÍPIO DE SÃO PAULO;10501;10798;2026;1;27/01/2026 00:00:00;6074.2023/0004001-5;25288235000151;UNIAO DA PERIFERIA DO ITAIM PAULISTA;19761;2023;78;FAASP;Fundo de Abastecimento Alimentar de São Paulo;10;Gabinete do Secretário;14;Direitos da Cidadania;422;Direitos Individuais, Coletivos e Difusos;4010;Segurança Alimentar e Nutricional;4426;Políticas, Programas e Ações de Subsistência, Segurança Alimentar e Nu;SESANA;Segurança Alimentar;SESANA - Políticas;3;Despesas Correntes;3;Outras Despesas Correntes;50;Transferências a Instituições Privadas sem Fins Lucrativos;39;Serviços de Assistência Social;33503900;00.1.500.9001;Recursos não vinculados de Impostos;2;Remuneração de Pessoal;5;Outros Serviços de Terceiros - Pessoa Jurídica;78.10.14.422.4010.4426.33503900.00.1.500.9001;215290.6;0.0;215290.6;92267.4;92267.4;0.0;;500;9001;1;02/03/2026 09:48:58;;00;78;33503900;Contratação PJ sem Fins Lucrativos;4426;UND;Termo de Colaboração n.° TCL/009/2023/SMDHC/SESANA;1;215290.6
01;PREFEITURA DO MUNICÍPIO DE SÃO PAULO;10517;10841;2026;1;27/01/2026 00:00:00;6074.2023/0004024-4;44513328000187;ASSOCIACAO EXPANSAO CULTURAL;19770;2023;78;FAASP;Fundo de Abastecimento Alimentar de São Paulo;10;Gabinete do Secretário;14;Direitos da Cidadania;422;Direitos Individuais, Coletivos e Difusos;4010;Segurança Alimentar e Nutricional;4426;Políticas, Programas e Ações de Subsistência, Segurança Alimentar e Nu;SESANA;Segurança Alimentar;SESANA - Políticas;3;Despesas Correntes;3;Outras Despesas Correntes;50;Transferências a Instituições Privadas sem Fins Lucrativos;39;Serviços de Assistência Social;33503900;00.1.500.9001;Recursos não vinculados de Impostos;2;Outras Despesas;5;Outros Serviços de Terceiros - Pessoa Jurídica;78.10.14.422.4010.4426.33503900.00.1.500.9001;1319332.34;0.0;1319332.34;753904.19;753904.19;0.0;;500;9001;1;02/03/2026 09:48:58;;00;78;33503900;Contratação PJ sem Fins Lucrativos;4426;UND;TERMO DE COLABORAÇÃO Nº TCL/015/2023/SMDHC/SESANA;1;1319332.34
01;PREFEITURA DO MUNICÍPIO DE SÃO PAULO;10517;10846;2026;1;27/01/2026 00:00:00;6074.2023/0004024-4;44513328000187;ASSOCIACAO EXPANSAO CULTURAL;19770;2023;78;FAASP;Fundo de Abastecimento Alimentar de São Paulo;10;Gabinete do Secretário;14;Direitos da Cidadania;422;Direitos Individuais, Coletivos e Difusos;4010;Segurança Alimentar e Nutricional;4426;Políticas, Programas e Ações de Subsistência, Segurança Alimentar e Nu;SESANA;Segurança Alimentar;SESANA - Políticas;3;Despesas Correntes;3;Outras Despesas Correntes;50;Transferências a Instituições Privadas sem Fins Lucrativos;39;Serviços de Assistência Social;33503900;00.1.500.9001;Recursos não vinculados de Impostos;2;Remuneração de Pessoal;5;Outros Serviços de Terceiros - Pessoa Jurídica;78.10.14.422.4010.4426.33503900.00.1.500.9001;215290.6;0.0;215290.6;123023.2;123023.2;0.0;;500;9001;1;02/03/2026 09:48:58;;00;78;33503900;Contratação PJ sem Fins Lucrativos;4426;UND;TERMO DE COLABORAÇÃO Nº TCL/015/2023/SMDHC/SESANA;1;215290.6
01;PREFEITURA DO MUNICÍPIO DE SÃO PAULO;10710;11236;2026;1;28/01/2026 00:00:00;6074.2023/0004034-1;03840929000117;CENTRO ASSISTENCIAL AO POVO CARENTE DO ESTADO DE SAO PAULO;19767;2023;78;FAASP;Fundo de Abastecimento Alimentar de São Paulo;10;Gabinete do Secretário;14;Direitos da Cidadania;422;Direitos Individuais, Coletivos e Difusos;4010;Segurança Alimentar e Nutricional;4426;Políticas, Programas e Ações de Subsistência, Segurança Alimentar e Nu;SESANA;Segurança Alimentar;SESANA - Políticas;3;Despesas Correntes;3;Outras Despesas Correntes;50;Transferências a Instituições Privadas sem Fins Lucrativos;39;Serviços de Assistência Social;33503900;00.1.500.9001;Recursos não vinculados de Impostos;2;Outras Despesas;5;Outros Serviços de Terceiros - Pessoa Jurídica;78.10.14.422.4010.4426.33503900.00.1.500.9001;1319332.35;0.0;1319332.35;376952.1;376952.1;0.0;;500;9001;1;02/03/2026 09:48:58;;00;78;33503900;Contratação PJ sem Fins Lucrativos;4426;UND;TERMO DE COLABORAÇÃO Nº TCL/016/2023/SMDHC/SESANA;1;1319332.35
01;PREFEITURA DO MUNICÍPIO DE SÃO PAULO;10710;11264;2026;1;28/01/2026 00:00:00;6074.2023/0004034-1;03840929000117;CENTRO ASSISTENCIAL AO POVO CARENTE DO ESTADO DE SAO PAULO;19767;2023;78;FAASP;Fundo de Abastecimento Alimentar de São Paulo;10;Gabinete do Secretário;14;Direitos da Cidadania;422;Direitos Individuais, Coletivos e Difusos;4010;Segurança Alimentar e Nutricional;4426;Políticas, Programas e Ações de Subsistência, Segurança Alimentar e Nu;SESANA;Segurança Alimentar;SESANA - Políticas;3;Despesas Correntes;3;Outras Despesas Correntes;50;Transferências a Instituições Privadas sem Fins Lucrativos;39;Serviços de Assistência Social;33503900;00.1.500.9001;Recursos não vinculados de Impostos;2;Remuneração de Pessoal;5;Outros Serviços de Terceiros - Pessoa Jurídica;78.10.14.422.4010.4426.33503900.00.1.500.9001;215290.6;0.0;215290.6;61511.6;61511.6;0.0;;500;9001;1;02/03/2026 09:48:58;;00;78;33503900;Contratação PJ sem Fins Lucrativos;4426;UND;TERMO DE COLABORAÇÃO Nº TCL/016/2023/SMDHC/SESANA.;1;215290.6
01;PREFEITURA DO MUNICÍPIO DE SÃO PAULO;10761;11321;2026;1;28/01/2026 00:00:00;6074.2023/0004006-6;35101775000138;ASSOCIACAO  BENEFICENTE LUZ DO SABER;20315;2023;78;FAASP;Fundo de Abastecimento Alimentar de São Paulo;10;Gabinete do Secretário;14;Direitos da Cidadania;422;Direitos Individuais, Coletivos e Difusos;4010;Segurança Alimentar e Nutricional;4426;Políticas, Programas e Ações de Subsistência, Segurança Alimentar e Nu;SESANA;Segurança Alimentar;SESANA - Políticas;3;Despesas Correntes;3;Outras Despesas Correntes;50;Transferências a Instituições Privadas sem Fins Lucrativos;39;Serviços de Assistência Social;33503900;00.1.500.9001;Recursos não vinculados de Impostos;2;Outras Despesas;5;Outros Serviços de Terceiros - Pessoa Jurídica;78.10.14.422.4010.4426.33503900.00.1.500.9001;1319332.35;0.0;1319332.35;376952.1;376952.1;0.0;;500;9001;1;02/03/2026 09:48:58;;00;78;33503900;Contratação PJ sem Fins Lucrativos;4426;UND;TERMO DE COLABORAÇÃO Nº TCL/026/2023/SMDHC/SESANA - Rede Cozinha Escola;1;1319332.35
01;PREFEITURA DO MUNICÍPIO DE SÃO PAULO;10761;11329;2026;1;28/01/2026 00:00:00;6074.2023/0004006-6;35101775000138;ASSOCIACAO  BENEFICENTE LUZ DO SABER;20315;2023;78;FAASP;Fundo de Abastecimento Alimentar de São Paulo;10;Gabinete do Secretário;14;Direitos da Cidadania;422;Direitos Individuais, Coletivos e Difusos;4010;Segurança Alimentar e Nutricional;4426;Políticas, Programas e Ações de Subsistência, Segurança Alimentar e Nu;SESANA;Segurança Alimentar;SESANA - Políticas;3;Despesas Correntes;3;Outras Despesas Correntes;50;Transferências a Instituições Privadas sem Fins Lucrativos;39;Serviços de Assistência Social;33503900;00.1.500.9001;Recursos não vinculados de Impostos;2;Remuneração de Pessoal;5;Outros Serviços de Terceiros - Pessoa Jurídica;78.10.14.422.4010.4426.33503900.00.1.500.9001;215290.6;0.0;215290.6;61511.6;61511.6;0.0;;500;9001;1;02/03/2026 09:48:58;;00;78;33503900;Contratação PJ sem Fins Lucrativos;4426;UND;TERMO DE COLABORAÇÃO Nº TCL/026/2023/SMDHC/SESANA - Rede Cozinha Escola;1;215290.6
01;PREFEITURA DO MUNICÍPIO DE SÃO PAULO;10791;11362;2026;1;28/01/2026 00:00:00;6074.2023/0004007-4;31721081000142;INSTITUTO DE PESQUISA DA COZINHA BRASILEIRA;20761;2023;78;FAASP;Fundo de Abastecimento Alimentar de São Paulo;10;Gabinete do Secretário;14;Direitos da Cidadania;422;Direitos Individuais, Coletivos e Difusos;4010;Segurança Alimentar e Nutricional;4426;Políticas, Programas e Ações de Subsistência, Segurança Alimentar e Nu;SESANA;Segurança Alimentar;SESANA - Políticas;3;Despesas Correntes;3;Outras Despesas Correntes;50;Transferências a Instituições Privadas sem Fins Lucrativos;39;Serviços de Assistência Social;33503900;00.1.500.9001;Recursos não vinculados de Impostos;2;Outras Despesas;5;Outros Serviços de Terceiros - Pessoa Jurídica;78.10.14.422.4010.4426.33503900.00.1.500.9001;1319332.35;0.0;1319332.35;565428.15;565428.15;0.0;;500;9001;1;02/03/2026 09:48:58;;00;78;33503900;Contratação PJ sem Fins Lucrativos;4426;UND;Termo de Colaboração TCL/027/2023/SMDHC - Projeto Rede Cozinha Escola.;1;1319332.35
01;PREFEITURA DO MUNICÍPIO DE SÃO PAULO;10791;11366;2026;1;28/01/2026 00:00:00;6074.2023/0004007-4;31721081000142;INSTITUTO DE PESQUISA DA COZINHA BRASILEIRA;20761;2023;78;FAASP;Fundo de Abastecimento Alimentar de São Paulo;10;Gabinete do Secretário;14;Direitos da Cidadania;422;Direitos Individuais, Coletivos e Difusos;4010;Segurança Alimentar e Nutricional;4426;Políticas, Programas e Ações de Subsistência, Segurança Alimentar e Nu;SESANA;Segurança Alimentar;SESANA - Políticas;3;Despesas Correntes;3;Outras Despesas Correntes;50;Transferências a Instituições Privadas sem Fins Lucrativos;39;Serviços de Assistência Social;33503900;00.1.500.9001;Recursos não vinculados de Impostos;2;Remuneração de Pessoal;5;Outros Serviços de Terceiros - Pessoa Jurídica;78.10.14.422.4010.4426.33503900.00.1.500.9001;215290.6;0.0;215290.6;92267.4;92267.4;0.0;;500;9001;1;02/03/2026 09:48:58;;00;78;33503900;Contratação PJ sem Fins Lucrativos;4426;UND;"Termo de Colaboração TCL/027/2023/SMDHC - Projeto Rede Cozinha Escola.
";1;215290.6
01;PREFEITURA DO MUNICÍPIO DE SÃO PAULO;10833;11396;2026;1;28/01/2026 00:00:00;6074.2023/0004031-7;41143788000172;SEGUINDO A VERDADE EM AMOR;20485;2023;78;FAASP;Fundo de Abastecimento Alimentar de São Paulo;10;Gabinete do Secretário;14;Direitos da Cidadania;422;Direitos Individuais, Coletivos e Difusos;4010;Segurança Alimentar e Nutricional;4426;Políticas, Programas e Ações de Subsistência, Segurança Alimentar e Nu;SESANA;Segurança Alimentar;SESANA - Políticas;3;Despesas Correntes;3;Outras Despesas Correntes;50;Transferências a Instituições Privadas sem Fins Lucrativos;39;Serviços de Assistência Social;33503900;00.1.500.9001;Recursos não vinculados de Impostos;2;Outras Despesas;5;Outros Serviços de Terceiros - Pessoa Jurídica;78.10.14.422.4010.4426.33503900.00.1.500.9001;1319332.35;0.0;1319332.35;565428.15;565428.15;0.0;;500;9001;1;02/03/2026 09:48:58;;00;78;33503900;Contratação PJ sem Fins Lucrativos;4426;UND;Termo de Colaboração TCL 028/2023/SMDHC - Projeto Rede Cozinha Escola.;1;1319332.35
01;PREFEITURA DO MUNICÍPIO DE SÃO PAULO;10833;11406;2026;1;28/01/2026 00:00:00;6074.2023/0004031-7;41143788000172;SEGUINDO A VERDADE EM AMOR;20485;2023;78;FAASP;Fundo de Abastecimento Alimentar de São Paulo;10;Gabinete do Secretário;14;Direitos da Cidadania;422;Direitos Individuais, Coletivos e Difusos;4010;Segurança Alimentar e Nutricional;4426;Políticas, Programas e Ações de Subsistência, Segurança Alimentar e Nu;SESANA;Segurança Alimentar;SESANA - Políticas;3;Despesas Correntes;3;Outras Despesas Correntes;50;Transferências a Instituições Privadas sem Fins Lucrativos;39;Serviços de Assistência Social;33503900;00.1.500.9001;Recursos não vinculados de Impostos;2;Remuneração de Pessoal;5;Outros Serviços de Terceiros - Pessoa Jurídica;78.10.14.422.4010.4426.33503900.00.1.500.9001;215290.6;0.0;215290.6;92267.4;92267.4;0.0;;500;9001;1;02/03/2026 09:48:58;;00;78;33503900;Contratação PJ sem Fins Lucrativos;4426;UND;Termo de Colaboração TCL 028/2023/SMDHC - Projeto Rede Cozinha Escola.;1;215290.6
01;PREFEITURA DO MUNICÍPIO DE SÃO PAULO;10916;11517;2026;1;28/01/2026 00:00:00;6074.2021/0000211-0;17607064000158;LOGISTICS SOLUTIONS BRASIL COMERCIO IMP E EXP E SERVICOS DE CONSULTORIA LTDA;6089;2021;78;FAASP;Fundo de Abastecimento Alimentar de São Paulo;10;Gabinete do Secretário;14;Direitos da Cidadania;422;Direitos Individuais, Coletivos e Difusos;4010;Segurança Alimentar e Nutricional;4426;Políticas, Programas e Ações de Subsistência, Segurança Alimentar e Nu;SESANA;Segurança Alimentar;SESANA - Políticas;3;Despesas Correntes;3;Outras Despesas Correntes;90;Aplicações Diretas;39;Serviço de Apoio Administrativo, Técnico e Operacional;33903900;00.1.500.9001;Recursos não vinculados de Impostos;9;Outros Serviços de Apoio Administrativo, Técnico e Operacional;7;Outros Serviços de Terceiros - Pessoa Jurídica;78.10.14.422.4010.4426.33903900.00.1.500.9001;1735585.0;0.0;1735585.0;416205.0;0.0;0.0;;500;9001;1;02/03/2026 09:48:58;;00;78;33903900;Contratação PJ com Fins Lucrativos;4426;UND;Contrato 016/SMDHC/2021 - Serviços de Logística Programa Cidade Solidária - 347.117 Unidades - Principal;1;1735585.0
01;PREFEITURA DO MUNICÍPIO DE SÃO PAULO;10916;11528;2026;1;28/01/2026 00:00:00;6074.2021/0000211-0;17607064000158;LOGISTICS SOLUTIONS BRASIL COMERCIO IMP E EXP E SERVICOS DE CONSULTORIA LTDA;6089;2021;78;FAASP;Fundo de Abastecimento Alimentar de São Paulo;10;Gabinete do Secretário;14;Direitos da Cidadania;422;Direitos Individuais, Coletivos e Difusos;4010;Segurança Alimentar e Nutricional;4426;Políticas, Programas e Ações de Subsistência, Segurança Alimentar e Nu;SESANA;Segurança Alimentar;SESANA - Políticas;3;Despesas Correntes;3;Outras Despesas Correntes;90;Aplicações Diretas;39;Serviço de Apoio Administrativo, Técnico e Operacional;33903900;00.1.500.9001;Recursos não vinculados de Impostos;9;Outros Serviços de Apoio Administrativo, Técnico e Operacional;7;Outros Serviços de Terceiros - Pessoa Jurídica;78.10.14.422.4010.4426.33903900.00.1.500.9001;135375.63;0.0;135375.63;32463.99;0.0;0.0;;500;9001;1;02/03/2026 09:48:58;;00;78;33903900;Contratação PJ com Fins Lucrativos;4426;UND;Contrato 016/SMDHC/2021 - Serviços de Logística Programa Cidade Solidária - 347.117 Unidades - Reajuste;1;135375.63
01;PREFEITURA DO MUNICÍPIO DE SÃO PAULO;10990;11623;2026;1;28/01/2026 00:00:00;6074.2023/0006591-3;12772787000199;INSTITUTO G10 FAVELAS;29405;2023;78;FAASP;Fundo de Abastecimento Alimentar de São Paulo;10;Gabinete do Secretário;14;Direitos da Cidadania;422;Direitos Individuais, Coletivos e Difusos;4010;Segurança Alimentar e Nutricional;4426;Políticas, Programas e Ações de Subsistência, Segurança Alimentar e Nu;SESANA;Segurança Alimentar;SESANA - Políticas;3;Despesas Correntes;3;Outras Despesas Correntes;50;Transferências a Instituições Privadas sem Fins Lucrativos;39;Serviços de Assistência Social;33503900;00.1.500.9001;Recursos não vinculados de Impostos;2;Outras Despesas;5;Outros Serviços de Terceiros - Pessoa Jurídica;78.10.14.422.4010.4426.33503900.00.1.500.9001;1884760.49;0.0;1884760.49;753904.19;753904.19;0.0;;500;9001;1;02/03/2026 09:48:58;;00;78;33503900;Contratação PJ sem Fins Lucrativos;4426;UND;Termo de Colaboração TCL/034/2023/SMDHC/SESANA - Projeto Rede Cozinha Escola;1;1884760.49
01;PREFEITURA DO MUNICÍPIO DE SÃO PAULO;10990;11626;2026;1;28/01/2026 00:00:00;6074.2023/0006591-3;12772787000199;INSTITUTO G10 FAVELAS;29405;2023;78;FAASP;Fundo de Abastecimento Alimentar de São Paulo;10;Gabinete do Secretário;14;Direitos da Cidadania;422;Direitos Individuais, Coletivos e Difusos;4010;Segurança Alimentar e Nutricional;4426;Políticas, Programas e Ações de Subsistência, Segurança Alimentar e Nu;SESANA;Segurança Alimentar;SESANA - Políticas;3;Despesas Correntes;3;Outras Despesas Correntes;50;Transferências a Instituições Privadas sem Fins Lucrativos;39;Serviços de Assistência Social;33503900;00.1.500.9001;Recursos não vinculados de Impostos;2;Remuneração de Pessoal;5;Outros Serviços de Terceiros - Pessoa Jurídica;78.10.14.422.4010.4426.33503900.00.1.500.9001;307558.0;0.0;307558.0;123023.2;123023.2;0.0;;500;9001;1;02/03/2026 09:48:58;;00;78;33503900;Contratação PJ sem Fins Lucrativos;4426;UND;Termo de Colaboração TCL/034/2023/SMDHC/SESANA - Projeto Rede Cozinha Escola;1;307558.0
01;PREFEITURA DO MUNICÍPIO DE SÃO PAULO;10997;11638;2026;1;28/01/2026 00:00:00;6074.2023/0006584-0;31669141000125;INSTITUTO SOCIAL MUVT;29701;2023;78;FAASP;Fundo de Abastecimento Alimentar de São Paulo;10;Gabinete do Secretário;14;Direitos da Cidadania;422;Direitos Individuais, Coletivos e Difusos;4010;Segurança Alimentar e Nutricional;4426;Políticas, Programas e Ações de Subsistência, Segurança Alimentar e Nu;SESANA;Segurança Alimentar;SESANA - Políticas;3;Despesas Correntes;3;Outras Despesas Correntes;50;Transferências a Instituições Privadas sem Fins Lucrativos;39;Serviços de Assistência Social;33503900;00.1.500.9001;Recursos não vinculados de Impostos;2;Outras Despesas;5;Outros Serviços de Terceiros - Pessoa Jurídica;78.10.14.422.4010.4426.33503900.00.1.500.9001;1884760.49;0.0;1884760.49;565428.16;565428.16;0.0;;500;9001;1;02/03/2026 09:48:59;;00;78;33503900;Contratação PJ sem Fins Lucrativos;4426;UND;Termo de Colaboração nº TCL/047/2023/SMDHC/SESANA - Projeto Rede Cozinha Escola.;1;1884760.49
01;PREFEITURA DO MUNICÍPIO DE SÃO PAULO;10997;11642;2026;1;28/01/2026 00:00:00;6074.2023/0006584-0;31669141000125;INSTITUTO SOCIAL MUVT;29701;2023;78;FAASP;Fundo de Abastecimento Alimentar de São Paulo;10;Gabinete do Secretário;14;Direitos da Cidadania;422;Direitos Individuais, Coletivos e Difusos;4010;Segurança Alimentar e Nutricional;4426;Políticas, Programas e Ações de Subsistência, Segurança Alimentar e Nu;SESANA;Segurança Alimentar;SESANA - Políticas;3;Despesas Correntes;3;Outras Despesas Correntes;50;Transferências a Instituições Privadas sem Fins Lucrativos;39;Serviços de Assistência Social;33503900;00.1.500.9001;Recursos não vinculados de Impostos;2;Remuneração de Pessoal;5;Outros Serviços de Terceiros - Pessoa Jurídica;78.10.14.422.4010.4426.33503900.00.1.500.9001;307558.0;0.0;307558.0;92267.38;92267.38;0.0;;500;9001;1;02/03/2026 09:48:59;;00;78;33503900;Contratação PJ sem Fins Lucrativos;4426;UND;Termo de Colaboração nº TCL/047/2023/SMDHC/SESANA - Projeto Rede Cozinha Escola.;1;307558.0
01;PREFEITURA DO MUNICÍPIO DE SÃO PAULO;11012;11665;2026;1;28/01/2026 00:00:00;6074.2023/0006615-4;05279394000182;COMUNIDADE EVANGELICA BALUARTE DA VERDADE;28354;2023;78;FAASP;Fundo de Abastecimento Alimentar de São Paulo;10;Gabinete do Secretário;14;Direitos da Cidadania;422;Direitos Individuais, Coletivos e Difusos;4010;Segurança Alimentar e Nutricional;4426;Políticas, Programas e Ações de Subsistência, Segurança Alimentar e Nu;SESANA;Segurança Alimentar;SESANA - Políticas;3;Despesas Correntes;3;Outras Despesas Correntes;50;Transferências a Instituições Privadas sem Fins Lucrativos;39;Serviços de Assistência Social;33503900;00.1.500.9001;Recursos não vinculados de Impostos;2;Outras Despesas;5;Outros Serviços de Terceiros - Pessoa Jurídica;78.10.14.422.4010.4426.33503900.00.1.500.9001;1884760.49;0.0;1884760.49;753904.19;753904.19;0.0;;500;9001;1;02/03/2026 09:48:59;;00;78;33503900;Contratação PJ sem Fins Lucrativos;4426;UND;"Termo de Colaboração - TCL/043/2023/SMDHC/SESANA - Projeto Rede Cozinha Escola.
";1;1884760.49
01;PREFEITURA DO MUNICÍPIO DE SÃO PAULO;11012;11667;2026;1;28/01/2026 00:00:00;6074.2023/0006615-4;05279394000182;COMUNIDADE EVANGELICA BALUARTE DA VERDADE;28354;2023;78;FAASP;Fundo de Abastecimento Alimentar de São Paulo;10;Gabinete do Secretário;14;Direitos da Cidadania;422;Direitos Individuais, Coletivos e Difusos;4010;Segurança Alimentar e Nutricional;4426;Políticas, Programas e Ações de Subsistência, Segurança Alimentar e Nu;SESANA;Segurança Alimentar;SESANA - Políticas;3;Despesas Correntes;3;Outras Despesas Correntes;50;Transferências a Instituições Privadas sem Fins Lucrativos;39;Serviços de Assistência Social;33503900;00.1.500.9001;Recursos não vinculados de Impostos;2;Remuneração de Pessoal;5;Outros Serviços de Terceiros - Pessoa Jurídica;78.10.14.422.4010.4426.33503900.00.1.500.9001;307558.0;0.0;307558.0;123023.2;123023.2;0.0;;500;9001;1;02/03/2026 09:48:59;;00;78;33503900;Contratação PJ sem Fins Lucrativos;4426;UND;"Termo de Colaboração - TCL/043/2023/SMDHC/SESANA - Projeto Rede Cozinha Escola.
";1;307558.0
01;PREFEITURA DO MUNICÍPIO DE SÃO PAULO;11037;11698;2026;1;28/01/2026 00:00:00;6074.2023/0006608-1;26674554000168;ASSOCIACAO GUARAUNA ARTE E CULTURA   GAC;27538;2023;78;FAASP;Fundo de Abastecimento Alimentar de São Paulo;10;Gabinete do Secretário;14;Direitos da Cidadania;422;Direitos Individuais, Coletivos e Difusos;4010;Segurança Alimentar e Nutricional;4426;Políticas, Programas e Ações de Subsistência, Segurança Alimentar e Nu;SESANA;Segurança Alimentar;SESANA - Políticas;3;Despesas Correntes;3;Outras Despesas Correntes;50;Transferências a Instituições Privadas sem Fins Lucrativos;39;Serviços de Assistência Social;33503900;00.1.500.9001;Recursos não vinculados de Impostos;2;Outras Despesas;5;Outros Serviços de Terceiros - Pessoa Jurídica;78.10.14.422.4010.4426.33503900.00.1.500.9001;1884760.49;0.0;1884760.49;565428.14;565428.14;0.0;;500;9001;1;02/03/2026 09:48:59;;00;78;33503900;Contratação PJ sem Fins Lucrativos;4426;UND;Termo de Colaboração TCL 041/2023/SMDHC - Projeto Rede Cozinha Escola.;1;1884760.49
01;PREFEITURA DO MUNICÍPIO DE SÃO PAULO;11037;11703;2026;1;28/01/2026 00:00:00;6074.2023/0006608-1;26674554000168;ASSOCIACAO GUARAUNA ARTE E CULTURA   GAC;27538;2023;78;FAASP;Fundo de Abastecimento Alimentar de São Paulo;10;Gabinete do Secretário;14;Direitos da Cidadania;422;Direitos Individuais, Coletivos e Difusos;4010;Segurança Alimentar e Nutricional;4426;Políticas, Programas e Ações de Subsistência, Segurança Alimentar e Nu;SESANA;Segurança Alimentar;SESANA - Políticas;3;Despesas Correntes;3;Outras Despesas Correntes;50;Transferências a Instituições Privadas sem Fins Lucrativos;39;Serviços de Assistência Social;33503900;00.1.500.9001;Recursos não vinculados de Impostos;2;Remuneração de Pessoal;5;Outros Serviços de Terceiros - Pessoa Jurídica;78.10.14.422.4010.4426.33503900.00.1.500.9001;307558.0;0.0;307558.0;92267.4;92267.4;0.0;;500;9001;1;02/03/2026 09:48:59;;00;78;33503900;Contratação PJ sem Fins Lucrativos;4426;UND;Termo de Colaboração TCL 041/2023/SMDHC - Projeto Rede Cozinha Escola;1;307558.0
01;PREFEITURA DO MUNICÍPIO DE SÃO PAULO;11059;11728;2026;1;28/01/2026 00:00:00;6074.2023/0006593-0;53815718000100;ASSOCIACAO CEDESC DO PARQUE FERNANDA - CENTRO DE DESENVOLVIMENTO  EDUCACIONAL SOCIAL E CULTURAL;27626;2023;78;FAASP;Fundo de Abastecimento Alimentar de São Paulo;10;Gabinete do Secretário;14;Direitos da Cidadania;422;Direitos Individuais, Coletivos e Difusos;4010;Segurança Alimentar e Nutricional;4426;Políticas, Programas e Ações de Subsistência, Segurança Alimentar e Nu;SESANA;Segurança Alimentar;SESANA - Políticas;3;Despesas Correntes;3;Outras Despesas Correntes;50;Transferências a Instituições Privadas sem Fins Lucrativos;39;Serviços de Assistência Social;33503900;00.1.500.9001;Recursos não vinculados de Impostos;2;Outras Despesas;5;Outros Serviços de Terceiros - Pessoa Jurídica;78.10.14.422.4010.4426.33503900.00.1.500.9001;1876328.5;0.0;1876328.5;565428.14;565428.14;0.0;;500;9001;1;02/03/2026 09:48:59;;00;78;33503900;Contratação PJ sem Fins Lucrativos;4426;UND;"Termo de Colaboração n.° TCL/036/2023/SMDHC/SESANA - Rede Cozinha Escola
";1;1876328.5
01;PREFEITURA DO MUNICÍPIO DE SÃO PAULO;11059;11731;2026;1;28/01/2026 00:00:00;6074.2023/0006593-0;53815718000100;ASSOCIACAO CEDESC DO PARQUE FERNANDA - CENTRO DE DESENVOLVIMENTO  EDUCACIONAL SOCIAL E CULTURAL;27626;2023;78;FAASP;Fundo de Abastecimento Alimentar de São Paulo;10;Gabinete do Secretário;14;Direitos da Cidadania;422;Direitos Individuais, Coletivos e Difusos;4010;Segurança Alimentar e Nutricional;4426;Políticas, Programas e Ações de Subsistência, Segurança Alimentar e Nu;SESANA;Segurança Alimentar;SESANA - Políticas;3;Despesas Correntes;3;Outras Despesas Correntes;50;Transferências a Instituições Privadas sem Fins Lucrativos;39;Serviços de Assistência Social;33503900;00.1.500.9001;Recursos não vinculados de Impostos;2;Remuneração de Pessoal;5;Outros Serviços de Terceiros - Pessoa Jurídica;78.10.14.422.4010.4426.33503900.00.1.500.9001;307558.0;0.0;307558.0;92267.4;92267.4;0.0;;500;9001;1;02/03/2026 09:48:59;;00;78;33503900;Contratação PJ sem Fins Lucrativos;4426;UND;"Termo de Colaboração n.° TCL/036/2023/SMDHC/SESANA - Rede Cozinha Escola
";1;307558.0
01;PREFEITURA DO MUNICÍPIO DE SÃO PAULO;11115;11772;2026;1;28/01/2026 00:00:00;6074.2023/0004039-2;07919474000180;ASSOCIACAO BENEFICENTE JUVENTUDE EVANGELICA UNIDAS POR SAO PAULO;20177;2023;78;FAASP;Fundo de Abastecimento Alimentar de São Paulo;10;Gabinete do Secretário;14;Direitos da Cidadania;422;Direitos Individuais, Coletivos e Difusos;4010;Segurança Alimentar e Nutricional;4426;Políticas, Programas e Ações de Subsistência, Segurança Alimentar e Nu;SESANA;Segurança Alimentar;SESANA - Políticas;3;Despesas Correntes;3;Outras Despesas Correntes;50;Transferências a Instituições Privadas sem Fins Lucrativos;39;Serviços de Assistência Social;33503900;00.1.500.9001;Recursos não vinculados de Impostos;2;Outras Despesas;5;Outros Serviços de Terceiros - Pessoa Jurídica;78.10.14.422.4010.4426.33503900.00.1.500.9001;1319332.35;0.0;1319332.35;753904.2;753904.2;0.0;;500;9001;1;02/03/2026 09:48:59;;00;78;33503900;Contratação PJ sem Fins Lucrativos;4426;UND;Termo de Colaboração TCL nº 024/2023/SMDHC - Projeto Rede Cozinha Escola.;1;1319332.35
01;PREFEITURA DO MUNICÍPIO DE SÃO PAULO;11115;11778;2026;1;28/01/2026 00:00:00;6074.2023/0004039-2;07919474000180;ASSOCIACAO BENEFICENTE JUVENTUDE EVANGELICA UNIDAS POR SAO PAULO;20177;2023;78;FAASP;Fundo de Abastecimento Alimentar de São Paulo;10;Gabinete do Secretário;14;Direitos da Cidadania;422;Direitos Individuais, Coletivos e Difusos;4010;Segurança Alimentar e Nutricional;4426;Políticas, Programas e Ações de Subsistência, Segurança Alimentar e Nu;SESANA;Segurança Alimentar;SESANA - Políticas;3;Despesas Correntes;3;Outras Despesas Correntes;50;Transferências a Instituições Privadas sem Fins Lucrativos;39;Serviços de Assistência Social;33503900;00.1.500.9001;Recursos não vinculados de Impostos;2;Remuneração de Pessoal;5;Outros Serviços de Terceiros - Pessoa Jurídica;78.10.14.422.4010.4426.33503900.00.1.500.9001;215290.6;0.0;215290.6;123023.2;123023.2;0.0;;500;9001;1;02/03/2026 09:48:59;;00;78;33503900;Contratação PJ sem Fins Lucrativos;4426;UND;Termo de Colaboração TCL nº 024/2023/SMDHC - Projeto Rede Cozinha Escola.;1;215290.6
01;PREFEITURA DO MUNICÍPIO DE SÃO PAULO;11128;11795;2026;1;28/01/2026 00:00:00;6074.2023/0004036-8;11001785000133;ASSOCIAÇÃO FAMILIA UNIDA EM CRISTO FUEC;19754;2023;78;FAASP;Fundo de Abastecimento Alimentar de São Paulo;10;Gabinete do Secretário;14;Direitos da Cidadania;422;Direitos Individuais, Coletivos e Difusos;4010;Segurança Alimentar e Nutricional;4426;Políticas, Programas e Ações de Subsistência, Segurança Alimentar e Nu;SESANA;Segurança Alimentar;SESANA - Políticas;3;Despesas Correntes;3;Outras Despesas Correntes;50;Transferências a Instituições Privadas sem Fins Lucrativos;39;Serviços de Assistência Social;33503900;00.1.500.9001;Recursos não vinculados de Impostos;2;Outras Despesas;5;Outros Serviços de Terceiros - Pessoa Jurídica;78.10.14.422.4010.4426.33503900.00.1.500.9001;1319332.29;0.0;1319332.29;467790.77;467790.77;0.0;;500;9001;1;02/03/2026 09:48:59;;00;78;33503900;Contratação PJ sem Fins Lucrativos;4426;UND;TERMO DE COLABORAÇÃO Nº TCL/017/2023/SMDHC/SESANA.;1;1319332.29
01;PREFEITURA DO MUNICÍPIO DE SÃO PAULO;11128;11797;2026;1;28/01/2026 00:00:00;6074.2023/0004036-8;11001785000133;ASSOCIAÇÃO FAMILIA UNIDA EM CRISTO FUEC;19754;2023;78;FAASP;Fundo de Abastecimento Alimentar de São Paulo;10;Gabinete do Secretário;14;Direitos da Cidadania;422;Direitos Individuais, Coletivos e Difusos;4010;Segurança Alimentar e Nutricional;4426;Políticas, Programas e Ações de Subsistência, Segurança Alimentar e Nu;SESANA;Segurança Alimentar;SESANA - Políticas;3;Despesas Correntes;3;Outras Despesas Correntes;50;Transferências a Instituições Privadas sem Fins Lucrativos;39;Serviços de Assistência Social;33503900;00.1.500.9001;Recursos não vinculados de Impostos;2;Remuneração de Pessoal;5;Outros Serviços de Terceiros - Pessoa Jurídica;78.10.14.422.4010.4426.33503900.00.1.500.9001;215290.6;0.0;215290.6;123023.2;123023.2;0.0;;500;9001;1;02/03/2026 09:48:59;;00;78;33503900;Contratação PJ sem Fins Lucrativos;4426;UND;TERMO DE COLABORAÇÃO Nº TCL/017/2023/SMDHC/SESANA.;1;215290.6
01;PREFEITURA DO MUNICÍPIO DE SÃO PAULO;11145;11821;2026;1;28/01/2026 00:00:00;6074.2023/0006605-7;04328521000123;CENTRO DE CONVIVENCIA ITATINGA;35016;2023;78;FAASP;Fundo de Abastecimento Alimentar de São Paulo;10;Gabinete do Secretário;14;Direitos da Cidadania;422;Direitos Individuais, Coletivos e Difusos;4010;Segurança Alimentar e Nutricional;4426;Políticas, Programas e Ações de Subsistência, Segurança Alimentar e Nu;SESANA;Segurança Alimentar;SESANA - Políticas;3;Despesas Correntes;3;Outras Despesas Correntes;50;Transferências a Instituições Privadas sem Fins Lucrativos;39;Serviços de Assistência Social;33503900;00.1.500.9001;Recursos não vinculados de Impostos;2;Outras Despesas;5;Outros Serviços de Terceiros - Pessoa Jurídica;78.10.14.422.4010.4426.33503900.00.1.500.9001;2073236.49;0.0;2073236.49;376952.12;376952.12;0.0;;500;9001;1;02/03/2026 09:48:59;;00;78;33503900;Contratação PJ sem Fins Lucrativos;4426;UND;TCL/035/2023/SMDHC/SESANA - Rede Cozinha Escola;1;2073236.49
01;PREFEITURA DO MUNICÍPIO DE SÃO PAULO;11145;11825;2026;1;28/01/2026 00:00:00;6074.2023/0006605-7;04328521000123;CENTRO DE CONVIVENCIA ITATINGA;35016;2023;78;FAASP;Fundo de Abastecimento Alimentar de São Paulo;10;Gabinete do Secretário;14;Direitos da Cidadania;422;Direitos Individuais, Coletivos e Difusos;4010;Segurança Alimentar e Nutricional;4426;Políticas, Programas e Ações de Subsistência, Segurança Alimentar e Nu;SESANA;Segurança Alimentar;SESANA - Políticas;3;Despesas Correntes;3;Outras Despesas Correntes;50;Transferências a Instituições Privadas sem Fins Lucrativos;39;Serviços de Assistência Social;33503900;00.1.500.9001;Recursos não vinculados de Impostos;2;Remuneração de Pessoal;5;Outros Serviços de Terceiros - Pessoa Jurídica;78.10.14.422.4010.4426.33503900.00.1.500.9001;338313.8;0.0;338313.8;61511.58;61511.58;0.0;;500;9001;1;02/03/2026 09:48:59;;00;78;33503900;Contratação PJ sem Fins Lucrativos;4426;UND;TCL/035/2023/SMDHC/SESANA - Rede Cozinha Escola;1;338313.8
01;PREFEITURA DO MUNICÍPIO DE SÃO PAULO;11172;11853;2026;1;28/01/2026 00:00:00;6074.2023/0011907-0;56827306000170;INSTITUTO BRASILEIRO CAMPEAO DE ASSISTENCIA AOS MUNICIPIOS E ORGANIZACOES SOCIAIS PUBLICAS E PRIVADA;7566;2024;78;FAASP;Fundo de Abastecimento Alimentar de São Paulo;10;Gabinete do Secretário;14;Direitos da Cidadania;422;Direitos Individuais, Coletivos e Difusos;4010;Segurança Alimentar e Nutricional;4426;Políticas, Programas e Ações de Subsistência, Segurança Alimentar e Nu;SESANA;Segurança Alimentar;SESANA - Políticas;3;Despesas Correntes;3;Outras Despesas Correntes;50;Transferências a Instituições Privadas sem Fins Lucrativos;39;Serviços de Assistência Social;33503900;00.1.500.9001;Recursos não vinculados de Impostos;2;Outras Despesas;5;Outros Serviços de Terceiros - Pessoa Jurídica;78.10.14.422.4010.4426.33503900.00.1.500.9001;565428.14;0.0;565428.14;564828.26;564828.26;0.0;;500;9001;1;02/03/2026 09:48:59;;00;78;33503900;Contratação PJ sem Fins Lucrativos;4426;UN;TCL/011/2024/SMDHC/SESANA ;1;565428.14
01;PREFEITURA DO MUNICÍPIO DE SÃO PAULO;11172;11856;2026;1;28/01/2026 00:00:00;6074.2023/0011907-0;56827306000170;INSTITUTO BRASILEIRO CAMPEAO DE ASSISTENCIA AOS MUNICIPIOS E ORGANIZACOES SOCIAIS PUBLICAS E PRIVADA;7566;2024;78;FAASP;Fundo de Abastecimento Alimentar de São Paulo;10;Gabinete do Secretário;14;Direitos da Cidadania;422;Direitos Individuais, Coletivos e Difusos;4010;Segurança Alimentar e Nutricional;4426;Políticas, Programas e Ações de Subsistência, Segurança Alimentar e Nu;SESANA;Segurança Alimentar;SESANA - Políticas;3;Despesas Correntes;3;Outras Despesas Correntes;50;Transferências a Instituições Privadas sem Fins Lucrativos;39;Serviços de Assistência Social;33503900;00.1.500.9001;Recursos não vinculados de Impostos;2;Remuneração de Pessoal;5;Outros Serviços de Terceiros - Pessoa Jurídica;78.10.14.422.4010.4426.33503900.00.1.500.9001;92267.4;0.0;92267.4;69829.4;69829.4;0.0;;500;9001;1;02/03/2026 09:48:59;;00;78;33503900;Contratação PJ sem Fins Lucrativos;4426;UN;TCL/011/2024/SMDHC/SESANA ;1;92267.4
01;PREFEITURA DO MUNICÍPIO DE SÃO PAULO;11182;11863;2026;1;28/01/2026 00:00:00;6074.2023/0006622-7;11427819000156;INSTITUTO BRASILEIRO DE ALIANCAS SOCIO AMBIENTAL CULTURAL;31629;2023;78;FAASP;Fundo de Abastecimento Alimentar de São Paulo;10;Gabinete do Secretário;14;Direitos da Cidadania;422;Direitos Individuais, Coletivos e Difusos;4010;Segurança Alimentar e Nutricional;4426;Políticas, Programas e Ações de Subsistência, Segurança Alimentar e Nu;SESANA;Segurança Alimentar;SESANA - Políticas;3;Despesas Correntes;3;Outras Despesas Correntes;50;Transferências a Instituições Privadas sem Fins Lucrativos;39;Serviços de Assistência Social;33503900;00.1.500.9001;Recursos não vinculados de Impostos;2;Outras Despesas;5;Outros Serviços de Terceiros - Pessoa Jurídica;78.10.14.422.4010.4426.33503900.00.1.500.9001;1884760.59;0.0;1884760.59;565428.16;565428.16;0.0;;500;9001;1;02/03/2026 09:48:59;;00;78;33503900;Contratação PJ sem Fins Lucrativos;4426;UND;Termo de Colaboração TCL/060/2023/SMDHC/SESANA - Projeto Rede Cozinha Escola.;1;1884760.59
01;PREFEITURA DO MUNICÍPIO DE SÃO PAULO;11182;11866;2026;1;28/01/2026 00:00:00;6074.2023/0006622-7;11427819000156;INSTITUTO BRASILEIRO DE ALIANCAS SOCIO AMBIENTAL CULTURAL;31629;2023;78;FAASP;Fundo de Abastecimento Alimentar de São Paulo;10;Gabinete do Secretário;14;Direitos da Cidadania;422;Direitos Individuais, Coletivos e Difusos;4010;Segurança Alimentar e Nutricional;4426;Políticas, Programas e Ações de Subsistência, Segurança Alimentar e Nu;SESANA;Segurança Alimentar;SESANA - Políticas;3;Despesas Correntes;3;Outras Despesas Correntes;50;Transferências a Instituições Privadas sem Fins Lucrativos;39;Serviços de Assistência Social;33503900;00.1.500.9001;Recursos não vinculados de Impostos;2;Remuneração de Pessoal;5;Outros Serviços de Terceiros - Pessoa Jurídica;78.10.14.422.4010.4426.33503900.00.1.500.9001;307557.9;0.0;307557.9;92267.38;92267.38;0.0;;500;9001;1;02/03/2026 09:48:59;;00;78;33503900;Contratação PJ sem Fins Lucrativos;4426;UND;Termo de Colaboração TCL/060/2023/SMDHC/SESANA - Projeto Rede Cozinha Escola.;1;307557.9
01;PREFEITURA DO MUNICÍPIO DE SÃO PAULO;11192;11874;2026;1;28/01/2026 00:00:00;6074.2023/0004038-4;41221439000121;ASSOCIACAO PROJETO SOCIAL UNIDOS PELA FE;19706;2023;78;FAASP;Fundo de Abastecimento Alimentar de São Paulo;10;Gabinete do Secretário;14;Direitos da Cidadania;422;Direitos Individuais, Coletivos e Difusos;4010;Segurança Alimentar e Nutricional;4426;Políticas, Programas e Ações de Subsistência, Segurança Alimentar e Nu;SESANA;Segurança Alimentar;SESANA - Políticas;3;Despesas Correntes;3;Outras Despesas Correntes;50;Transferências a Instituições Privadas sem Fins Lucrativos;39;Serviços de Assistência Social;33503900;00.1.500.9001;Recursos não vinculados de Impostos;2;Outras Despesas;5;Outros Serviços de Terceiros - Pessoa Jurídica;78.10.14.422.4010.4426.33503900.00.1.500.9001;1319332.35;0.0;1319332.35;376952.1;376952.1;0.0;;500;9001;1;02/03/2026 09:48:59;;00;78;33503900;Contratação PJ sem Fins Lucrativos;4426;UND;Termo de Colaboração TCL nº 014/2023/SMDHC - Projeto Rede Cozinha Escola.;1;1319332.35
01;PREFEITURA DO MUNICÍPIO DE SÃO PAULO;11192;11875;2026;1;28/01/2026 00:00:00;6074.2023/0004038-4;41221439000121;ASSOCIACAO PROJETO SOCIAL UNIDOS PELA FE;19706;2023;78;FAASP;Fundo de Abastecimento Alimentar de São Paulo;10;Gabinete do Secretário;14;Direitos da Cidadania;422;Direitos Individuais, Coletivos e Difusos;4010;Segurança Alimentar e Nutricional;4426;Políticas, Programas e Ações de Subsistência, Segurança Alimentar e Nu;SESANA;Segurança Alimentar;SESANA - Políticas;3;Despesas Correntes;3;Outras Despesas Correntes;50;Transferências a Instituições Privadas sem Fins Lucrativos;39;Serviços de Assistência Social;33503900;00.1.500.9001;Recursos não vinculados de Impostos;2;Remuneração de Pessoal;5;Outros Serviços de Terceiros - Pessoa Jurídica;78.10.14.422.4010.4426.33503900.00.1.500.9001;215290.6;0.0;215290.6;61511.6;61511.6;0.0;;500;9001;1;02/03/2026 09:48:59;;00;78;33503900;Contratação PJ sem Fins Lucrativos;4426;UND;Termo de Colaboração TCL nº 014/2023/SMDHC - Projeto Rede Cozinha Escola.;1;215290.6
01;PREFEITURA DO MUNICÍPIO DE SÃO PAULO;11195;11876;2026;1;28/01/2026 00:00:00;6074.2023/0011302-0;11042809000100;ASSOCIACAO DA CIDADE AZUL E ADJACENTES  ACAAD;3029;2024;78;FAASP;Fundo de Abastecimento Alimentar de São Paulo;10;Gabinete do Secretário;14;Direitos da Cidadania;422;Direitos Individuais, Coletivos e Difusos;4010;Segurança Alimentar e Nutricional;4426;Políticas, Programas e Ações de Subsistência, Segurança Alimentar e Nu;SESANA;Segurança Alimentar;SESANA - Políticas;3;Despesas Correntes;3;Outras Despesas Correntes;50;Transferências a Instituições Privadas sem Fins Lucrativos;39;Serviços de Assistência Social;33503900;00.1.500.9001;Recursos não vinculados de Impostos;2;Outras Despesas;5;Outros Serviços de Terceiros - Pessoa Jurídica;78.10.14.422.4010.4426.33503900.00.1.500.9001;376952.1;0.0;376952.1;376952.1;376952.1;0.0;;500;9001;1;02/03/2026 09:48:59;;00;78;33503900;Contratação PJ sem Fins Lucrativos;4426;UN;TCL/003/2024/SMDHC/SESANA;1;376952.1
01;PREFEITURA DO MUNICÍPIO DE SÃO PAULO;11195;11877;2026;1;28/01/2026 00:00:00;6074.2023/0011302-0;11042809000100;ASSOCIACAO DA CIDADE AZUL E ADJACENTES  ACAAD;3029;2024;78;FAASP;Fundo de Abastecimento Alimentar de São Paulo;10;Gabinete do Secretário;14;Direitos da Cidadania;422;Direitos Individuais, Coletivos e Difusos;4010;Segurança Alimentar e Nutricional;4426;Políticas, Programas e Ações de Subsistência, Segurança Alimentar e Nu;SESANA;Segurança Alimentar;SESANA - Políticas;3;Despesas Correntes;3;Outras Despesas Correntes;50;Transferências a Instituições Privadas sem Fins Lucrativos;39;Serviços de Assistência Social;33503900;00.1.500.9001;Recursos não vinculados de Impostos;2;Remuneração de Pessoal;5;Outros Serviços de Terceiros - Pessoa Jurídica;78.10.14.422.4010.4426.33503900.00.1.500.9001;61511.6;0.0;61511.6;61511.6;61511.6;0.0;;500;9001;1;02/03/2026 09:48:59;;00;78;33503900;Contratação PJ sem Fins Lucrativos;4426;UN;TCL/003/2024/SMDHC/SESANA;1;61511.6
01;PREFEITURA DO MUNICÍPIO DE SÃO PAULO;11202;11887;2026;1;28/01/2026 00:00:00;6074.2023/0011291-1;04768817000165;GRUPO DE APOIO COMUNITARIO GAIVOTAS;3017;2024;78;FAASP;Fundo de Abastecimento Alimentar de São Paulo;10;Gabinete do Secretário;14;Direitos da Cidadania;422;Direitos Individuais, Coletivos e Difusos;4010;Segurança Alimentar e Nutricional;4426;Políticas, Programas e Ações de Subsistência, Segurança Alimentar e Nu;SESANA;Segurança Alimentar;SESANA - Políticas;3;Despesas Correntes;3;Outras Despesas Correntes;50;Transferências a Instituições Privadas sem Fins Lucrativos;39;Serviços de Assistência Social;33503900;00.1.500.9001;Recursos não vinculados de Impostos;2;Outras Despesas;5;Outros Serviços de Terceiros - Pessoa Jurídica;78.10.14.422.4010.4426.33503900.00.1.500.9001;376952.1;0.0;376952.1;376952.1;376952.1;0.0;;500;9001;1;02/03/2026 09:48:59;;00;78;33503900;Contratação PJ sem Fins Lucrativos;4426;UN;TCL/001/2024/SMDHC/SESANA ;1;376952.1
01;PREFEITURA DO MUNICÍPIO DE SÃO PAULO;11202;11893;2026;1;28/01/2026 00:00:00;6074.2023/0011291-1;04768817000165;GRUPO DE APOIO COMUNITARIO GAIVOTAS;3017;2024;78;FAASP;Fundo de Abastecimento Alimentar de São Paulo;10;Gabinete do Secretário;14;Direitos da Cidadania;422;Direitos Individuais, Coletivos e Difusos;4010;Segurança Alimentar e Nutricional;4426;Políticas, Programas e Ações de Subsistência, Segurança Alimentar e Nu;SESANA;Segurança Alimentar;SESANA - Políticas;3;Despesas Correntes;3;Outras Despesas Correntes;50;Transferências a Instituições Privadas sem Fins Lucrativos;39;Serviços de Assistência Social;33503900;00.1.500.9001;Recursos não vinculados de Impostos;2;Remuneração de Pessoal;5;Outros Serviços de Terceiros - Pessoa Jurídica;78.10.14.422.4010.4426.33503900.00.1.500.9001;61511.6;0.0;61511.6;61511.6;61511.6;0.0;;500;9001;1;02/03/2026 09:48:59;;00;78;33503900;Contratação PJ sem Fins Lucrativos;4426;UN; TCL/001/2024/SMDHC/SESANA;1;61511.6
01;PREFEITURA DO MUNICÍPIO DE SÃO PAULO;11206;11894;2026;1;28/01/2026 00:00:00;6074.2023/0006620-0;11349046000137;ASSOCIACAO DA COMUNIDADE DO JARDIM TIRO AO POMBO;32007;2023;78;FAASP;Fundo de Abastecimento Alimentar de São Paulo;10;Gabinete do Secretário;14;Direitos da Cidadania;422;Direitos Individuais, Coletivos e Difusos;4010;Segurança Alimentar e Nutricional;4426;Políticas, Programas e Ações de Subsistência, Segurança Alimentar e Nu;SESANA;Segurança Alimentar;SESANA - Políticas;3;Despesas Correntes;3;Outras Despesas Correntes;50;Transferências a Instituições Privadas sem Fins Lucrativos;39;Serviços de Assistência Social;33503900;00.1.500.9001;Recursos não vinculados de Impostos;2;Outras Despesas;5;Outros Serviços de Terceiros - Pessoa Jurídica;78.10.14.422.4010.4426.33503900.00.1.500.9001;1884760.58;0.0;1884760.58;376952.1;376952.1;0.0;;500;9001;1;02/03/2026 09:48:59;;00;78;33503900;Contratação PJ sem Fins Lucrativos;4426;UND;"Termo de colaboração TCL/057/2023/SMDHC/SESANA - Projeto Rede Cozinha Escola.
";1;1884760.58
01;PREFEITURA DO MUNICÍPIO DE SÃO PAULO;11206;11896;2026;1;28/01/2026 00:00:00;6074.2023/0006620-0;11349046000137;ASSOCIACAO DA COMUNIDADE DO JARDIM TIRO AO POMBO;32007;2023;78;FAASP;Fundo de Abastecimento Alimentar de São Paulo;10;Gabinete do Secretário;14;Direitos da Cidadania;422;Direitos Individuais, Coletivos e Difusos;4010;Segurança Alimentar e Nutricional;4426;Políticas, Programas e Ações de Subsistência, Segurança Alimentar e Nu;SESANA;Segurança Alimentar;SESANA - Políticas;3;Despesas Correntes;3;Outras Despesas Correntes;50;Transferências a Instituições Privadas sem Fins Lucrativos;39;Serviços de Assistência Social;33503900;00.1.500.9001;Recursos não vinculados de Impostos;2;Remuneração de Pessoal;5;Outros Serviços de Terceiros - Pessoa Jurídica;78.10.14.422.4010.4426.33503900.00.1.500.9001;307557.91;0.0;307557.91;61511.59;61511.59;0.0;;500;9001;1;02/03/2026 09:48:59;;00;78;33503900;Contratação PJ sem Fins Lucrativos;4426;UND;"Termo de colaboração TCL/057/2023/SMDHC/SESANA - Projeto Rede Cozinha Escola.
";1;307557.91
01;PREFEITURA DO MUNICÍPIO DE SÃO PAULO;11213;11900;2026;1;28/01/2026 00:00:00;6074.2023/0011911-8;32045719000135;ASSOCIACAO AGUA NO DESERTO;3218;2024;78;FAASP;Fundo de Abastecimento Alimentar de São Paulo;10;Gabinete do Secretário;14;Direitos da Cidadania;422;Direitos Individuais, Coletivos e Difusos;4010;Segurança Alimentar e Nutricional;4426;Políticas, Programas e Ações de Subsistência, Segurança Alimentar e Nu;SESANA;Segurança Alimentar;SESANA - Políticas;3;Despesas Correntes;3;Outras Despesas Correntes;50;Transferências a Instituições Privadas sem Fins Lucrativos;39;Serviços de Assistência Social;33503900;00.1.500.9001;Recursos não vinculados de Impostos;2;Outras Despesas;5;Outros Serviços de Terceiros - Pessoa Jurídica;78.10.14.422.4010.4426.33503900.00.1.500.9001;376952.1;0.0;376952.1;376952.1;376952.1;0.0;;500;9001;1;02/03/2026 09:48:59;;00;78;33503900;Contratação PJ sem Fins Lucrativos;4426;UN;TCL/008/2024/SMDHC/SESANA;1;376952.1
01;PREFEITURA DO MUNICÍPIO DE SÃO PAULO;11213;11901;2026;1;28/01/2026 00:00:00;6074.2023/0011911-8;32045719000135;ASSOCIACAO AGUA NO DESERTO;3218;2024;78;FAASP;Fundo de Abastecimento Alimentar de São Paulo;10;Gabinete do Secretário;14;Direitos da Cidadania;422;Direitos Individuais, Coletivos e Difusos;4010;Segurança Alimentar e Nutricional;4426;Políticas, Programas e Ações de Subsistência, Segurança Alimentar e Nu;SESANA;Segurança Alimentar;SESANA - Políticas;3;Despesas Correntes;3;Outras Despesas Correntes;50;Transferências a Instituições Privadas sem Fins Lucrativos;39;Serviços de Assistência Social;33503900;00.1.500.9001;Recursos não vinculados de Impostos;2;Remuneração de Pessoal;5;Outros Serviços de Terceiros - Pessoa Jurídica;78.10.14.422.4010.4426.33503900.00.1.500.9001;61511.6;0.0;61511.6;61511.6;61511.6;0.0;;500;9001;1;02/03/2026 09:48:59;;00;78;33503900;Contratação PJ sem Fins Lucrativos;4426;UN;TCL/008/2024/SMDHC/SESANA;1;61511.6
01;PREFEITURA DO MUNICÍPIO DE SÃO PAULO;11217;11904;2026;1;28/01/2026 00:00:00;6074.2023/0006603-0;19659823000151;INSTITUTO PROPOR;34032;2023;78;FAASP;Fundo de Abastecimento Alimentar de São Paulo;10;Gabinete do Secretário;14;Direitos da Cidadania;422;Direitos Individuais, Coletivos e Difusos;4010;Segurança Alimentar e Nutricional;4426;Políticas, Programas e Ações de Subsistência, Segurança Alimentar e Nu;SESANA;Segurança Alimentar;SESANA - Políticas;3;Despesas Correntes;3;Outras Despesas Correntes;50;Transferências a Instituições Privadas sem Fins Lucrativos;39;Serviços de Assistência Social;33503900;00.1.500.9001;Recursos não vinculados de Impostos;2;Outras Despesas;5;Outros Serviços de Terceiros - Pessoa Jurídica;78.10.14.422.4010.4426.33503900.00.1.500.9001;2073236.66;0.0;2073236.66;376952.12;376952.12;0.0;;500;9001;1;02/03/2026 09:48:59;;00;78;33503900;Contratação PJ sem Fins Lucrativos;4426;UND;TCL/064/2023/SMDHC/SESANA - Projeto Rede Cozinha Escola.;1;2073236.66
01;PREFEITURA DO MUNICÍPIO DE SÃO PAULO;11217;11905;2026;1;28/01/2026 00:00:00;6074.2023/0006603-0;19659823000151;INSTITUTO PROPOR;34032;2023;78;FAASP;Fundo de Abastecimento Alimentar de São Paulo;10;Gabinete do Secretário;14;Direitos da Cidadania;422;Direitos Individuais, Coletivos e Difusos;4010;Segurança Alimentar e Nutricional;4426;Políticas, Programas e Ações de Subsistência, Segurança Alimentar e Nu;SESANA;Segurança Alimentar;SESANA - Políticas;3;Despesas Correntes;3;Outras Despesas Correntes;50;Transferências a Instituições Privadas sem Fins Lucrativos;39;Serviços de Assistência Social;33503900;00.1.500.9001;Recursos não vinculados de Impostos;2;Remuneração de Pessoal;5;Outros Serviços de Terceiros - Pessoa Jurídica;78.10.14.422.4010.4426.33503900.00.1.500.9001;338313.69;0.0;338313.69;61511.58;61511.58;0.0;;500;9001;1;02/03/2026 09:48:59;;00;78;33503900;Contratação PJ sem Fins Lucrativos;4426;UND;TCL/064/2023/SMDHC/SESANA - Projeto Rede Cozinha Escola.;1;338313.69
01;PREFEITURA DO MUNICÍPIO DE SÃO PAULO;11580;12349;2026;1;29/01/2026 00:00:00;6074.2023/0004037-6;12644011000193;MOVIMENTO ESTADUAL DA POPULACAO EM SITUACAO DE RUA DE SAO PAULO;19716;2023;78;FAASP;Fundo de Abastecimento Alimentar de São Paulo;10;Gabinete do Secretário;14;Direitos da Cidadania;422;Direitos Individuais, Coletivos e Difusos;4010;Segurança Alimentar e Nutricional;4426;Políticas, Programas e Ações de Subsistência, Segurança Alimentar e Nu;SESANA;Segurança Alimentar;SESANA - Políticas;3;Despesas Correntes;3;Outras Despesas Correntes;50;Transferências a Instituições Privadas sem Fins Lucrativos;39;Serviços de Assistência Social;33503900;00.1.500.9001;Recursos não vinculados de Impostos;2;Outras Despesas;5;Outros Serviços de Terceiros - Pessoa Jurídica;78.10.14.422.4010.4426.33503900.00.1.500.9001;1319332.34;0.0;1319332.34;376952.08;376952.08;0.0;;500;9001;1;02/03/2026 09:48:59;;00;78;33503900;Contratação PJ sem Fins Lucrativos;4426;UND;TERMO DE COLABORAÇÃO Nº TCL/014/2023/SMDHC/SESANA.;1;1319332.34
01;PREFEITURA DO MUNICÍPIO DE SÃO PAULO;11580;12351;2026;1;29/01/2026 00:00:00;6074.2023/0004037-6;12644011000193;MOVIMENTO ESTADUAL DA POPULACAO EM SITUACAO DE RUA DE SAO PAULO;19716;2023;78;FAASP;Fundo de Abastecimento Alimentar de São Paulo;10;Gabinete do Secretário;14;Direitos da Cidadania;422;Direitos Individuais, Coletivos e Difusos;4010;Segurança Alimentar e Nutricional;4426;Políticas, Programas e Ações de Subsistência, Segurança Alimentar e Nu;SESANA;Segurança Alimentar;SESANA - Políticas;3;Despesas Correntes;3;Outras Despesas Correntes;50;Transferências a Instituições Privadas sem Fins Lucrativos;39;Serviços de Assistência Social;33503900;00.1.500.9001;Recursos não vinculados de Impostos;2;Remuneração de Pessoal;5;Outros Serviços de Terceiros - Pessoa Jurídica;78.10.14.422.4010.4426.33503900.00.1.500.9001;215290.6;0.0;215290.6;61511.6;61511.6;0.0;;500;9001;1;02/03/2026 09:48:59;;00;78;33503900;Contratação PJ sem Fins Lucrativos;4426;UND;TERMO DE COLABORAÇÃO Nº TCL/014/2023/SMDHC/SESANA.;1;215290.6
01;PREFEITURA DO MUNICÍPIO DE SÃO PAULO;83;12367;2026;1;29/01/2026 00:00:00;6074.2023/0011297-0;19878286000130;ASSOCIACAO AMIGOS DA FAMILIA;40608;2023;78;FAASP;Fundo de Abastecimento Alimentar de São Paulo;10;Gabinete do Secretário;14;Direitos da Cidadania;422;Direitos Individuais, Coletivos e Difusos;4010;Segurança Alimentar e Nutricional;4426;Políticas, Programas e Ações de Subsistência, Segurança Alimentar e Nu;SESANA;Segurança Alimentar;SESANA - Políticas;3;Despesas Correntes;3;Outras Despesas Correntes;50;Transferências a Instituições Privadas sem Fins Lucrativos;39;Serviços de Assistência Social;33503900;00.1.500.9001;Recursos não vinculados de Impostos;2;Outras Despesas;5;Outros Serviços de Terceiros - Pessoa Jurídica;78.10.14.422.4010.4426.33503900.00.1.500.9001;2261712.6;0.0;2261712.6;564570.15;564570.15;0.0;;500;9001;1;02/03/2026 09:48:59;;00;78;33503900;Contratação PJ sem Fins Lucrativos;4426;UND;"TERMO DE COLABORAÇÃO Nº TCL/072/2023/SMDHC/SESANA. Rede Cozinha Escola
";1;2261712.6
01;PREFEITURA DO MUNICÍPIO DE SÃO PAULO;83;12370;2026;1;29/01/2026 00:00:00;6074.2023/0011297-0;19878286000130;ASSOCIACAO AMIGOS DA FAMILIA;40608;2023;78;FAASP;Fundo de Abastecimento Alimentar de São Paulo;10;Gabinete do Secretário;14;Direitos da Cidadania;422;Direitos Individuais, Coletivos e Difusos;4010;Segurança Alimentar e Nutricional;4426;Políticas, Programas e Ações de Subsistência, Segurança Alimentar e Nu;SESANA;Segurança Alimentar;SESANA - Políticas;3;Despesas Correntes;3;Outras Despesas Correntes;50;Transferências a Instituições Privadas sem Fins Lucrativos;39;Serviços de Assistência Social;33503900;00.1.500.9001;Recursos não vinculados de Impostos;2;Remuneração de Pessoal;5;Outros Serviços de Terceiros - Pessoa Jurídica;78.10.14.422.4010.4426.33503900.00.1.500.9001;369069.59;0.0;369069.59;92267.4;92267.4;0.0;;500;9001;1;02/03/2026 09:48:59;;00;78;33503900;Contratação PJ sem Fins Lucrativos;4426;UND;"TERMO DE COLABORAÇÃO Nº TCL/072/2023/SMDHC/SESANA. Rede Cozinha Escola
";1;369069.59
01;PREFEITURA DO MUNICÍPIO DE SÃO PAULO;11621;12428;2026;1;29/01/2026 00:00:00;6074.2023/0004043-0;56470487000120;INSTITUTO BENEFICENTE  EDUCACIONAL E CULTURAL ARIVLE  IBECA;20480;2023;78;FAASP;Fundo de Abastecimento Alimentar de São Paulo;10;Gabinete do Secretário;14;Direitos da Cidadania;422;Direitos Individuais, Coletivos e Difusos;4010;Segurança Alimentar e Nutricional;4426;Políticas, Programas e Ações de Subsistência, Segurança Alimentar e Nu;SESANA;Segurança Alimentar;SESANA - Políticas;3;Despesas Correntes;3;Outras Despesas Correntes;50;Transferências a Instituições Privadas sem Fins Lucrativos;39;Serviços de Assistência Social;33503900;00.1.500.9001;Recursos não vinculados de Impostos;2;Outras Despesas;5;Outros Serviços de Terceiros - Pessoa Jurídica;78.10.14.422.4010.4426.33503900.00.1.500.9001;1319332.35;0.0;1319332.35;753904.19;753904.19;0.0;;500;9001;1;02/03/2026 09:48:59;;00;78;33503900;Contratação PJ sem Fins Lucrativos;4426;UND;TERMO DE COLABORAÇÃO Nº TCL/030/2023/SMDHC/SESANA - Rede Cozinha Escola;1;1319332.35
01;PREFEITURA DO MUNICÍPIO DE SÃO PAULO;11621;12429;2026;1;29/01/2026 00:00:00;6074.2023/0004043-0;56470487000120;INSTITUTO BENEFICENTE  EDUCACIONAL E CULTURAL ARIVLE  IBECA;20480;2023;78;FAASP;Fundo de Abastecimento Alimentar de São Paulo;10;Gabinete do Secretário;14;Direitos da Cidadania;422;Direitos Individuais, Coletivos e Difusos;4010;Segurança Alimentar e Nutricional;4426;Políticas, Programas e Ações de Subsistência, Segurança Alimentar e Nu;SESANA;Segurança Alimentar;SESANA - Políticas;3;Despesas Correntes;3;Outras Despesas Correntes;50;Transferências a Instituições Privadas sem Fins Lucrativos;39;Serviços de Assistência Social;33503900;00.1.500.9001;Recursos não vinculados de Impostos;2;Remuneração de Pessoal;5;Outros Serviços de Terceiros - Pessoa Jurídica;78.10.14.422.4010.4426.33503900.00.1.500.9001;215290.59;0.0;215290.59;123023.2;123023.2;0.0;;500;9001;1;02/03/2026 09:48:59;;00;78;33503900;Contratação PJ sem Fins Lucrativos;4426;UND;TERMO DE COLABORAÇÃO Nº TCL/030/2023/SMDHC/SESANA - Rede Cozinha Escola;1;215290.59
01;PREFEITURA DO MUNICÍPIO DE SÃO PAULO;11639;12440;2026;1;29/01/2026 00:00:00;6074.2023/0004040-6;08541314000103;ASSOCIACAO COMUNITARIA AMANHA PARA TODOS DO PARQUE SANTO ANTONIO;19694;2023;78;FAASP;Fundo de Abastecimento Alimentar de São Paulo;10;Gabinete do Secretário;14;Direitos da Cidadania;422;Direitos Individuais, Coletivos e Difusos;4010;Segurança Alimentar e Nutricional;4426;Políticas, Programas e Ações de Subsistência, Segurança Alimentar e Nu;SESANA;Segurança Alimentar;SESANA - Políticas;3;Despesas Correntes;3;Outras Despesas Correntes;50;Transferências a Instituições Privadas sem Fins Lucrativos;39;Serviços de Assistência Social;33503900;00.1.500.9001;Recursos não vinculados de Impostos;2;Outras Despesas;5;Outros Serviços de Terceiros - Pessoa Jurídica;78.10.14.422.4010.4426.33503900.00.1.500.9001;1319332.34;0.0;1319332.34;753904.19;753904.19;0.0;;500;9001;1;02/03/2026 09:48:59;;00;78;33503900;Contratação PJ sem Fins Lucrativos;4426;UND;TERMO DE COLABORAÇÃO Nº TCL/019/2023/SMDHC/SESANA;1;1319332.34
01;PREFEITURA DO MUNICÍPIO DE SÃO PAULO;11639;12443;2026;1;29/01/2026 00:00:00;6074.2023/0004040-6;08541314000103;ASSOCIACAO COMUNITARIA AMANHA PARA TODOS DO PARQUE SANTO ANTONIO;19694;2023;78;FAASP;Fundo de Abastecimento Alimentar de São Paulo;10;Gabinete do Secretário;14;Direitos da Cidadania;422;Direitos Individuais, Coletivos e Difusos;4010;Segurança Alimentar e Nutricional;4426;Políticas, Programas e Ações de Subsistência, Segurança Alimentar e Nu;SESANA;Segurança Alimentar;SESANA - Políticas;3;Despesas Correntes;3;Outras Despesas Correntes;50;Transferências a Instituições Privadas sem Fins Lucrativos;39;Serviços de Assistência Social;33503900;00.1.500.9001;Recursos não vinculados de Impostos;2;Remuneração de Pessoal;5;Outros Serviços de Terceiros - Pessoa Jurídica;78.10.14.422.4010.4426.33503900.00.1.500.9001;215290.6;0.0;215290.6;123023.2;123023.2;0.0;;500;9001;1;02/03/2026 09:48:59;;00;78;33503900;Contratação PJ sem Fins Lucrativos;4426;UND;TERMO DE COLABORAÇÃO Nº TCL/019/2023/SMDHC/SESANA;1;215290.6
01;PREFEITURA DO MUNICÍPIO DE SÃO PAULO;11663;12473;2026;1;29/01/2026 00:00:00;6074.2023/0011305-5;39277486000145;INSTITUTO PRA CIMA ZONA LESTE;856;2024;78;FAASP;Fundo de Abastecimento Alimentar de São Paulo;10;Gabinete do Secretário;14;Direitos da Cidadania;422;Direitos Individuais, Coletivos e Difusos;4010;Segurança Alimentar e Nutricional;4426;Políticas, Programas e Ações de Subsistência, Segurança Alimentar e Nu;SESANA;Segurança Alimentar;SESANA - Políticas;3;Despesas Correntes;3;Outras Despesas Correntes;50;Transferências a Instituições Privadas sem Fins Lucrativos;39;Serviços de Assistência Social;33503900;00.1.500.9001;Recursos não vinculados de Impostos;2;Outras Despesas;5;Outros Serviços de Terceiros - Pessoa Jurídica;78.10.14.422.4010.4426.33503900.00.1.500.9001;188476.06;0.0;188476.06;188476.06;188476.06;0.0;;500;9001;1;02/03/2026 09:48:59;;00;78;33503900;Contratação PJ sem Fins Lucrativos;4426;UND;TERMO DE COLABORAÇÃO Nº TCL/004/2024/SMDHC/SESANA;1;188476.06
01;PREFEITURA DO MUNICÍPIO DE SÃO PAULO;11663;12477;2026;1;29/01/2026 00:00:00;6074.2023/0011305-5;39277486000145;INSTITUTO PRA CIMA ZONA LESTE;856;2024;78;FAASP;Fundo de Abastecimento Alimentar de São Paulo;10;Gabinete do Secretário;14;Direitos da Cidadania;422;Direitos Individuais, Coletivos e Difusos;4010;Segurança Alimentar e Nutricional;4426;Políticas, Programas e Ações de Subsistência, Segurança Alimentar e Nu;SESANA;Segurança Alimentar;SESANA - Políticas;3;Despesas Correntes;3;Outras Despesas Correntes;50;Transferências a Instituições Privadas sem Fins Lucrativos;39;Serviços de Assistência Social;33503900;00.1.500.9001;Recursos não vinculados de Impostos;2;Remuneração de Pessoal;5;Outros Serviços de Terceiros - Pessoa Jurídica;78.10.14.422.4010.4426.33503900.00.1.500.9001;30755.8;0.0;30755.8;30755.8;30755.8;0.0;;500;9001;1;02/03/2026 09:48:59;;00;78;33503900;Contratação PJ sem Fins Lucrativos;4426;UND;TERMO DE COLABORAÇÃO Nº TCL/004/2024/SMDHC/SESANA;1;30755.8
01;PREFEITURA DO MUNICÍPIO DE SÃO PAULO;11784;12580;2026;1;29/01/2026 00:00:00;6074.2023/0011300-4;41964128000152;ASSOCIACAO ELO FRATERNO;963;2024;78;FAASP;Fundo de Abastecimento Alimentar de São Paulo;10;Gabinete do Secretário;14;Direitos da Cidadania;422;Direitos Individuais, Coletivos e Difusos;4010;Segurança Alimentar e Nutricional;4426;Políticas, Programas e Ações de Subsistência, Segurança Alimentar e Nu;SESANA;Segurança Alimentar;SESANA - Políticas;3;Despesas Correntes;3;Outras Despesas Correntes;50;Transferências a Instituições Privadas sem Fins Lucrativos;39;Serviços de Assistência Social;33503900;00.1.500.9001;Recursos não vinculados de Impostos;2;Outras Despesas;5;Outros Serviços de Terceiros - Pessoa Jurídica;78.10.14.422.4010.4426.33503900.00.1.500.9001;188476.06;0.0;188476.06;188476.06;188476.06;0.0;;500;9001;1;02/03/2026 09:48:59;;00;78;33503900;Contratação PJ sem Fins Lucrativos;4426;UND;TERMO DE COLABORAÇÃO Nº TCL/002/2024/SMDHC/SESANA.;1;188476.06
01;PREFEITURA DO MUNICÍPIO DE SÃO PAULO;11784;12583;2026;1;29/01/2026 00:00:00;6074.2023/0011300-4;41964128000152;ASSOCIACAO ELO FRATERNO;963;2024;78;FAASP;Fundo de Abastecimento Alimentar de São Paulo;10;Gabinete do Secretário;14;Direitos da Cidadania;422;Direitos Individuais, Coletivos e Difusos;4010;Segurança Alimentar e Nutricional;4426;Políticas, Programas e Ações de Subsistência, Segurança Alimentar e Nu;SESANA;Segurança Alimentar;SESANA - Políticas;3;Despesas Correntes;3;Outras Despesas Correntes;50;Transferências a Instituições Privadas sem Fins Lucrativos;39;Serviços de Assistência Social;33503900;00.1.500.9001;Recursos não vinculados de Impostos;2;Remuneração de Pessoal;5;Outros Serviços de Terceiros - Pessoa Jurídica;78.10.14.422.4010.4426.33503900.00.1.500.9001;30755.8;0.0;30755.8;30755.8;30755.8;0.0;;500;9001;1;02/03/2026 09:48:59;;00;78;33503900;Contratação PJ sem Fins Lucrativos;4426;UND;TERMO DE COLABORAÇÃO Nº TCL/002/2024/SMDHC/SESANA.;1;30755.8
01;PREFEITURA DO MUNICÍPIO DE SÃO PAULO;11808;12601;2026;1;29/01/2026 00:00:00;6074.2023/0011913-4;10473504000182;ASSOCIACAO ACEZOS;2756;2024;78;FAASP;Fundo de Abastecimento Alimentar de São Paulo;10;Gabinete do Secretário;14;Direitos da Cidadania;422;Direitos Individuais, Coletivos e Difusos;4010;Segurança Alimentar e Nutricional;4426;Políticas, Programas e Ações de Subsistência, Segurança Alimentar e Nu;SESANA;Segurança Alimentar;SESANA - Políticas;3;Despesas Correntes;3;Outras Despesas Correntes;50;Transferências a Instituições Privadas sem Fins Lucrativos;39;Serviços de Assistência Social;33503900;00.1.500.9001;Recursos não vinculados de Impostos;2;Outras Despesas;5;Outros Serviços de Terceiros - Pessoa Jurídica;78.10.14.422.4010.4426.33503900.00.1.500.9001;376952.1;0.0;376952.1;376952.1;376952.1;0.0;;500;9001;1;02/03/2026 09:48:59;;00;78;33503900;Contratação PJ sem Fins Lucrativos;4426;UND;TCL/007/2024/SMDHC/SESANA;1;376952.1
01;PREFEITURA DO MUNICÍPIO DE SÃO PAULO;11808;12602;2026;1;29/01/2026 00:00:00;6074.2023/0011913-4;10473504000182;ASSOCIACAO ACEZOS;2756;2024;78;FAASP;Fundo de Abastecimento Alimentar de São Paulo;10;Gabinete do Secretário;14;Direitos da Cidadania;422;Direitos Individuais, Coletivos e Difusos;4010;Segurança Alimentar e Nutricional;4426;Políticas, Programas e Ações de Subsistência, Segurança Alimentar e Nu;SESANA;Segurança Alimentar;SESANA - Políticas;3;Despesas Correntes;3;Outras Despesas Correntes;50;Transferências a Instituições Privadas sem Fins Lucrativos;39;Serviços de Assistência Social;33503900;00.1.500.9001;Recursos não vinculados de Impostos;2;Remuneração de Pessoal;5;Outros Serviços de Terceiros - Pessoa Jurídica;78.10.14.422.4010.4426.33503900.00.1.500.9001;61511.6;0.0;61511.6;61511.6;61511.6;0.0;;500;9001;1;02/03/2026 09:48:59;;00;78;33503900;Contratação PJ sem Fins Lucrativos;4426;UND;TCL/007/2024/SMDHC/SESANA;1;61511.6
01;PREFEITURA DO MUNICÍPIO DE SÃO PAULO;11833;12637;2026;1;29/01/2026 00:00:00;6074.2023/0011910-0;58106972000145;ASSET  ASSOCIACAO EDUCAR PARA TRANSFORMAR;2763;2024;78;FAASP;Fundo de Abastecimento Alimentar de São Paulo;10;Gabinete do Secretário;14;Direitos da Cidadania;422;Direitos Individuais, Coletivos e Difusos;4010;Segurança Alimentar e Nutricional;4426;Políticas, Programas e Ações de Subsistência, Segurança Alimentar e Nu;SESANA;Segurança Alimentar;SESANA - Políticas;3;Despesas Correntes;3;Outras Despesas Correntes;50;Transferências a Instituições Privadas sem Fins Lucrativos;39;Serviços de Assistência Social;33503900;00.1.500.9001;Recursos não vinculados de Impostos;2;Outras Despesas;5;Outros Serviços de Terceiros - Pessoa Jurídica;78.10.14.422.4010.4426.33503900.00.1.500.9001;376952.1;0.0;376952.1;376952.1;376952.1;0.0;;500;9001;1;02/03/2026 09:48:59;;00;78;33503900;Contratação PJ sem Fins Lucrativos;4426;UND;Termo de Colaboração TCL nº 006/2024/SMDHC;1;376952.1
01;PREFEITURA DO MUNICÍPIO DE SÃO PAULO;11833;12641;2026;1;29/01/2026 00:00:00;6074.2023/0011910-0;58106972000145;ASSET  ASSOCIACAO EDUCAR PARA TRANSFORMAR;2763;2024;78;FAASP;Fundo de Abastecimento Alimentar de São Paulo;10;Gabinete do Secretário;14;Direitos da Cidadania;422;Direitos Individuais, Coletivos e Difusos;4010;Segurança Alimentar e Nutricional;4426;Políticas, Programas e Ações de Subsistência, Segurança Alimentar e Nu;SESANA;Segurança Alimentar;SESANA - Políticas;3;Despesas Correntes;3;Outras Despesas Correntes;50;Transferências a Instituições Privadas sem Fins Lucrativos;39;Serviços de Assistência Social;33503900;00.1.500.9001;Recursos não vinculados de Impostos;2;Outras Despesas;5;Outros Serviços de Terceiros - Pessoa Jurídica;78.10.14.422.4010.4426.33503900.00.1.500.9001;61511.6;61511.6;0.0;0.0;0.0;0.0;;500;9001;1;02/03/2026 09:48:59;;00;78;33503900;Contratação PJ sem Fins Lucrativos;4426;UND;Termo de Colaboração TCL nº 006/2024/SMDHC.;1;61511.6
01;PREFEITURA DO MUNICÍPIO DE SÃO PAULO;11833;12652;2026;1;29/01/2026 00:00:00;6074.2023/0011910-0;58106972000145;ASSET  ASSOCIACAO EDUCAR PARA TRANSFORMAR;2763;2024;78;FAASP;Fundo de Abastecimento Alimentar de São Paulo;10;Gabinete do Secretário;14;Direitos da Cidadania;422;Direitos Individuais, Coletivos e Difusos;4010;Segurança Alimentar e Nutricional;4426;Políticas, Programas e Ações de Subsistência, Segurança Alimentar e Nu;SESANA;Segurança Alimentar;SESANA - Políticas;3;Despesas Correntes;3;Outras Despesas Correntes;50;Transferências a Instituições Privadas sem Fins Lucrativos;39;Serviços de Assistência Social;33503900;00.1.500.9001;Recursos não vinculados de Impostos;2;Remuneração de Pessoal;5;Outros Serviços de Terceiros - Pessoa Jurídica;78.10.14.422.4010.4426.33503900.00.1.500.9001;61511.6;0.0;61511.6;61511.6;61511.6;0.0;;500;9001;1;02/03/2026 09:48:59;;00;78;33503900;Contratação PJ sem Fins Lucrativos;4426;UND;Termo de Colaboração TCL nº 006/2024/SMDHC.;1;61511.6
01;PREFEITURA DO MUNICÍPIO DE SÃO PAULO;11850;12663;2026;1;29/01/2026 00:00:00;6074.2023/0011909-6;17285190000133;ABP  ASSOCIACAO BRASILEIRA DE PIPAS;2788;2024;78;FAASP;Fundo de Abastecimento Alimentar de São Paulo;10;Gabinete do Secretário;14;Direitos da Cidadania;422;Direitos Individuais, Coletivos e Difusos;4010;Segurança Alimentar e Nutricional;4426;Políticas, Programas e Ações de Subsistência, Segurança Alimentar e Nu;SESANA;Segurança Alimentar;SESANA - Políticas;3;Despesas Correntes;3;Outras Despesas Correntes;50;Transferências a Instituições Privadas sem Fins Lucrativos;39;Serviços de Assistência Social;33503900;00.1.500.9001;Recursos não vinculados de Impostos;2;Outras Despesas;5;Outros Serviços de Terceiros - Pessoa Jurídica;78.10.14.422.4010.4426.33503900.00.1.500.9001;376952.1;0.0;376952.1;370754.58;370754.58;0.0;;500;9001;1;02/03/2026 09:48:59;;00;78;33503900;Contratação PJ sem Fins Lucrativos;4426;UND;TERMO DE COLABORAÇÃO Nº TCL/005/2024/SMDHC/SESANA;1;376952.1
01;PREFEITURA DO MUNICÍPIO DE SÃO PAULO;11850;12665;2026;1;29/01/2026 00:00:00;6074.2023/0011909-6;17285190000133;ABP  ASSOCIACAO BRASILEIRA DE PIPAS;2788;2024;78;FAASP;Fundo de Abastecimento Alimentar de São Paulo;10;Gabinete do Secretário;14;Direitos da Cidadania;422;Direitos Individuais, Coletivos e Difusos;4010;Segurança Alimentar e Nutricional;4426;Políticas, Programas e Ações de Subsistência, Segurança Alimentar e Nu;SESANA;Segurança Alimentar;SESANA - Políticas;3;Despesas Correntes;3;Outras Despesas Correntes;50;Transferências a Instituições Privadas sem Fins Lucrativos;39;Serviços de Assistência Social;33503900;00.1.500.9001;Recursos não vinculados de Impostos;2;Remuneração de Pessoal;5;Outros Serviços de Terceiros - Pessoa Jurídica;78.10.14.422.4010.4426.33503900.00.1.500.9001;61511.6;0.0;61511.6;61511.6;61511.6;0.0;;500;9001;1;02/03/2026 09:48:59;;00;78;33503900;Contratação PJ sem Fins Lucrativos;4426;UND;TERMO DE COLABORAÇÃO Nº TCL/005/2024/SMDHC/SESANA;1;61511.6
01;PREFEITURA DO MUNICÍPIO DE SÃO PAULO;11862;12676;2026;1;29/01/2026 00:00:00;6074.2023/0011912-6;58932419000161;ASSOCIACAO CULTURAL PARA DESENVOLVIMENTO EDUCACIONAL UNINDO FORCAS;2760;2024;78;FAASP;Fundo de Abastecimento Alimentar de São Paulo;10;Gabinete do Secretário;14;Direitos da Cidadania;422;Direitos Individuais, Coletivos e Difusos;4010;Segurança Alimentar e Nutricional;4426;Políticas, Programas e Ações de Subsistência, Segurança Alimentar e Nu;SESANA;Segurança Alimentar;SESANA - Políticas;3;Despesas Correntes;3;Outras Despesas Correntes;50;Transferências a Instituições Privadas sem Fins Lucrativos;39;Serviços de Assistência Social;33503900;00.1.500.9001;Recursos não vinculados de Impostos;2;Outras Despesas;5;Outros Serviços de Terceiros - Pessoa Jurídica;78.10.14.422.4010.4426.33503900.00.1.500.9001;376952.1;0.0;376952.1;376952.1;376952.1;0.0;;500;9001;1;02/03/2026 09:48:59;;00;78;33503900;Contratação PJ sem Fins Lucrativos;4426;UND;Termo de colaboração TCL nº 009/2024/SMDHC.;1;376952.1
01;PREFEITURA DO MUNICÍPIO DE SÃO PAULO;11862;12678;2026;1;29/01/2026 00:00:00;6074.2023/0011912-6;58932419000161;ASSOCIACAO CULTURAL PARA DESENVOLVIMENTO EDUCACIONAL UNINDO FORCAS;2760;2024;78;FAASP;Fundo de Abastecimento Alimentar de São Paulo;10;Gabinete do Secretário;14;Direitos da Cidadania;422;Direitos Individuais, Coletivos e Difusos;4010;Segurança Alimentar e Nutricional;4426;Políticas, Programas e Ações de Subsistência, Segurança Alimentar e Nu;SESANA;Segurança Alimentar;SESANA - Políticas;3;Despesas Correntes;3;Outras Despesas Correntes;50;Transferências a Instituições Privadas sem Fins Lucrativos;39;Serviços de Assistência Social;33503900;00.1.500.9001;Recursos não vinculados de Impostos;2;Remuneração de Pessoal;5;Outros Serviços de Terceiros - Pessoa Jurídica;78.10.14.422.4010.4426.33503900.00.1.500.9001;61511.6;0.0;61511.6;61511.6;61511.6;0.0;;500;9001;1;02/03/2026 09:48:59;;00;78;33503900;Contratação PJ sem Fins Lucrativos;4426;UND;Termo de colaboração TCL nº 009/2024/SMDHC.;1;61511.6
01;PREFEITURA DO MUNICÍPIO DE SÃO PAULO;11988;12882;2026;1;29/01/2026 00:00:00;6074.2023/0006616-2;01429618000134;ASSOCIACAO G VITAL;28847;2023;78;FAASP;Fundo de Abastecimento Alimentar de São Paulo;10;Gabinete do Secretário;14;Direitos da Cidadania;422;Direitos Individuais, Coletivos e Difusos;4010;Segurança Alimentar e Nutricional;4426;Políticas, Programas e Ações de Subsistência, Segurança Alimentar e Nu;SESANA;Segurança Alimentar;SESANA - Políticas;3;Despesas Correntes;3;Outras Despesas Correntes;50;Transferências a Instituições Privadas sem Fins Lucrativos;39;Serviços de Assistência Social;33503900;00.1.500.9001;Recursos não vinculados de Impostos;2;Outras Despesas;5;Outros Serviços de Terceiros - Pessoa Jurídica;78.10.14.422.4010.4426.33503900.00.1.500.9001;1884760.59;0.0;1884760.59;565428.15;565428.15;0.0;;500;9001;1;02/03/2026 09:48:59;;00;78;33503900;Contratação PJ sem Fins Lucrativos;4426;UND;Termo de Colaboração TCL/050/2023/SMDHC/SESANA;1;1884760.59
01;PREFEITURA DO MUNICÍPIO DE SÃO PAULO;11988;12885;2026;1;29/01/2026 00:00:00;6074.2023/0006616-2;01429618000134;ASSOCIACAO G VITAL;28847;2023;78;FAASP;Fundo de Abastecimento Alimentar de São Paulo;10;Gabinete do Secretário;14;Direitos da Cidadania;422;Direitos Individuais, Coletivos e Difusos;4010;Segurança Alimentar e Nutricional;4426;Políticas, Programas e Ações de Subsistência, Segurança Alimentar e Nu;SESANA;Segurança Alimentar;SESANA - Políticas;3;Despesas Correntes;3;Outras Despesas Correntes;50;Transferências a Instituições Privadas sem Fins Lucrativos;39;Serviços de Assistência Social;33503900;00.1.500.9001;Recursos não vinculados de Impostos;2;Remuneração de Pessoal;5;Outros Serviços de Terceiros - Pessoa Jurídica;78.10.14.422.4010.4426.33503900.00.1.500.9001;307557.9;0.0;307557.9;92267.4;92267.4;0.0;;500;9001;1;02/03/2026 09:48:59;;00;78;33503900;Contratação PJ sem Fins Lucrativos;4426;UND;Termo de Colaboração TCL/050/2023/SMDHC/SESANA;1;307557.9
01;PREFEITURA DO MUNICÍPIO DE SÃO PAULO;10890;14225;2026;1;30/01/2026 00:00:00;6074.2022/0008813-0;59837674000198;ASSOCIACAO COMUNITARIA SEMPRE VIVA;35442;2022;78;FAASP;Fundo de Abastecimento Alimentar de São Paulo;10;Gabinete do Secretário;14;Direitos da Cidadania;422;Direitos Individuais, Coletivos e Difusos;4010;Segurança Alimentar e Nutricional;4426;Políticas, Programas e Ações de Subsistência, Segurança Alimentar e Nu;SESANA;Segurança Alimentar;SESANA - Políticas;3;Despesas Correntes;3;Outras Despesas Correntes;50;Transferências a Instituições Privadas sem Fins Lucrativos;39;Serviços de Assistência Social;33503900;00.1.500.9001;Recursos não vinculados de Impostos;2;Outras Despesas;5;Outros Serviços de Terceiros - Pessoa Jurídica;78.10.14.422.4010.4426.33503900.00.1.500.9001;1165877.76;0.0;1165877.76;157947.27;140996.97;0.0;;500;9001;1;02/03/2026 09:48:59;;00;78;33503900;Contratação PJ sem Fins Lucrativos;4426;Und;Termo de Colaboração - Bom Prato Unidade M'Boi Mirim;1;1165877.76
01;PREFEITURA DO MUNICÍPIO DE SÃO PAULO;10890;14228;2026;1;30/01/2026 00:00:00;6074.2022/0008813-0;59837674000198;ASSOCIACAO COMUNITARIA SEMPRE VIVA;35442;2022;78;FAASP;Fundo de Abastecimento Alimentar de São Paulo;10;Gabinete do Secretário;14;Direitos da Cidadania;422;Direitos Individuais, Coletivos e Difusos;4010;Segurança Alimentar e Nutricional;4426;Políticas, Programas e Ações de Subsistência, Segurança Alimentar e Nu;SESANA;Segurança Alimentar;SESANA - Políticas;3;Despesas Correntes;3;Outras Despesas Correntes;50;Transferências a Instituições Privadas sem Fins Lucrativos;39;Serviços de Assistência Social;33503900;00.1.500.9001;Recursos não vinculados de Impostos;2;Remuneração de Pessoal;5;Outros Serviços de Terceiros - Pessoa Jurídica;78.10.14.422.4010.4426.33503900.00.1.500.9001;714570.24;0.0;714570.24;96806.39;86417.49;0.0;;500;9001;1;02/03/2026 09:48:59;;00;78;33503900;Contratação PJ sem Fins Lucrativos;4426;UND;Termo de Colaboração - Bom Prato Unidade M'Boi Mirim;1;714570.24
01;PREFEITURA DO MUNICÍPIO DE SÃO PAULO;13338;14232;2026;1;30/01/2026 00:00:00;6074.2022/0008816-4;59837674000198;ASSOCIACAO COMUNITARIA SEMPRE VIVA;35444;2022;78;FAASP;Fundo de Abastecimento Alimentar de São Paulo;10;Gabinete do Secretário;14;Direitos da Cidadania;422;Direitos Individuais, Coletivos e Difusos;4010;Segurança Alimentar e Nutricional;4426;Políticas, Programas e Ações de Subsistência, Segurança Alimentar e Nu;SESANA;Segurança Alimentar;SESANA - Políticas;3;Despesas Correntes;3;Outras Despesas Correntes;50;Transferências a Instituições Privadas sem Fins Lucrativos;39;Serviços de Assistência Social;33503900;00.1.500.9001;Recursos não vinculados de Impostos;2;Outras Despesas;5;Outros Serviços de Terceiros - Pessoa Jurídica;78.10.14.422.4010.4426.33503900.00.1.500.9001;1428086.16;1428086.16;0.0;0.0;0.0;0.0;;500;9001;1;02/03/2026 09:48:59;;00;78;33503900;Contratação PJ sem Fins Lucrativos;4426;UND;Termo de Colaboração - Bom Prato Parelheiros - Refeições;1;1428086.16
01;PREFEITURA DO MUNICÍPIO DE SÃO PAULO;13338;14235;2026;1;30/01/2026 00:00:00;6074.2022/0008816-4;59837674000198;ASSOCIACAO COMUNITARIA SEMPRE VIVA;35444;2022;78;FAASP;Fundo de Abastecimento Alimentar de São Paulo;10;Gabinete do Secretário;14;Direitos da Cidadania;422;Direitos Individuais, Coletivos e Difusos;4010;Segurança Alimentar e Nutricional;4426;Políticas, Programas e Ações de Subsistência, Segurança Alimentar e Nu;SESANA;Segurança Alimentar;SESANA - Políticas;3;Despesas Correntes;3;Outras Despesas Correntes;50;Transferências a Instituições Privadas sem Fins Lucrativos;39;Serviços de Assistência Social;33503900;00.1.500.9001;Recursos não vinculados de Impostos;2;Outras Despesas;5;Outros Serviços de Terceiros - Pessoa Jurídica;78.10.14.422.4010.4426.33503900.00.1.500.9001;948086.16;0.0;948086.16;127445.3;114084.28;0.0;;500;9001;1;02/03/2026 09:48:59;;00;78;33503900;Contratação PJ sem Fins Lucrativos;4426;UND;Termo de Colaboração - Bom Prato Parelheiros - Refeições;1;948086.16
01;PREFEITURA DO MUNICÍPIO DE SÃO PAULO;13338;14236;2026;1;30/01/2026 00:00:00;6074.2022/0008816-4;59837674000198;ASSOCIACAO COMUNITARIA SEMPRE VIVA;35444;2022;78;FAASP;Fundo de Abastecimento Alimentar de São Paulo;10;Gabinete do Secretário;14;Direitos da Cidadania;422;Direitos Individuais, Coletivos e Difusos;4010;Segurança Alimentar e Nutricional;4426;Políticas, Programas e Ações de Subsistência, Segurança Alimentar e Nu;SESANA;Segurança Alimentar;SESANA - Políticas;3;Despesas Correntes;3;Outras Despesas Correntes;50;Transferências a Instituições Privadas sem Fins Lucrativos;39;Serviços de Assistência Social;33503900;00.1.500.9001;Recursos não vinculados de Impostos;2;Outras Despesas;5;Outros Serviços de Terceiros - Pessoa Jurídica;78.10.14.422.4010.4426.33503900.00.1.500.9001;240000.0;0.0;240000.0;40000.0;20000.0;0.0;;500;9001;1;02/03/2026 09:48:59;;00;78;33503900;Contratação PJ sem Fins Lucrativos;4426;UND;Termo de Colaboração - Bom Prato Parelheiros - Locação do Imóvel;1;240000.0
01;PREFEITURA DO MUNICÍPIO DE SÃO PAULO;13338;14238;2026;1;30/01/2026 00:00:00;6074.2022/0008816-4;59837674000198;ASSOCIACAO COMUNITARIA SEMPRE VIVA;35444;2022;78;FAASP;Fundo de Abastecimento Alimentar de São Paulo;10;Gabinete do Secretário;14;Direitos da Cidadania;422;Direitos Individuais, Coletivos e Difusos;4010;Segurança Alimentar e Nutricional;4426;Políticas, Programas e Ações de Subsistência, Segurança Alimentar e Nu;SESANA;Segurança Alimentar;SESANA - Políticas;3;Despesas Correntes;3;Outras Despesas Correntes;50;Transferências a Instituições Privadas sem Fins Lucrativos;39;Serviços de Assistência Social;33503900;00.1.500.9001;Recursos não vinculados de Impostos;2;Remuneração de Pessoal;5;Outros Serviços de Terceiros - Pessoa Jurídica;78.10.14.422.4010.4426.33503900.00.1.500.9001;728181.84;0.0;728181.84;78111.65;69922.64;0.0;;500;9001;1;02/03/2026 09:48:59;;00;78;33503900;Contratação PJ sem Fins Lucrativos;4426;UND;Termo de Colaboração - Bom Prato Parelheiros - Refeições ;1;728181.84
01;PREFEITURA DO MUNICÍPIO DE SÃO PAULO;13403;14461;2026;2;01/02/2026 00:00:00;6074.2024/0009905-4;00209292000177;ASSOCIAÇÃO DAS DONAS DE CASA DE GUAIANASES;38364;2024;78;FAASP;Fundo de Abastecimento Alimentar de São Paulo;10;Gabinete do Secretário;14;Direitos da Cidadania;422;Direitos Individuais, Coletivos e Difusos;4010;Segurança Alimentar e Nutricional;4426;Políticas, Programas e Ações de Subsistência, Segurança Alimentar e Nu;SESANA;Segurança Alimentar;SESANA - Políticas;3;Despesas Correntes;3;Outras Despesas Correntes;50;Transferências a Instituições Privadas sem Fins Lucrativos;39;Serviços de Assistência Social;33503900;00.1.500.9001;Recursos não vinculados de Impostos;2;Outras Despesas;5;Outros Serviços de Terceiros - Pessoa Jurídica;78.10.14.422.4010.4426.33503900.00.1.500.9001;42000.0;0.0;42000.0;7000.0;3500.0;0.0;;500;9001;1;02/03/2026 09:48:59;;00;78;33503900;Contratação PJ sem Fins Lucrativos;4426;UND;Termo de Colaboração - Bom Prato Guaianases (Refeitório Cidade Tiradentes) - Locação Veículo;1;42000.0
01;PREFEITURA DO MUNICÍPIO DE SÃO PAULO;13403;14463;2026;2;01/02/2026 00:00:00;6074.2024/0009905-4;00209292000177;ASSOCIAÇÃO DAS DONAS DE CASA DE GUAIANASES;38364;2024;78;FAASP;Fundo de Abastecimento Alimentar de São Paulo;10;Gabinete do Secretário;14;Direitos da Cidadania;422;Direitos Individuais, Coletivos e Difusos;4010;Segurança Alimentar e Nutricional;4426;Políticas, Programas e Ações de Subsistência, Segurança Alimentar e Nu;SESANA;Segurança Alimentar;SESANA - Políticas;3;Despesas Correntes;3;Outras Despesas Correntes;50;Transferências a Instituições Privadas sem Fins Lucrativos;39;Serviços de Assistência Social;33503900;00.1.500.9001;Recursos não vinculados de Impostos;2;Outras Despesas;5;Outros Serviços de Terceiros - Pessoa Jurídica;78.10.14.422.4010.4426.33503900.00.1.500.9001;429937.5;0.0;429937.5;110146.13;98699.59;0.0;;500;9001;1;02/03/2026 09:48:59;;00;78;33503900;Contratação PJ sem Fins Lucrativos;4426;UND;Termo de Colaboração - Bom Prato Guaianases (Refeitório Cidade Tiradentes) - Refeições e Transporte de Refeições;1;429937.5
01;PREFEITURA DO MUNICÍPIO DE SÃO PAULO;13403;14465;2026;2;01/02/2026 00:00:00;6074.2024/0009905-4;00209292000177;ASSOCIAÇÃO DAS DONAS DE CASA DE GUAIANASES;38364;2024;78;FAASP;Fundo de Abastecimento Alimentar de São Paulo;10;Gabinete do Secretário;14;Direitos da Cidadania;422;Direitos Individuais, Coletivos e Difusos;4010;Segurança Alimentar e Nutricional;4426;Políticas, Programas e Ações de Subsistência, Segurança Alimentar e Nu;SESANA;Segurança Alimentar;SESANA - Políticas;3;Despesas Correntes;3;Outras Despesas Correntes;50;Transferências a Instituições Privadas sem Fins Lucrativos;39;Serviços de Assistência Social;33503900;00.1.500.9001;Recursos não vinculados de Impostos;2;Remuneração de Pessoal;5;Outros Serviços de Terceiros - Pessoa Jurídica;78.10.14.422.4010.4426.33503900.00.1.500.9001;157312.5;0.0;157312.5;36715.33;32899.82;0.0;;500;9001;1;02/03/2026 09:48:59;;00;78;33503900;Contratação PJ sem Fins Lucrativos;4426;UND;Termo de Colaboração - Bom Prato Guaianases (Refeitório Cidade Tiradentes) - Refeições e Transporte de Refeições;1;157312.5
01;PREFEITURA DO MUNICÍPIO DE SÃO PAULO;13407;14492;2026;2;01/02/2026 00:00:00;6074.2021/0000211-0;17607064000158;LOGISTICS SOLUTIONS BRASIL COMERCIO IMP E EXP E SERVICOS DE CONSULTORIA LTDA;6089;2021;78;FAASP;Fundo de Abastecimento Alimentar de São Paulo;10;Gabinete do Secretário;14;Direitos da Cidadania;422;Direitos Individuais, Coletivos e Difusos;4010;Segurança Alimentar e Nutricional;4426;Políticas, Programas e Ações de Subsistência, Segurança Alimentar e Nu;SESANA;Segurança Alimentar;SESANA - Políticas;3;Despesas Correntes;3;Outras Despesas Correntes;90;Aplicações Diretas;39;Serviço de Apoio Administrativo, Técnico e Operacional;33903900;00.1.500.9001;Recursos não vinculados de Impostos;9;Outros Serviços de Apoio Administrativo, Técnico e Operacional;7;Outros Serviços de Terceiros - Pessoa Jurídica;78.10.14.422.4010.4426.33903900.00.1.500.9001;664415.0;0.0;664415.0;0.0;0.0;0.0;;500;9001;1;02/03/2026 09:48:59;;00;78;33903900;Contratação PJ com Fins Lucrativos;4426;UND;Contrato 016/SMDHC/2021 - Serviços de Logística Programa Cidade Solidária - 132.883 Unidades - Principal;1;664415.0
01;PREFEITURA DO MUNICÍPIO DE SÃO PAULO;13407;14493;2026;2;01/02/2026 00:00:00;6074.2021/0000211-0;17607064000158;LOGISTICS SOLUTIONS BRASIL COMERCIO IMP E EXP E SERVICOS DE CONSULTORIA LTDA;6089;2021;78;FAASP;Fundo de Abastecimento Alimentar de São Paulo;10;Gabinete do Secretário;14;Direitos da Cidadania;422;Direitos Individuais, Coletivos e Difusos;4010;Segurança Alimentar e Nutricional;4426;Políticas, Programas e Ações de Subsistência, Segurança Alimentar e Nu;SESANA;Segurança Alimentar;SESANA - Políticas;3;Despesas Correntes;3;Outras Despesas Correntes;90;Aplicações Diretas;39;Serviço de Apoio Administrativo, Técnico e Operacional;33903900;00.1.500.9001;Recursos não vinculados de Impostos;9;Outros Serviços de Apoio Administrativo, Técnico e Operacional;7;Outros Serviços de Terceiros - Pessoa Jurídica;78.10.14.422.4010.4426.33903900.00.1.500.9001;51824.37;0.0;51824.37;0.0;0.0;0.0;;500;9001;1;02/03/2026 09:48:59;;00;78;33903900;Contratação PJ com Fins Lucrativos;4426;UND;Contrato 016/SMDHC/2021 - Serviços de Logística Programa Cidade Solidária - 132.883 Unidades - Reajuste;1;51824.37
01;PREFEITURA DO MUNICÍPIO DE SÃO PAULO;13871;15158;2026;2;02/02/2026 00:00:00;6074.2023/0004032-5;43275501000193;ASSOCIACAO DE MORADIA CONJUNTO TEOTONIO VILELA;20348;2023;78;FAASP;Fundo de Abastecimento Alimentar de São Paulo;10;Gabinete do Secretário;14;Direitos da Cidadania;422;Direitos Individuais, Coletivos e Difusos;4010;Segurança Alimentar e Nutricional;4426;Políticas, Programas e Ações de Subsistência, Segurança Alimentar e Nu;SESANA;Segurança Alimentar;SESANA - Políticas;3;Despesas Correntes;3;Outras Despesas Correntes;50;Transferências a Instituições Privadas sem Fins Lucrativos;39;Serviços de Assistência Social;33503900;00.1.500.9001;Recursos não vinculados de Impostos;2;Outras Despesas;5;Outros Serviços de Terceiros - Pessoa Jurídica;78.10.14.422.4010.4426.33503900.00.1.500.9001;1319332.35;0.0;1319332.35;753904.2;565428.15;0.0;;500;9001;1;02/03/2026 09:48:59;;00;78;33503900;Contratação PJ sem Fins Lucrativos;4426;UND;Termo de Colaboração nº 025/2023/SMDHC/SESANA;1;1319332.35
01;PREFEITURA DO MUNICÍPIO DE SÃO PAULO;13877;15164;2026;2;02/02/2026 00:00:00;6074.2023/0004032-5;43275501000193;ASSOCIACAO DE MORADIA CONJUNTO TEOTONIO VILELA;20348;2023;78;FAASP;Fundo de Abastecimento Alimentar de São Paulo;10;Gabinete do Secretário;14;Direitos da Cidadania;422;Direitos Individuais, Coletivos e Difusos;4010;Segurança Alimentar e Nutricional;4426;Políticas, Programas e Ações de Subsistência, Segurança Alimentar e Nu;SESANA;Segurança Alimentar;SESANA - Políticas;3;Despesas Correntes;3;Outras Despesas Correntes;50;Transferências a Instituições Privadas sem Fins Lucrativos;39;Serviços de Assistência Social;33503900;00.1.500.9001;Recursos não vinculados de Impostos;2;Remuneração de Pessoal;5;Outros Serviços de Terceiros - Pessoa Jurídica;78.10.14.422.4010.4426.33503900.00.1.500.9001;215290.6;0.0;215290.6;123023.2;92267.4;0.0;;500;9001;1;02/03/2026 09:48:59;;00;78;33503900;Contratação PJ sem Fins Lucrativos;4426;UND;Termo de Colaboração nº 025/2023/SMDHC/SESANA.;1;215290.6
01;PREFEITURA DO MUNICÍPIO DE SÃO PAULO;14587;15977;2026;2;03/02/2026 00:00:00;6074.2024/0009908-9;01238068000176;ASSOCIACAO COMUNITARIA E EDUCACIONAL MARIA DE NAZARE;38370;2024;78;FAASP;Fundo de Abastecimento Alimentar de São Paulo;10;Gabinete do Secretário;14;Direitos da Cidadania;422;Direitos Individuais, Coletivos e Difusos;4010;Segurança Alimentar e Nutricional;4426;Políticas, Programas e Ações de Subsistência, Segurança Alimentar e Nu;SESANA;Segurança Alimentar;SESANA - Políticas;3;Despesas Correntes;3;Outras Despesas Correntes;50;Transferências a Instituições Privadas sem Fins Lucrativos;39;Serviços de Assistência Social;33503900;00.1.500.9001;Recursos não vinculados de Impostos;2;Outras Despesas;5;Outros Serviços de Terceiros - Pessoa Jurídica;78.10.14.422.4010.4426.33503900.00.1.500.9001;42000.0;0.0;42000.0;7000.0;3500.0;0.0;;500;9001;1;02/03/2026 09:48:59;;00;78;33503900;Contratação PJ sem Fins Lucrativos;4426;UND;Termo de Colaboração - Bom Prato - Refeitório Canindé - Unidade Santana - Locação do Veículo;1;42000.0
01;PREFEITURA DO MUNICÍPIO DE SÃO PAULO;14587;15978;2026;2;03/02/2026 00:00:00;6074.2024/0009908-9;01238068000176;ASSOCIACAO COMUNITARIA E EDUCACIONAL MARIA DE NAZARE;38370;2024;78;FAASP;Fundo de Abastecimento Alimentar de São Paulo;10;Gabinete do Secretário;14;Direitos da Cidadania;422;Direitos Individuais, Coletivos e Difusos;4010;Segurança Alimentar e Nutricional;4426;Políticas, Programas e Ações de Subsistência, Segurança Alimentar e Nu;SESANA;Segurança Alimentar;SESANA - Políticas;3;Despesas Correntes;3;Outras Despesas Correntes;50;Transferências a Instituições Privadas sem Fins Lucrativos;39;Serviços de Assistência Social;33503900;00.1.500.9001;Recursos não vinculados de Impostos;2;Outras Despesas;5;Outros Serviços de Terceiros - Pessoa Jurídica;78.10.14.422.4010.4426.33503900.00.1.500.9001;498767.25;0.0;498767.25;110020.44;102445.0;0.0;;500;9001;1;02/03/2026 09:48:59;;00;78;33503900;Contratação PJ sem Fins Lucrativos;4426;UND;Termo de Colaboração - Bom Prato - Refeitório Canindé - Unidade Santana  - Refeições;1;498767.25
01;PREFEITURA DO MUNICÍPIO DE SÃO PAULO;14587;15979;2026;2;03/02/2026 00:00:00;6074.2024/0009908-9;01238068000176;ASSOCIACAO COMUNITARIA E EDUCACIONAL MARIA DE NAZARE;38370;2024;78;FAASP;Fundo de Abastecimento Alimentar de São Paulo;10;Gabinete do Secretário;14;Direitos da Cidadania;422;Direitos Individuais, Coletivos e Difusos;4010;Segurança Alimentar e Nutricional;4426;Políticas, Programas e Ações de Subsistência, Segurança Alimentar e Nu;SESANA;Segurança Alimentar;SESANA - Políticas;3;Despesas Correntes;3;Outras Despesas Correntes;50;Transferências a Instituições Privadas sem Fins Lucrativos;39;Serviços de Assistência Social;33503900;00.1.500.9001;Recursos não vinculados de Impostos;2;Remuneração de Pessoal;5;Outros Serviços de Terceiros - Pessoa Jurídica;78.10.14.422.4010.4426.33503900.00.1.500.9001;180255.75;0.0;180255.75;36673.44;34148.3;0.0;;500;9001;1;02/03/2026 09:48:59;;00;78;33503900;Contratação PJ sem Fins Lucrativos;4426;UND;Termo de Colaboração - Bom Prato - Refeitório Canindé - Unidade Santana - Refeições e Transporte das Refeições;1;180255.75
01;PREFEITURA DO MUNICÍPIO DE SÃO PAULO;15287;16799;2026;2;05/02/2026 00:00:00;6074.2023/0004042-2;54277744000187;INSTITUTO MACEDONIA;20716;2023;78;FAASP;Fundo de Abastecimento Alimentar de São Paulo;10;Gabinete do Secretário;14;Direitos da Cidadania;422;Direitos Individuais, Coletivos e Difusos;4010;Segurança Alimentar e Nutricional;4426;Políticas, Programas e Ações de Subsistência, Segurança Alimentar e Nu;SESANA;Segurança Alimentar;SESANA - Políticas;3;Despesas Correntes;3;Outras Despesas Correntes;50;Transferências a Instituições Privadas sem Fins Lucrativos;39;Serviços de Assistência Social;33503900;00.1.500.9001;Recursos não vinculados de Impostos;2;Outras Despesas;5;Outros Serviços de Terceiros - Pessoa Jurídica;78.10.14.422.4010.4426.33503900.00.1.500.9001;1319332.35;0.0;1319332.35;376952.1;376952.1;0.0;;500;9001;1;02/03/2026 09:48:59;;00;78;33503900;Contratação PJ sem Fins Lucrativos;4426;UND;Termo de Aditamento nº 002 - TCL/031/2023/SMDHC/SESANA - Rede cozinha.;1;1319332.35
01;PREFEITURA DO MUNICÍPIO DE SÃO PAULO;15287;16803;2026;2;05/02/2026 00:00:00;6074.2023/0004042-2;54277744000187;INSTITUTO MACEDONIA;20716;2023;78;FAASP;Fundo de Abastecimento Alimentar de São Paulo;10;Gabinete do Secretário;14;Direitos da Cidadania;422;Direitos Individuais, Coletivos e Difusos;4010;Segurança Alimentar e Nutricional;4426;Políticas, Programas e Ações de Subsistência, Segurança Alimentar e Nu;SESANA;Segurança Alimentar;SESANA - Políticas;3;Despesas Correntes;3;Outras Despesas Correntes;50;Transferências a Instituições Privadas sem Fins Lucrativos;39;Serviços de Assistência Social;33503900;00.1.500.9001;Recursos não vinculados de Impostos;2;Remuneração de Pessoal;5;Outros Serviços de Terceiros - Pessoa Jurídica;78.10.14.422.4010.4426.33503900.00.1.500.9001;215290.6;0.0;215290.6;61511.6;61511.6;0.0;;500;9001;1;02/03/2026 09:48:59;;00;78;33503900;Contratação PJ sem Fins Lucrativos;4426;UND;Termo de Aditamento nº 002 - TCL/031/2023/SMDHC/SESANA - Rede cozinha.;1;215290.6
01;PREFEITURA DO MUNICÍPIO DE SÃO PAULO;15581;17153;2026;2;05/02/2026 00:00:00;6074.2024/0010455-4;01309460000169;INSTITUTO PROPAV;39291;2024;78;FAASP;Fundo de Abastecimento Alimentar de São Paulo;10;Gabinete do Secretário;14;Direitos da Cidadania;422;Direitos Individuais, Coletivos e Difusos;4010;Segurança Alimentar e Nutricional;4426;Políticas, Programas e Ações de Subsistência, Segurança Alimentar e Nu;SESANA;Segurança Alimentar;SESANA - Políticas;3;Despesas Correntes;3;Outras Despesas Correntes;50;Transferências a Instituições Privadas sem Fins Lucrativos;39;Serviços de Assistência Social;33503900;00.1.500.9001;Recursos não vinculados de Impostos;2;Outras Despesas;5;Outros Serviços de Terceiros - Pessoa Jurídica;78.10.14.422.4010.4426.33503900.00.1.500.9001;42000.0;0.0;42000.0;7000.0;3500.0;0.0;;500;9001;1;02/03/2026 09:48:59;;00;78;33503900;Contratação PJ sem Fins Lucrativos;4426;UND;Termo de Colaboração - Bom Prato Refeitório Mauá - Unidade Limão - Locação de Veículo;1;42000.0
01;PREFEITURA DO MUNICÍPIO DE SÃO PAULO;15581;17154;2026;2;05/02/2026 00:00:00;6074.2024/0010455-4;01309460000169;INSTITUTO PROPAV;39291;2024;78;FAASP;Fundo de Abastecimento Alimentar de São Paulo;10;Gabinete do Secretário;14;Direitos da Cidadania;422;Direitos Individuais, Coletivos e Difusos;4010;Segurança Alimentar e Nutricional;4426;Políticas, Programas e Ações de Subsistência, Segurança Alimentar e Nu;SESANA;Segurança Alimentar;SESANA - Políticas;3;Despesas Correntes;3;Outras Despesas Correntes;50;Transferências a Instituições Privadas sem Fins Lucrativos;39;Serviços de Assistência Social;33503900;00.1.500.9001;Recursos não vinculados de Impostos;2;Outras Despesas;5;Outros Serviços de Terceiros - Pessoa Jurídica;78.10.14.422.4010.4426.33503900.00.1.500.9001;830028.8;0.0;830028.8;170701.77;156743.07;0.0;;500;9001;1;02/03/2026 09:48:59;;00;78;33503900;Contratação PJ sem Fins Lucrativos;4426;UND;Termo de Colaboração - Bom Prato Refeitório Mauá - Unidade Limão - Refeições e transporte de refeições;1;830028.8
01;PREFEITURA DO MUNICÍPIO DE SÃO PAULO;15581;17156;2026;2;05/02/2026 00:00:00;6074.2024/0010455-4;01309460000169;INSTITUTO PROPAV;39291;2024;78;FAASP;Fundo de Abastecimento Alimentar de São Paulo;10;Gabinete do Secretário;14;Direitos da Cidadania;422;Direitos Individuais, Coletivos e Difusos;4010;Segurança Alimentar e Nutricional;4426;Políticas, Programas e Ações de Subsistência, Segurança Alimentar e Nu;SESANA;Segurança Alimentar;SESANA - Políticas;3;Despesas Correntes;3;Outras Despesas Correntes;50;Transferências a Instituições Privadas sem Fins Lucrativos;39;Serviços de Assistência Social;33503900;00.1.500.9001;Recursos não vinculados de Impostos;2;Remuneração de Pessoal;5;Outros Serviços de Terceiros - Pessoa Jurídica;78.10.14.422.4010.4426.33503900.00.1.500.9001;322531.2;0.0;322531.2;63136.23;57973.43;0.0;;500;9001;1;02/03/2026 09:48:59;;00;78;33503900;Contratação PJ sem Fins Lucrativos;4426;UND;Termo de Colaboração - Bom Prato Refeitório Mauá - Unidade Limão - Refeições e transporte de refeições;1;322531.2
01;PREFEITURA DO MUNICÍPIO DE SÃO PAULO;3070;25791;2026;2;20/02/2026 00:00:00;6074.2023/0011305-5;39277486000145;INSTITUTO PRA CIMA ZONA LESTE;856;2024;78;FAASP;Fundo de Abastecimento Alimentar de São Paulo;10;Gabinete do Secretário;14;Direitos da Cidadania;422;Direitos Individuais, Coletivos e Difusos;4010;Segurança Alimentar e Nutricional;4426;Políticas, Programas e Ações de Subsistência, Segurança Alimentar e Nu;SESANA;Segurança Alimentar;SESANA - Políticas;3;Despesas Correntes;3;Outras Despesas Correntes;50;Transferências a Instituições Privadas sem Fins Lucrativos;39;Serviços de Assistência Social;33503900;00.1.500.9001;Recursos não vinculados de Impostos;2;Outras Despesas;5;Outros Serviços de Terceiros - Pessoa Jurídica;78.10.14.422.4010.4426.33503900.00.1.500.9001;2261712.6;2261712.6;0.0;0.0;0.0;0.0;;500;9001;1;02/03/2026 09:48:59;;00;78;33503900;Contratação PJ sem Fins Lucrativos;4426;UN;TCL/004/2024/SMDHC/SESANA;1;2261712.6
01;PREFEITURA DO MUNICÍPIO DE SÃO PAULO;3070;25794;2026;2;20/02/2026 00:00:00;6074.2023/0011305-5;39277486000145;INSTITUTO PRA CIMA ZONA LESTE;856;2024;78;FAASP;Fundo de Abastecimento Alimentar de São Paulo;10;Gabinete do Secretário;14;Direitos da Cidadania;422;Direitos Individuais, Coletivos e Difusos;4010;Segurança Alimentar e Nutricional;4426;Políticas, Programas e Ações de Subsistência, Segurança Alimentar e Nu;SESANA;Segurança Alimentar;SESANA - Políticas;3;Despesas Correntes;3;Outras Despesas Correntes;50;Transferências a Instituições Privadas sem Fins Lucrativos;39;Serviços de Assistência Social;33503900;00.1.500.9001;Recursos não vinculados de Impostos;2;Remuneração de Pessoal;5;Outros Serviços de Terceiros - Pessoa Jurídica;78.10.14.422.4010.4426.33503900.00.1.500.9001;369069.59;369069.59;0.0;0.0;0.0;0.0;;500;9001;1;02/03/2026 09:48:59;;00;78;33503900;Contratação PJ sem Fins Lucrativos;4426;UN;TCL/004/2024/SMDHC/SESANA;1;369069.59
01;PREFEITURA DO MUNICÍPIO DE SÃO PAULO;12293;25852;2026;2;20/02/2026 00:00:00;6074.2023/0011300-4;41964128000152;ASSOCIACAO ELO FRATERNO;963;2024;78;FAASP;Fundo de Abastecimento Alimentar de São Paulo;10;Gabinete do Secretário;14;Direitos da Cidadania;422;Direitos Individuais, Coletivos e Difusos;4010;Segurança Alimentar e Nutricional;4426;Políticas, Programas e Ações de Subsistência, Segurança Alimentar e Nu;SESANA;Segurança Alimentar;SESANA - Políticas;3;Despesas Correntes;3;Outras Despesas Correntes;50;Transferências a Instituições Privadas sem Fins Lucrativos;39;Serviços de Assistência Social;33503900;00.1.500.9001;Recursos não vinculados de Impostos;2;Outras Despesas;5;Outros Serviços de Terceiros - Pessoa Jurídica;78.10.14.422.4010.4426.33503900.00.1.500.9001;2073236.55;0.0;2073236.55;0.0;0.0;0.0;;500;9001;1;02/03/2026 09:48:59;;00;78;33503900;Contratação PJ sem Fins Lucrativos;4426;UN;TCL/002/2024/SMDHC/SESANA;1;2073236.55
01;PREFEITURA DO MUNICÍPIO DE SÃO PAULO;12293;25853;2026;2;20/02/2026 00:00:00;6074.2023/0011300-4;41964128000152;ASSOCIACAO ELO FRATERNO;963;2024;78;FAASP;Fundo de Abastecimento Alimentar de São Paulo;10;Gabinete do Secretário;14;Direitos da Cidadania;422;Direitos Individuais, Coletivos e Difusos;4010;Segurança Alimentar e Nutricional;4426;Políticas, Programas e Ações de Subsistência, Segurança Alimentar e Nu;SESANA;Segurança Alimentar;SESANA - Políticas;3;Despesas Correntes;3;Outras Despesas Correntes;50;Transferências a Instituições Privadas sem Fins Lucrativos;39;Serviços de Assistência Social;33503900;00.1.500.9001;Recursos não vinculados de Impostos;2;Remuneração de Pessoal;5;Outros Serviços de Terceiros - Pessoa Jurídica;78.10.14.422.4010.4426.33503900.00.1.500.9001;338313.79;0.0;338313.79;0.0;0.0;0.0;;500;9001;1;02/03/2026 09:48:59;;00;78;33503900;Contratação PJ sem Fins Lucrativos;4426;UN;TCL/002/2024/SMDHC/SESANA;1;338313.79
01;PREFEITURA DO MUNICÍPIO DE SÃO PAULO;3070;25866;2026;2;20/02/2026 00:00:00;6074.2023/0011305-5;39277486000145;INSTITUTO PRA CIMA ZONA LESTE;856;2024;78;FAASP;Fundo de Abastecimento Alimentar de São Paulo;10;Gabinete do Secretário;14;Direitos da Cidadania;422;Direitos Individuais, Coletivos e Difusos;4010;Segurança Alimentar e Nutricional;4426;Políticas, Programas e Ações de Subsistência, Segurança Alimentar e Nu;SESANA;Segurança Alimentar;SESANA - Políticas;3;Despesas Correntes;3;Outras Despesas Correntes;50;Transferências a Instituições Privadas sem Fins Lucrativos;39;Serviços de Assistência Social;33503900;00.1.500.9001;Recursos não vinculados de Impostos;2;Outras Despesas;5;Outros Serviços de Terceiros - Pessoa Jurídica;78.10.14.422.4010.4426.33503900.00.1.500.9001;2073236.55;0.0;2073236.55;0.0;0.0;0.0;;500;9001;1;02/03/2026 09:48:59;;00;78;33503900;Contratação PJ sem Fins Lucrativos;4426;UN;TCL/002/2024/SMDHC/SESANA;1;2073236.55
01;PREFEITURA DO MUNICÍPIO DE SÃO PAULO;3070;25867;2026;2;20/02/2026 00:00:00;6074.2023/0011305-5;39277486000145;INSTITUTO PRA CIMA ZONA LESTE;856;2024;78;FAASP;Fundo de Abastecimento Alimentar de São Paulo;10;Gabinete do Secretário;14;Direitos da Cidadania;422;Direitos Individuais, Coletivos e Difusos;4010;Segurança Alimentar e Nutricional;4426;Políticas, Programas e Ações de Subsistência, Segurança Alimentar e Nu;SESANA;Segurança Alimentar;SESANA - Políticas;3;Despesas Correntes;3;Outras Despesas Correntes;50;Transferências a Instituições Privadas sem Fins Lucrativos;39;Serviços de Assistência Social;33503900;00.1.500.9001;Recursos não vinculados de Impostos;2;Remuneração de Pessoal;5;Outros Serviços de Terceiros - Pessoa Jurídica;78.10.14.422.4010.4426.33503900.00.1.500.9001;338313.79;0.0;338313.79;0.0;0.0;0.0;;500;9001;1;02/03/2026 09:48:59;;00;78;33503900;Contratação PJ sem Fins Lucrativos;4426;UN;TCL/002/2024/SMDHC/SESANA;1;338313.79
01;PREFEITURA DO MUNICÍPIO DE SÃO PAULO;18829;25974;2026;2;23/02/2026 00:00:00;6017.2022/0021688-9;60850575000125;CIA METROPOLITANA DE HABITACAO DE SAO PAULO COHAB SP;-1;-1;78;FAASP;Fundo de Abastecimento Alimentar de São Paulo;10;Gabinete do Secretário;14;Direitos da Cidadania;422;Direitos Individuais, Coletivos e Difusos;4010;Segurança Alimentar e Nutricional;4426;Políticas, Programas e Ações de Subsistência, Segurança Alimentar e Nu;SESANA;Segurança Alimentar;SESANA - Políticas;3;Despesas Correntes;3;Outras Despesas Correntes;91;Apl.Dir.Dec.Op. entre Órgãos,Fundos e Ent.Int.Orç.Fiscal e Seg.Social;39;Locação de Imóveis;33913900;00.1.500.9001;Recursos não vinculados de Impostos;0;Locação de Imóveis;1;Outros Serviços de Terceiros - Pessoa Jurídica;78.10.14.422.4010.4426.33913900.00.1.500.9001;1344000.0;0.0;1344000.0;112000.0;0.0;0.0;;500;9001;1;02/03/2026 09:48:59;;00;78;33913900;Transferência entre Órgãos;4426;UND;" Locação de terreno localizado à Av. Arq. Vila Nova Artigas nº 1.900, - Jd. Sapopemba - SP, área ocupada pelo Mercado Municipal
Teotônio Vilela";12;112000.0
01;PREFEITURA DO MUNICÍPIO DE SÃO PAULO;18829;25978;2026;2;23/02/2026 00:00:00;6017.2022/0021688-9;60850575000125;CIA METROPOLITANA DE HABITACAO DE SAO PAULO COHAB SP;-1;-1;78;FAASP;Fundo de Abastecimento Alimentar de São Paulo;10;Gabinete do Secretário;14;Direitos da Cidadania;422;Direitos Individuais, Coletivos e Difusos;4010;Segurança Alimentar e Nutricional;4426;Políticas, Programas e Ações de Subsistência, Segurança Alimentar e Nu;SESANA;Segurança Alimentar;SESANA - Políticas;3;Despesas Correntes;3;Outras Despesas Correntes;91;Apl.Dir.Dec.Op. entre Órgãos,Fundos e Ent.Int.Orç.Fiscal e Seg.Social;39;Locação de Imóveis;33913900;00.1.500.9001;Recursos não vinculados de Impostos;0;Locação de Imóveis;1;Outros Serviços de Terceiros - Pessoa Jurídica;78.10.14.422.4010.4426.33913900.00.1.500.9001;62720.0;0.0;62720.0;0.0;0.0;0.0;;500;9001;1;02/03/2026 09:48:59;;00;78;33913900;Transferência entre Órgãos;4426;UND;Locação de terreno localizado à Av. Arq. Vila Nova Artigas nº 1.900, - Jd. Sapopemba - SP, área ocupada pelo Mercado Municipal - Teotônio Vilela - Reajuste estimado.;1;62720.0
01;PREFEITURA DO MUNICÍPIO DE SÃO PAULO;19289;26094;2026;2;23/02/2026 00:00:00;6074.2020/0002779-0;07019669000174;GRANTERRA COMERCIO DE ALIMENTOS LTDA;3495;2021;78;FAASP;Fundo de Abastecimento Alimentar de São Paulo;10;Gabinete do Secretário;14;Direitos da Cidadania;422;Direitos Individuais, Coletivos e Difusos;4010;Segurança Alimentar e Nutricional;4426;Políticas, Programas e Ações de Subsistência, Segurança Alimentar e Nu;SESANA;Segurança Alimentar;SESANA - Políticas;3;Despesas Correntes;3;Outras Despesas Correntes;90;Aplicações Diretas;32;Mercadorias para Doação;33903200;00.1.500.9001;Recursos não vinculados de Impostos;0;Cestas Básicas;0;Material, Bem ou Serviço para Distribuição Gratuita;78.10.14.422.4010.4426.33903200.00.1.500.9001;2519880.0;0.0;2519880.0;0.0;0.0;0.0;;500;9001;1;02/03/2026 09:48:59;;00;78;33903200;Cestas Básicas;4426;uni;Fornecimento de cestas de suprimento alimentar (cesta básica), destinadas à população em situação de extrema vulnerabilidade - 36.520 unidades - Principal.;36520;69.0
01;PREFEITURA DO MUNICÍPIO DE SÃO PAULO;19289;26114;2026;2;23/02/2026 00:00:00;6074.2020/0002779-0;07019669000174;GRANTERRA COMERCIO DE ALIMENTOS LTDA;3495;2021;78;FAASP;Fundo de Abastecimento Alimentar de São Paulo;10;Gabinete do Secretário;14;Direitos da Cidadania;422;Direitos Individuais, Coletivos e Difusos;4010;Segurança Alimentar e Nutricional;4426;Políticas, Programas e Ações de Subsistência, Segurança Alimentar e Nu;SESANA;Segurança Alimentar;SESANA - Políticas;3;Despesas Correntes;3;Outras Despesas Correntes;90;Aplicações Diretas;32;Mercadorias para Doação;33903200;00.1.500.9001;Recursos não vinculados de Impostos;0;Cestas Básicas;0;Material, Bem ou Serviço para Distribuição Gratuita;78.10.14.422.4010.4426.33903200.00.1.500.9001;616457.6;0.0;616457.6;0.0;0.0;0.0;;500;9001;1;02/03/2026 09:48:59;;00;78;33903200;Cestas Básicas;4426;uni;Fornecimento de cestas de suprimento alimentar (cesta básica), destinadas à população em situação de extrema vulnerabilidade - 36.520 unidades - Reajuste.;36520;16.88
01;PREFEITURA DO MUNICÍPIO DE SÃO PAULO;16837;26171;2026;2;23/02/2026 00:00:00;6074.2024/0010455-4;01309460000169;INSTITUTO PROPAV;39291;2024;78;FAASP;Fundo de Abastecimento Alimentar de São Paulo;10;Gabinete do Secretário;14;Direitos da Cidadania;422;Direitos Individuais, Coletivos e Difusos;4010;Segurança Alimentar e Nutricional;4426;Políticas, Programas e Ações de Subsistência, Segurança Alimentar e Nu;SESANA;Segurança Alimentar;SESANA - Políticas;3;Despesas Correntes;3;Outras Despesas Correntes;50;Transferências a Instituições Privadas sem Fins Lucrativos;39;Serviços de Assistência Social;33503900;00.1.500.9001;Recursos não vinculados de Impostos;2;Outras Despesas;5;Outros Serviços de Terceiros - Pessoa Jurídica;78.10.14.422.4010.4426.33503900.00.1.500.9001;582787.47;0.0;582787.47;0.0;0.0;0.0;;500;9001;1;02/03/2026 09:48:59;;00;78;33503900;Contratação PJ sem Fins Lucrativos;4426;UN;Termo de Colaboração - Bom Prato Refeitório Mauá - Unidade Limão - Refeições e transporte de refeições.;1;582787.47
01;PREFEITURA DO MUNICÍPIO DE SÃO PAULO;16837;26172;2026;2;23/02/2026 00:00:00;6074.2024/0010455-4;01309460000169;INSTITUTO PROPAV;39291;2024;78;FAASP;Fundo de Abastecimento Alimentar de São Paulo;10;Gabinete do Secretário;14;Direitos da Cidadania;422;Direitos Individuais, Coletivos e Difusos;4010;Segurança Alimentar e Nutricional;4426;Políticas, Programas e Ações de Subsistência, Segurança Alimentar e Nu;SESANA;Segurança Alimentar;SESANA - Políticas;3;Despesas Correntes;3;Outras Despesas Correntes;50;Transferências a Instituições Privadas sem Fins Lucrativos;39;Serviços de Assistência Social;33503900;00.1.500.9001;Recursos não vinculados de Impostos;2;Remuneração de Pessoal;5;Outros Serviços de Terceiros - Pessoa Jurídica;78.10.14.422.4010.4426.33503900.00.1.500.9001;215551.53;0.0;215551.53;0.0;0.0;0.0;;500;9001;1;02/03/2026 09:48:59;;00;78;33503900;Contratação PJ sem Fins Lucrativos;4426;UN;Termo de Colaboração - Bom Prato Refeitório Mauá - Unidade Limão - Refeições e transporte de refeições;1;215551.53
01;PREFEITURA DO MUNICÍPIO DE SÃO PAULO;16834;26201;2026;2;23/02/2026 00:00:00;6074.2024/0009908-9;01238068000176;ASSOCIACAO COMUNITARIA E EDUCACIONAL MARIA DE NAZARE;38370;2024;78;FAASP;Fundo de Abastecimento Alimentar de São Paulo;10;Gabinete do Secretário;14;Direitos da Cidadania;422;Direitos Individuais, Coletivos e Difusos;4010;Segurança Alimentar e Nutricional;4426;Políticas, Programas e Ações de Subsistência, Segurança Alimentar e Nu;SESANA;Segurança Alimentar;SESANA - Políticas;3;Despesas Correntes;3;Outras Despesas Correntes;50;Transferências a Instituições Privadas sem Fins Lucrativos;39;Serviços de Assistência Social;33503900;00.1.500.9001;Recursos não vinculados de Impostos;2;Outras Despesas;5;Outros Serviços de Terceiros - Pessoa Jurídica;78.10.14.422.4010.4426.33503900.00.1.500.9001;354078.0;0.0;354078.0;0.0;0.0;0.0;;500;9001;1;02/03/2026 09:48:59;;00;78;33503900;Contratação PJ sem Fins Lucrativos;4426;UN;Termo de Colaboração - Bom Prato - Refeitório Canindé - Unidade Santana - Refeições e Transporte das Refeições.;1;354078.0
01;PREFEITURA DO MUNICÍPIO DE SÃO PAULO;16834;26205;2026;2;23/02/2026 00:00:00;6074.2024/0009908-9;01238068000176;ASSOCIACAO COMUNITARIA E EDUCACIONAL MARIA DE NAZARE;38370;2024;78;FAASP;Fundo de Abastecimento Alimentar de São Paulo;10;Gabinete do Secretário;14;Direitos da Cidadania;422;Direitos Individuais, Coletivos e Difusos;4010;Segurança Alimentar e Nutricional;4426;Políticas, Programas e Ações de Subsistência, Segurança Alimentar e Nu;SESANA;Segurança Alimentar;SESANA - Políticas;3;Despesas Correntes;3;Outras Despesas Correntes;50;Transferências a Instituições Privadas sem Fins Lucrativos;39;Serviços de Assistência Social;33503900;00.1.500.9001;Recursos não vinculados de Impostos;2;Remuneração de Pessoal;5;Outros Serviços de Terceiros - Pessoa Jurídica;78.10.14.422.4010.4426.33503900.00.1.500.9001;118026.0;0.0;118026.0;0.0;0.0;0.0;;500;9001;1;02/03/2026 09:48:59;;00;78;33503900;Contratação PJ sem Fins Lucrativos;4426;UN;Termo de Colaboração - Bom Prato - Refeitório Canindé - Unidade Santana - Refeições e Transporte das Refeições.;1;118026.0
01;PREFEITURA DO MUNICÍPIO DE SÃO PAULO;19415;26225;2026;2;23/02/2026 00:00:00;6074.2024/0009905-4;00209292000177;ASSOCIAÇÃO DAS DONAS DE CASA DE GUAIANASES;38364;2024;78;FAASP;Fundo de Abastecimento Alimentar de São Paulo;10;Gabinete do Secretário;14;Direitos da Cidadania;422;Direitos Individuais, Coletivos e Difusos;4010;Segurança Alimentar e Nutricional;4426;Políticas, Programas e Ações de Subsistência, Segurança Alimentar e Nu;SESANA;Segurança Alimentar;SESANA - Políticas;3;Despesas Correntes;3;Outras Despesas Correntes;50;Transferências a Instituições Privadas sem Fins Lucrativos;39;Serviços de Assistência Social;33503900;00.1.500.9001;Recursos não vinculados de Impostos;2;Outras Despesas;5;Outros Serviços de Terceiros - Pessoa Jurídica;78.10.14.422.4010.4426.33503900.00.1.500.9001;343993.5;0.0;343993.5;0.0;0.0;0.0;;500;9001;1;02/03/2026 09:48:59;;00;78;33503900;Contratação PJ sem Fins Lucrativos;4426;UN;Termo de Colaboração - Bom Prato Guaianases (Refeitório Cidade Tiradentes) - Refeições e Transporte de Refeições;1;343993.5
01;PREFEITURA DO MUNICÍPIO DE SÃO PAULO;19415;26230;2026;2;23/02/2026 00:00:00;6074.2024/0009905-4;00209292000177;ASSOCIAÇÃO DAS DONAS DE CASA DE GUAIANASES;38364;2024;78;FAASP;Fundo de Abastecimento Alimentar de São Paulo;10;Gabinete do Secretário;14;Direitos da Cidadania;422;Direitos Individuais, Coletivos e Difusos;4010;Segurança Alimentar e Nutricional;4426;Políticas, Programas e Ações de Subsistência, Segurança Alimentar e Nu;SESANA;Segurança Alimentar;SESANA - Políticas;3;Despesas Correntes;3;Outras Despesas Correntes;50;Transferências a Instituições Privadas sem Fins Lucrativos;39;Serviços de Assistência Social;33503900;00.1.500.9001;Recursos não vinculados de Impostos;2;Remuneração de Pessoal;5;Outros Serviços de Terceiros - Pessoa Jurídica;78.10.14.422.4010.4426.33503900.00.1.500.9001;114664.5;0.0;114664.5;0.0;0.0;0.0;;500;9001;1;02/03/2026 09:48:59;;00;78;33503900;Contratação PJ sem Fins Lucrativos;4426;UN;Termo de Colaboração - Bom Prato Guaianases (Refeitório Cidade Tiradentes) - Refeições e Transporte de Refeições;1;114664.5
01;PREFEITURA DO MUNICÍPIO DE SÃO PAULO;19926;26845;2026;2;25/02/2026 00:00:00;6074.2021/0000758-8;10764533000101;AZUL TRANSPORTES E TURISMO LTDA;8320;2021;78;FAASP;Fundo de Abastecimento Alimentar de São Paulo;10;Gabinete do Secretário;14;Direitos da Cidadania;422;Direitos Individuais, Coletivos e Difusos;4010;Segurança Alimentar e Nutricional;4426;Políticas, Programas e Ações de Subsistência, Segurança Alimentar e Nu;SESANA;Segurança Alimentar;SESANA - Políticas;3;Despesas Correntes;3;Outras Despesas Correntes;90;Aplicações Diretas;39;Serviço de Apoio Administrativo, Técnico e Operacional;33903900;00.1.500.9001;Recursos não vinculados de Impostos;9;Outros Serviços de Apoio Administrativo, Técnico e Operacional;7;Outros Serviços de Terceiros - Pessoa Jurídica;78.10.14.422.4010.4426.33903900.00.1.500.9001;264309.96;0.0;264309.96;0.0;0.0;0.0;;500;9001;1;02/03/2026 09:48:59;;00;78;33903900;Contratação PJ com Fins Lucrativos;4426;UND;Termo de Contrato nº 049/SMDHC/2021 - Prestação de serviço de logística de recebimento e distribuição de refeições - Principal - RCC.;1;264309.96
01;PREFEITURA DO MUNICÍPIO DE SÃO PAULO;19926;26847;2026;2;25/02/2026 00:00:00;6074.2021/0000758-8;10764533000101;AZUL TRANSPORTES E TURISMO LTDA;8320;2021;78;FAASP;Fundo de Abastecimento Alimentar de São Paulo;10;Gabinete do Secretário;14;Direitos da Cidadania;422;Direitos Individuais, Coletivos e Difusos;4010;Segurança Alimentar e Nutricional;4426;Políticas, Programas e Ações de Subsistência, Segurança Alimentar e Nu;SESANA;Segurança Alimentar;SESANA - Políticas;3;Despesas Correntes;3;Outras Despesas Correntes;90;Aplicações Diretas;39;Serviço de Apoio Administrativo, Técnico e Operacional;33903900;00.1.500.9001;Recursos não vinculados de Impostos;9;Outros Serviços de Apoio Administrativo, Técnico e Operacional;7;Outros Serviços de Terceiros - Pessoa Jurídica;78.10.14.422.4010.4426.33903900.00.1.500.9001;48712.32;0.0;48712.32;0.0;0.0;0.0;;500;9001;1;02/03/2026 09:48:59;;00;78;33903900;Contratação PJ com Fins Lucrativos;4426;UND;Termo de Contrato nº 049/SMDHC/2021 - Prestação de serviço de logística de recebimento e distribuição de refeições - Reajuste - RCC.;1;48712.32
01;PREFEITURA DO MUNICÍPIO DE SÃO PAULO;2772;27097;2026;2;25/02/2026 00:00:00;6074.2023/0011912-6;58932419000161;ASSOCIACAO CULTURAL PARA DESENVOLVIMENTO EDUCACIONAL UNINDO FORCAS;2760;2024;78;FAASP;Fundo de Abastecimento Alimentar de São Paulo;10;Gabinete do Secretário;14;Direitos da Cidadania;422;Direitos Individuais, Coletivos e Difusos;4010;Segurança Alimentar e Nutricional;4426;Políticas, Programas e Ações de Subsistência, Segurança Alimentar e Nu;SESANA;Segurança Alimentar;SESANA - Políticas;3;Despesas Correntes;3;Outras Despesas Correntes;50;Transferências a Instituições Privadas sem Fins Lucrativos;39;Serviços de Assistência Social;33503900;00.1.500.9001;Recursos não vinculados de Impostos;2;Outras Despesas;5;Outros Serviços de Terceiros - Pessoa Jurídica;78.10.14.422.4010.4426.33503900.00.1.500.9001;1884760.5;0.0;1884760.5;0.0;0.0;0.0;;500;9001;1;02/03/2026 09:48:59;;00;78;33503900;Contratação PJ sem Fins Lucrativos;4426;UN;TCL/009/2024/SMDHC/SESANA;1;1884760.5
01;PREFEITURA DO MUNICÍPIO DE SÃO PAULO;2772;27100;2026;2;25/02/2026 00:00:00;6074.2023/0011912-6;58932419000161;ASSOCIACAO CULTURAL PARA DESENVOLVIMENTO EDUCACIONAL UNINDO FORCAS;2760;2024;78;FAASP;Fundo de Abastecimento Alimentar de São Paulo;10;Gabinete do Secretário;14;Direitos da Cidadania;422;Direitos Individuais, Coletivos e Difusos;4010;Segurança Alimentar e Nutricional;4426;Políticas, Programas e Ações de Subsistência, Segurança Alimentar e Nu;SESANA;Segurança Alimentar;SESANA - Políticas;3;Despesas Correntes;3;Outras Despesas Correntes;50;Transferências a Instituições Privadas sem Fins Lucrativos;39;Serviços de Assistência Social;33503900;00.1.500.9001;Recursos não vinculados de Impostos;2;Remuneração de Pessoal;5;Outros Serviços de Terceiros - Pessoa Jurídica;78.10.14.422.4010.4426.33503900.00.1.500.9001;307558.0;0.0;307558.0;0.0;0.0;0.0;;500;9001;1;02/03/2026 09:48:59;;00;78;33503900;Contratação PJ sem Fins Lucrativos;4426;UN;TCL/009/2024/SMDHC/SESANA;1;307558.0
01;PREFEITURA DO MUNICÍPIO DE SÃO PAULO;20880;27877;2026;2;26/02/2026 00:00:00;6074.2024/0007345-4;46664862000110;MARCELO MOREIRA CABRAL 28656246844;6096;2026;78;FAASP;Fundo de Abastecimento Alimentar de São Paulo;10;Gabinete do Secretário;14;Direitos da Cidadania;422;Direitos Individuais, Coletivos e Difusos;4010;Segurança Alimentar e Nutricional;4426;Políticas, Programas e Ações de Subsistência, Segurança Alimentar e Nu;SESANA;Segurança Alimentar;SESANA - Políticas;3;Despesas Correntes;3;Outras Despesas Correntes;90;Aplicações Diretas;39;Fornecimento de Alimentação;33903900;00.1.500.9001;Recursos não vinculados de Impostos;9;Refeições Prontas;4;Outros Serviços de Terceiros - Pessoa Jurídica;78.10.14.422.4010.4426.33903900.00.1.500.9001;222000.0;0.0;222000.0;0.0;0.0;0.0;;500;9001;1;02/03/2026 09:48:59;;00;78;33903900;Contratação PJ com Fins Lucrativos;4426;UND;Prestação de serviço de fornecimento de refeições prontas para o Programa Rede Cozinha Cidadã, no período de 28/11/2026 a 12/05/2026;1;222000.0
01;PREFEITURA DO MUNICÍPIO DE SÃO PAULO;20880;27878;2026;2;26/02/2026 00:00:00;6074.2024/0007345-4;41829314000189;CANTINA ANADOM LTDA;6097;2026;78;FAASP;Fundo de Abastecimento Alimentar de São Paulo;10;Gabinete do Secretário;14;Direitos da Cidadania;422;Direitos Individuais, Coletivos e Difusos;4010;Segurança Alimentar e Nutricional;4426;Políticas, Programas e Ações de Subsistência, Segurança Alimentar e Nu;SESANA;Segurança Alimentar;SESANA - Políticas;3;Despesas Correntes;3;Outras Despesas Correntes;90;Aplicações Diretas;39;Fornecimento de Alimentação;33903900;00.1.500.9001;Recursos não vinculados de Impostos;9;Refeições Prontas;4;Outros Serviços de Terceiros - Pessoa Jurídica;78.10.14.422.4010.4426.33903900.00.1.500.9001;222000.0;0.0;222000.0;0.0;0.0;0.0;;500;9001;1;02/03/2026 09:48:59;;00;78;33903900;Contratação PJ com Fins Lucrativos;4426;UND;Prestação de serviço de fornecimento de refeições prontas para o Programa Rede Cozinha Cidadã, no período de 28/11/2026 a 12/05/2026;1;222000.0
01;PREFEITURA DO MUNICÍPIO DE SÃO PAULO;10;4;2026;1;16/01/2026 00:00:00;6074.2023/0002257-2;55446132000133;SOCIEDADE DE CONCERTOS DE SAO PAULO;24;2026;90;FUMCAD;Fundo Municipal dos Direitos da Criança e do Adolescente;10;Fundo Municipal dos Direitos da Criança e do Adolescente;14;Direitos da Cidadania;422;Direitos Individuais, Coletivos e Difusos;4019;Proteção a Crianças e Adolescentes;6160;Ações Permanentes de Promoção dos Direitos da Criança e do Adolescente;FUMCAD;Criança e Adolescente;FUMCAD;3;Despesas Correntes;3;Outras Despesas Correntes;50;Transferências a Instituições Privadas sem Fins Lucrativos;39;Serviços de Assistência Social;33503900;08.1.759.0958;PMSP-SMDHC/FUMCAD;2;Outras Despesas;5;Outros Serviços de Terceiros - Pessoa Jurídica;90.10.14.422.4019.6160.33503900.08.1.759.0958;890812.35;890812.35;0.0;0.0;0.0;0.0;;759;0958;1;02/03/2026 09:49:01;;08;90;33503900;Contratação PJ sem Fins Lucrativos;6160;UN;"Projeto ""Restaurante Baccarelli""";1;890812.35
01;PREFEITURA DO MUNICÍPIO DE SÃO PAULO;10;5;2026;1;16/01/2026 00:00:00;6074.2023/0002257-2;55446132000133;SOCIEDADE DE CONCERTOS DE SAO PAULO;24;2026;90;FUMCAD;Fundo Municipal dos Direitos da Criança e do Adolescente;10;Fundo Municipal dos Direitos da Criança e do Adolescente;14;Direitos da Cidadania;422;Direitos Individuais, Coletivos e Difusos;4019;Proteção a Crianças e Adolescentes;6160;Ações Permanentes de Promoção dos Direitos da Criança e do Adolescente;FUMCAD;Criança e Adolescente;FUMCAD;3;Despesas Correntes;3;Outras Despesas Correntes;50;Transferências a Instituições Privadas sem Fins Lucrativos;39;Serviços de Assistência Social;33503900;08.1.759.0958;PMSP-SMDHC/FUMCAD;2;Remuneração de Pessoal;5;Outros Serviços de Terceiros - Pessoa Jurídica;90.10.14.422.4019.6160.33503900.08.1.759.0958;609754.97;609754.97;0.0;0.0;0.0;0.0;;759;0958;1;02/03/2026 09:49:01;;08;90;33503900;Contratação PJ sem Fins Lucrativos;6160;UN;"Projeto ""Restaurante Baccarelli""";1;609754.97
01;PREFEITURA DO MUNICÍPIO DE SÃO PAULO;226;657;2026;1;19/01/2026 00:00:00;6074.2023/0002307-2;07144360000106;ASSOCIAÇÃO PAULISTA DE APOIO À FAMILIA - APAF;1013;2026;90;FUMCAD;Fundo Municipal dos Direitos da Criança e do Adolescente;10;Fundo Municipal dos Direitos da Criança e do Adolescente;14;Direitos da Cidadania;422;Direitos Individuais, Coletivos e Difusos;4019;Proteção a Crianças e Adolescentes;6160;Ações Permanentes de Promoção dos Direitos da Criança e do Adolescente;FUMCAD;Criança e Adolescente;FUMCAD;3;Despesas Correntes;3;Outras Despesas Correntes;50;Transferências a Instituições Privadas sem Fins Lucrativos;39;Serviços de Assistência Social;33503900;08.1.759.0958;PMSP-SMDHC/FUMCAD;2;Outras Despesas;5;Outros Serviços de Terceiros - Pessoa Jurídica;90.10.14.422.4019.6160.33503900.08.1.759.0958;229221.74;0.0;229221.74;113250.0;113250.0;0.0;;759;0958;1;02/03/2026 09:49:01;;08;90;33503900;Contratação PJ sem Fins Lucrativos;6160;UN;"Projeto ""Pós Escola Aconchego II""";1;229221.74
01;PREFEITURA DO MUNICÍPIO DE SÃO PAULO;226;661;2026;1;19/01/2026 00:00:00;6074.2023/0002307-2;07144360000106;ASSOCIAÇÃO PAULISTA DE APOIO À FAMILIA - APAF;1013;2026;90;FUMCAD;Fundo Municipal dos Direitos da Criança e do Adolescente;10;Fundo Municipal dos Direitos da Criança e do Adolescente;14;Direitos da Cidadania;422;Direitos Individuais, Coletivos e Difusos;4019;Proteção a Crianças e Adolescentes;6160;Ações Permanentes de Promoção dos Direitos da Criança e do Adolescente;FUMCAD;Criança e Adolescente;FUMCAD;3;Despesas Correntes;3;Outras Despesas Correntes;50;Transferências a Instituições Privadas sem Fins Lucrativos;39;Serviços de Assistência Social;33503900;08.1.759.0958;PMSP-SMDHC/FUMCAD;2;Remuneração de Pessoal;5;Outros Serviços de Terceiros - Pessoa Jurídica;90.10.14.422.4019.6160.33503900.08.1.759.0958;304791.18;0.0;304791.18;148852.61;148852.61;0.0;;759;0958;1;02/03/2026 09:49:01;;08;90;33503900;Contratação PJ sem Fins Lucrativos;6160;UN;"Projeto ""Pós Escola Aconchego II""";1;304791.18
01;PREFEITURA DO MUNICÍPIO DE SÃO PAULO;1450;700;2026;1;19/01/2026 00:00:00;6074.2023/0002257-2;55446132000133;SOCIEDADE DE CONCERTOS DE SAO PAULO;24;2026;90;FUMCAD;Fundo Municipal dos Direitos da Criança e do Adolescente;10;Fundo Municipal dos Direitos da Criança e do Adolescente;14;Direitos da Cidadania;422;Direitos Individuais, Coletivos e Difusos;4019;Proteção a Crianças e Adolescentes;6160;Ações Permanentes de Promoção dos Direitos da Criança e do Adolescente;FUMCAD;Criança e Adolescente;FUMCAD;3;Despesas Correntes;3;Outras Despesas Correntes;50;Transferências a Instituições Privadas sem Fins Lucrativos;39;Serviços de Assistência Social;33503900;08.1.759.0958;PMSP-SMDHC/FUMCAD;2;Outras Despesas;5;Outros Serviços de Terceiros - Pessoa Jurídica;90.10.14.422.4019.6160.33503900.08.1.759.0958;940654.05;0.0;940654.05;504654.82;504654.82;0.0;;759;0958;1;02/03/2026 09:49:01;;08;90;33503900;Contratação PJ sem Fins Lucrativos;6160;UN;"Projeto ""Restaurante Baccarelli""";1;940654.05
01;PREFEITURA DO MUNICÍPIO DE SÃO PAULO;1450;706;2026;1;19/01/2026 00:00:00;6074.2023/0002257-2;55446132000133;SOCIEDADE DE CONCERTOS DE SAO PAULO;24;2026;90;FUMCAD;Fundo Municipal dos Direitos da Criança e do Adolescente;10;Fundo Municipal dos Direitos da Criança e do Adolescente;14;Direitos da Cidadania;422;Direitos Individuais, Coletivos e Difusos;4019;Proteção a Crianças e Adolescentes;6160;Ações Permanentes de Promoção dos Direitos da Criança e do Adolescente;FUMCAD;Criança e Adolescente;FUMCAD;3;Despesas Correntes;3;Outras Despesas Correntes;50;Transferências a Instituições Privadas sem Fins Lucrativos;39;Serviços de Assistência Social;33503900;08.1.759.0958;PMSP-SMDHC/FUMCAD;2;Remuneração de Pessoal;5;Outros Serviços de Terceiros - Pessoa Jurídica;90.10.14.422.4019.6160.33503900.08.1.759.0958;665187.24;0.0;665187.24;332593.62;332593.62;0.0;;759;0958;1;02/03/2026 09:49:01;;08;90;33503900;Contratação PJ sem Fins Lucrativos;6160;UN;"Projeto ""Restaurante Baccarelli""";1;665187.24
01;PREFEITURA DO MUNICÍPIO DE SÃO PAULO;2529;1268;2026;1;20/01/2026 00:00:00;6074.2023/0001930-0;08745680000184;INSTITUTO OLGA KOS DE INCLUSAO CULTURAL;11891;2025;90;FUMCAD;Fundo Municipal dos Direitos da Criança e do Adolescente;10;Fundo Municipal dos Direitos da Criança e do Adolescente;14;Direitos da Cidadania;422;Direitos Individuais, Coletivos e Difusos;4019;Proteção a Crianças e Adolescentes;6160;Ações Permanentes de Promoção dos Direitos da Criança e do Adolescente;FUMCAD;Criança e Adolescente;FUMCAD;3;Despesas Correntes;3;Outras Despesas Correntes;50;Transferências a Instituições Privadas sem Fins Lucrativos;39;Serviços de Assistência Social;33503900;08.1.759.0958;PMSP-SMDHC/FUMCAD;2;Outras Despesas;5;Outros Serviços de Terceiros - Pessoa Jurídica;90.10.14.422.4019.6160.33503900.08.1.759.0958;127680.0;0.0;127680.0;127680.0;127680.0;0.0;;759;0958;1;02/03/2026 09:49:01;;08;90;33503900;Contratação PJ sem Fins Lucrativos;6160;UN;TFM/036/2025/SMDHC/FUMCAD;1;127680.0
01;PREFEITURA DO MUNICÍPIO DE SÃO PAULO;2587;1314;2026;1;20/01/2026 00:00:00;6074.2023/0001856-7;08745680000184;INSTITUTO OLGA KOS DE INCLUSAO CULTURAL;23068;2025;90;FUMCAD;Fundo Municipal dos Direitos da Criança e do Adolescente;10;Fundo Municipal dos Direitos da Criança e do Adolescente;14;Direitos da Cidadania;422;Direitos Individuais, Coletivos e Difusos;4019;Proteção a Crianças e Adolescentes;6160;Ações Permanentes de Promoção dos Direitos da Criança e do Adolescente;FUMCAD;Criança e Adolescente;FUMCAD;3;Despesas Correntes;3;Outras Despesas Correntes;50;Transferências a Instituições Privadas sem Fins Lucrativos;39;Serviços de Assistência Social;33503900;08.1.759.0958;PMSP-SMDHC/FUMCAD;2;Outras Despesas;5;Outros Serviços de Terceiros - Pessoa Jurídica;90.10.14.422.4019.6160.33503900.08.1.759.0958;215640.0;0.0;215640.0;215640.0;0.0;0.0;;759;0958;1;02/03/2026 09:49:01;;08;90;33503900;Contratação PJ sem Fins Lucrativos;6160;UN;"TFM/062/2025/SMDHC/FUMCAD - Projeto ""Capoeira - Expressões do Gingado""";1;215640.0
01;PREFEITURA DO MUNICÍPIO DE SÃO PAULO;2648;1374;2026;1;20/01/2026 00:00:00;6074.2023/0001954-7;08745680000184;INSTITUTO OLGA KOS DE INCLUSAO CULTURAL;26780;2025;90;FUMCAD;Fundo Municipal dos Direitos da Criança e do Adolescente;10;Fundo Municipal dos Direitos da Criança e do Adolescente;14;Direitos da Cidadania;422;Direitos Individuais, Coletivos e Difusos;4019;Proteção a Crianças e Adolescentes;6160;Ações Permanentes de Promoção dos Direitos da Criança e do Adolescente;FUMCAD;Criança e Adolescente;FUMCAD;3;Despesas Correntes;3;Outras Despesas Correntes;50;Transferências a Instituições Privadas sem Fins Lucrativos;39;Serviços de Assistência Social;33503900;08.1.759.0958;PMSP-SMDHC/FUMCAD;2;Outras Despesas;5;Outros Serviços de Terceiros - Pessoa Jurídica;90.10.14.422.4019.6160.33503900.08.1.759.0958;273480.0;0.0;273480.0;90780.0;90780.0;0.0;;759;0958;1;02/03/2026 09:49:01;;08;90;33503900;Contratação PJ sem Fins Lucrativos;6160;UN;"TFM/075/2025/SMDHC/FUMCAD - Projeto ""Coletivo - Reflexões em Cena Coletivo - Reflexões em Cena"".";1;273480.0
01;PREFEITURA DO MUNICÍPIO DE SÃO PAULO;5068;2664;2026;1;21/01/2026 00:00:00;6074.2024/0007719-0;29690185000195;ASSOCIACAO NACIONAL DE ADMINISTRACAO;5555;2025;90;FUMCAD;Fundo Municipal dos Direitos da Criança e do Adolescente;10;Fundo Municipal dos Direitos da Criança e do Adolescente;14;Direitos da Cidadania;422;Direitos Individuais, Coletivos e Difusos;4019;Proteção a Crianças e Adolescentes;6160;Ações Permanentes de Promoção dos Direitos da Criança e do Adolescente;FUMCAD;Criança e Adolescente;FUMCAD;3;Despesas Correntes;3;Outras Despesas Correntes;50;Transferências a Instituições Privadas sem Fins Lucrativos;39;Serviços de Assistência Social;33503900;08.1.759.0958;PMSP-SMDHC/FUMCAD;2;Outras Despesas;5;Outros Serviços de Terceiros - Pessoa Jurídica;90.10.14.422.4019.6160.33503900.08.1.759.0958;19086.7;0.0;19086.7;19086.7;19086.7;0.0;;759;0958;1;02/03/2026 09:49:01;;08;90;33503900;Contratação PJ sem Fins Lucrativos;6160;UN;"Projeto ""Programa de Educação Social e Trabalho (PROEST)""";1;19086.7
01;PREFEITURA DO MUNICÍPIO DE SÃO PAULO;5068;2668;2026;1;21/01/2026 00:00:00;6074.2024/0007719-0;29690185000195;ASSOCIACAO NACIONAL DE ADMINISTRACAO;5555;2025;90;FUMCAD;Fundo Municipal dos Direitos da Criança e do Adolescente;10;Fundo Municipal dos Direitos da Criança e do Adolescente;14;Direitos da Cidadania;422;Direitos Individuais, Coletivos e Difusos;4019;Proteção a Crianças e Adolescentes;6160;Ações Permanentes de Promoção dos Direitos da Criança e do Adolescente;FUMCAD;Criança e Adolescente;FUMCAD;3;Despesas Correntes;3;Outras Despesas Correntes;50;Transferências a Instituições Privadas sem Fins Lucrativos;39;Serviços de Assistência Social;33503900;08.1.759.0958;PMSP-SMDHC/FUMCAD;2;Remuneração de Pessoal;5;Outros Serviços de Terceiros - Pessoa Jurídica;90.10.14.422.4019.6160.33503900.08.1.759.0958;55008.0;0.0;55008.0;55008.0;55008.0;0.0;;759;0958;1;02/03/2026 09:49:01;;08;90;33503900;Contratação PJ sem Fins Lucrativos;6160;UN;"Projeto ""Programa de Educação Social e Trabalho (PROEST)""";1;55008.0
01;PREFEITURA DO MUNICÍPIO DE SÃO PAULO;5114;2699;2026;1;21/01/2026 00:00:00;6074.2021/0004235-9;60507100000130;FUNDACAO DORINA NOWILL PARA CEGOS;13283;2025;90;FUMCAD;Fundo Municipal dos Direitos da Criança e do Adolescente;10;Fundo Municipal dos Direitos da Criança e do Adolescente;14;Direitos da Cidadania;422;Direitos Individuais, Coletivos e Difusos;4019;Proteção a Crianças e Adolescentes;6160;Ações Permanentes de Promoção dos Direitos da Criança e do Adolescente;FUMCAD;Criança e Adolescente;FUMCAD;3;Despesas Correntes;3;Outras Despesas Correntes;50;Transferências a Instituições Privadas sem Fins Lucrativos;39;Serviços de Assistência Social;33503900;08.1.759.0958;PMSP-SMDHC/FUMCAD;2;Outras Despesas;5;Outros Serviços de Terceiros - Pessoa Jurídica;90.10.14.422.4019.6160.33503900.08.1.759.0958;23414.86;0.0;23414.86;23414.86;23414.86;0.0;;759;0958;1;02/03/2026 09:49:01;;08;90;33503900;Contratação PJ sem Fins Lucrativos;6160;UN;"Projeto “Programa de Habilitação e Reabilitação para Crianças e Adolescentes com Deficiência Visual""";1;23414.86
01;PREFEITURA DO MUNICÍPIO DE SÃO PAULO;5114;2701;2026;1;21/01/2026 00:00:00;6074.2021/0004235-9;60507100000130;FUNDACAO DORINA NOWILL PARA CEGOS;13283;2025;90;FUMCAD;Fundo Municipal dos Direitos da Criança e do Adolescente;10;Fundo Municipal dos Direitos da Criança e do Adolescente;14;Direitos da Cidadania;422;Direitos Individuais, Coletivos e Difusos;4019;Proteção a Crianças e Adolescentes;6160;Ações Permanentes de Promoção dos Direitos da Criança e do Adolescente;FUMCAD;Criança e Adolescente;FUMCAD;3;Despesas Correntes;3;Outras Despesas Correntes;50;Transferências a Instituições Privadas sem Fins Lucrativos;39;Serviços de Assistência Social;33503900;08.1.759.0958;PMSP-SMDHC/FUMCAD;2;Remuneração de Pessoal;5;Outros Serviços de Terceiros - Pessoa Jurídica;90.10.14.422.4019.6160.33503900.08.1.759.0958;275461.81;0.0;275461.81;275461.81;275461.81;0.0;;759;0958;1;02/03/2026 09:49:01;;08;90;33503900;Contratação PJ sem Fins Lucrativos;6160;UN;"Projeto “Programa de Habilitação e Reabilitação para Crianças e Adolescentes com Deficiência Visual""";1;275461.81
01;PREFEITURA DO MUNICÍPIO DE SÃO PAULO;5156;2735;2026;1;21/01/2026 00:00:00;6074.2024/0007512-0;03864895000109;ASSOCIACAO ASSISTENCIAL COMUNITARIA AZARIAS;5556;2025;90;FUMCAD;Fundo Municipal dos Direitos da Criança e do Adolescente;10;Fundo Municipal dos Direitos da Criança e do Adolescente;14;Direitos da Cidadania;422;Direitos Individuais, Coletivos e Difusos;4019;Proteção a Crianças e Adolescentes;6160;Ações Permanentes de Promoção dos Direitos da Criança e do Adolescente;FUMCAD;Criança e Adolescente;FUMCAD;3;Despesas Correntes;3;Outras Despesas Correntes;50;Transferências a Instituições Privadas sem Fins Lucrativos;39;Serviços de Assistência Social;33503900;08.1.759.0958;PMSP-SMDHC/FUMCAD;2;Outras Despesas;5;Outros Serviços de Terceiros - Pessoa Jurídica;90.10.14.422.4019.6160.33503900.08.1.759.0958;110404.24;0.0;110404.24;110404.24;0.0;0.0;;759;0958;1;02/03/2026 09:49:01;;08;90;33503900;Contratação PJ sem Fins Lucrativos;6160;UN;"Projeto ""FAZENDO MÚSICA""";1;110404.24
01;PREFEITURA DO MUNICÍPIO DE SÃO PAULO;5204;2801;2026;1;21/01/2026 00:00:00;6074.2024/0007739-5;08008707000156;ASSOCIAÇÃO SOLIDARIEDADE EM MARCHA;7794;2025;90;FUMCAD;Fundo Municipal dos Direitos da Criança e do Adolescente;10;Fundo Municipal dos Direitos da Criança e do Adolescente;14;Direitos da Cidadania;422;Direitos Individuais, Coletivos e Difusos;4019;Proteção a Crianças e Adolescentes;6160;Ações Permanentes de Promoção dos Direitos da Criança e do Adolescente;FUMCAD;Criança e Adolescente;FUMCAD;3;Despesas Correntes;3;Outras Despesas Correntes;50;Transferências a Instituições Privadas sem Fins Lucrativos;39;Serviços de Assistência Social;33503900;08.1.759.0958;PMSP-SMDHC/FUMCAD;2;Outras Despesas;5;Outros Serviços de Terceiros - Pessoa Jurídica;90.10.14.422.4019.6160.33503900.08.1.759.0958;160991.86;0.0;160991.86;0.0;0.0;0.0;;759;0958;1;02/03/2026 09:49:01;;08;90;33503900;Contratação PJ sem Fins Lucrativos;6160;UN;"TFM/015/2025/SMDHC/FUMCAD - Projeto ""Acolher""";1;160991.86
01;PREFEITURA DO MUNICÍPIO DE SÃO PAULO;5204;2805;2026;1;21/01/2026 00:00:00;6074.2024/0007739-5;08008707000156;ASSOCIAÇÃO SOLIDARIEDADE EM MARCHA;7794;2025;90;FUMCAD;Fundo Municipal dos Direitos da Criança e do Adolescente;10;Fundo Municipal dos Direitos da Criança e do Adolescente;14;Direitos da Cidadania;422;Direitos Individuais, Coletivos e Difusos;4019;Proteção a Crianças e Adolescentes;6160;Ações Permanentes de Promoção dos Direitos da Criança e do Adolescente;FUMCAD;Criança e Adolescente;FUMCAD;3;Despesas Correntes;3;Outras Despesas Correntes;50;Transferências a Instituições Privadas sem Fins Lucrativos;39;Serviços de Assistência Social;33503900;08.1.759.0958;PMSP-SMDHC/FUMCAD;2;Remuneração de Pessoal;5;Outros Serviços de Terceiros - Pessoa Jurídica;90.10.14.422.4019.6160.33503900.08.1.759.0958;244354.81;0.0;244354.81;0.0;0.0;0.0;;759;0958;1;02/03/2026 09:49:01;;08;90;33503900;Contratação PJ sem Fins Lucrativos;6160;UN;"TFM/015/2025/SMDHC/FUMCAD - Projeto ""Acolher""";1;244354.81
01;PREFEITURA DO MUNICÍPIO DE SÃO PAULO;5259;2853;2026;1;21/01/2026 00:00:00;6074.2022/0001696-1;03873905000164;ASSOCIAÇÃO HELENA PICCARD DE ANDRADE SILVA - AHPAS;7968;2025;90;FUMCAD;Fundo Municipal dos Direitos da Criança e do Adolescente;10;Fundo Municipal dos Direitos da Criança e do Adolescente;14;Direitos da Cidadania;422;Direitos Individuais, Coletivos e Difusos;4019;Proteção a Crianças e Adolescentes;6160;Ações Permanentes de Promoção dos Direitos da Criança e do Adolescente;FUMCAD;Criança e Adolescente;FUMCAD;3;Despesas Correntes;3;Outras Despesas Correntes;50;Transferências a Instituições Privadas sem Fins Lucrativos;39;Serviços de Assistência Social;33503900;08.1.759.0958;PMSP-SMDHC/FUMCAD;2;Outras Despesas;5;Outros Serviços de Terceiros - Pessoa Jurídica;90.10.14.422.4019.6160.33503900.08.1.759.0958;209778.35;0.0;209778.35;209778.35;209778.35;0.0;;759;0958;1;02/03/2026 09:49:01;;08;90;33503900;Contratação PJ sem Fins Lucrativos;6160;UN;"Projeto ""Atividades socioeducativas e culturais para crianças e adolescentes em tratamento oncológico""";1;209778.35
01;PREFEITURA DO MUNICÍPIO DE SÃO PAULO;5259;2858;2026;1;21/01/2026 00:00:00;6074.2022/0001696-1;03873905000164;ASSOCIAÇÃO HELENA PICCARD DE ANDRADE SILVA - AHPAS;7968;2025;90;FUMCAD;Fundo Municipal dos Direitos da Criança e do Adolescente;10;Fundo Municipal dos Direitos da Criança e do Adolescente;14;Direitos da Cidadania;422;Direitos Individuais, Coletivos e Difusos;4019;Proteção a Crianças e Adolescentes;6160;Ações Permanentes de Promoção dos Direitos da Criança e do Adolescente;FUMCAD;Criança e Adolescente;FUMCAD;3;Despesas Correntes;3;Outras Despesas Correntes;50;Transferências a Instituições Privadas sem Fins Lucrativos;39;Serviços de Assistência Social;33503900;08.1.759.0958;PMSP-SMDHC/FUMCAD;2;Remuneração de Pessoal;5;Outros Serviços de Terceiros - Pessoa Jurídica;90.10.14.422.4019.6160.33503900.08.1.759.0958;63829.95;0.0;63829.95;63829.95;63829.95;0.0;;759;0958;1;02/03/2026 09:49:01;;08;90;33503900;Contratação PJ sem Fins Lucrativos;6160;UN;"Projeto ""Atividades socioeducativas e culturais para crianças e adolescentes em tratamento oncológico""";1;63829.95
01;PREFEITURA DO MUNICÍPIO DE SÃO PAULO;5305;2972;2026;1;21/01/2026 00:00:00;6074.2023/0002247-5;60428406000100;OBRAS SOCIAIS UNIVERSITARIAS E CULTURAIS;9097;2025;90;FUMCAD;Fundo Municipal dos Direitos da Criança e do Adolescente;10;Fundo Municipal dos Direitos da Criança e do Adolescente;14;Direitos da Cidadania;422;Direitos Individuais, Coletivos e Difusos;4019;Proteção a Crianças e Adolescentes;6160;Ações Permanentes de Promoção dos Direitos da Criança e do Adolescente;FUMCAD;Criança e Adolescente;FUMCAD;3;Despesas Correntes;3;Outras Despesas Correntes;50;Transferências a Instituições Privadas sem Fins Lucrativos;39;Serviços de Assistência Social;33503900;08.1.759.0958;PMSP-SMDHC/FUMCAD;2;Outras Despesas;5;Outros Serviços de Terceiros - Pessoa Jurídica;90.10.14.422.4019.6160.33503900.08.1.759.0958;35965.0;0.0;35965.0;35965.0;0.0;0.0;;759;0958;1;02/03/2026 09:49:01;;08;90;33503900;Contratação PJ sem Fins Lucrativos;6160;UN;"TFM/023/2025/SMDHC/FUMCAD - Projeto ""EPT - Ensino Profissionalizante Técnico"".";1;35965.0
01;PREFEITURA DO MUNICÍPIO DE SÃO PAULO;5305;2995;2026;1;21/01/2026 00:00:00;6074.2023/0002247-5;60428406000100;OBRAS SOCIAIS UNIVERSITARIAS E CULTURAIS;9097;2025;90;FUMCAD;Fundo Municipal dos Direitos da Criança e do Adolescente;10;Fundo Municipal dos Direitos da Criança e do Adolescente;14;Direitos da Cidadania;422;Direitos Individuais, Coletivos e Difusos;4019;Proteção a Crianças e Adolescentes;6160;Ações Permanentes de Promoção dos Direitos da Criança e do Adolescente;FUMCAD;Criança e Adolescente;FUMCAD;3;Despesas Correntes;3;Outras Despesas Correntes;50;Transferências a Instituições Privadas sem Fins Lucrativos;39;Serviços de Assistência Social;33503900;08.1.759.0958;PMSP-SMDHC/FUMCAD;2;Remuneração de Pessoal;5;Outros Serviços de Terceiros - Pessoa Jurídica;90.10.14.422.4019.6160.33503900.08.1.759.0958;308711.11;0.0;308711.11;308711.11;0.0;0.0;;759;0958;1;02/03/2026 09:49:01;;08;90;33503900;Contratação PJ sem Fins Lucrativos;6160;UN;"TFM/023/2025/SMDHC/FUMCAD - Projeto ""EPT - Ensino Profissionalizante Técnico"".";1;308711.11
01;PREFEITURA DO MUNICÍPIO DE SÃO PAULO;5364;3059;2026;1;21/01/2026 00:00:00;6074.2024/0007728-0;47685896000153;ASSOCIACAO METODISTA DE AÇÃO SOCIAL AMAS;9726;2025;90;FUMCAD;Fundo Municipal dos Direitos da Criança e do Adolescente;10;Fundo Municipal dos Direitos da Criança e do Adolescente;14;Direitos da Cidadania;422;Direitos Individuais, Coletivos e Difusos;4019;Proteção a Crianças e Adolescentes;6160;Ações Permanentes de Promoção dos Direitos da Criança e do Adolescente;FUMCAD;Criança e Adolescente;FUMCAD;3;Despesas Correntes;3;Outras Despesas Correntes;50;Transferências a Instituições Privadas sem Fins Lucrativos;39;Serviços de Assistência Social;33503900;08.1.759.0958;PMSP-SMDHC/FUMCAD;2;Outras Despesas;5;Outros Serviços de Terceiros - Pessoa Jurídica;90.10.14.422.4019.6160.33503900.08.1.759.0958;195695.0;0.0;195695.0;195695.0;0.0;0.0;;759;0958;1;02/03/2026 09:49:01;;08;90;33503900;Contratação PJ sem Fins Lucrativos;6160;UN;"TFM/028/2025/SMDHC/FUMCAD - Projeto ""PROJETO CASA NA LUZ – CRIANÇAS E ADOLESCENTES""";1;195695.0
01;PREFEITURA DO MUNICÍPIO DE SÃO PAULO;5364;3071;2026;1;21/01/2026 00:00:00;6074.2024/0007728-0;47685896000153;ASSOCIACAO METODISTA DE AÇÃO SOCIAL AMAS;9726;2025;90;FUMCAD;Fundo Municipal dos Direitos da Criança e do Adolescente;10;Fundo Municipal dos Direitos da Criança e do Adolescente;14;Direitos da Cidadania;422;Direitos Individuais, Coletivos e Difusos;4019;Proteção a Crianças e Adolescentes;6160;Ações Permanentes de Promoção dos Direitos da Criança e do Adolescente;FUMCAD;Criança e Adolescente;FUMCAD;3;Despesas Correntes;3;Outras Despesas Correntes;50;Transferências a Instituições Privadas sem Fins Lucrativos;39;Serviços de Assistência Social;33503900;08.1.759.0958;PMSP-SMDHC/FUMCAD;2;Remuneração de Pessoal;5;Outros Serviços de Terceiros - Pessoa Jurídica;90.10.14.422.4019.6160.33503900.08.1.759.0958;222333.36;0.0;222333.36;222333.36;0.0;0.0;;759;0958;1;02/03/2026 09:49:01;;08;90;33503900;Contratação PJ sem Fins Lucrativos;6160;UN;"TFM/028/2025/SMDHC/FUMCAD - Projeto ""PROJETO CASA NA LUZ – CRIANÇAS E ADOLESCENTES""";1;222333.36
01;PREFEITURA DO MUNICÍPIO DE SÃO PAULO;5463;3199;2026;1;21/01/2026 00:00:00;6074.2022/0001717-8;53817169000103;MOVIMENTO COMUNITARIO  ESTRELA NOVA;9865;2025;90;FUMCAD;Fundo Municipal dos Direitos da Criança e do Adolescente;10;Fundo Municipal dos Direitos da Criança e do Adolescente;14;Direitos da Cidadania;422;Direitos Individuais, Coletivos e Difusos;4019;Proteção a Crianças e Adolescentes;6160;Ações Permanentes de Promoção dos Direitos da Criança e do Adolescente;FUMCAD;Criança e Adolescente;FUMCAD;3;Despesas Correntes;3;Outras Despesas Correntes;50;Transferências a Instituições Privadas sem Fins Lucrativos;39;Serviços de Assistência Social;33503900;08.1.759.0958;PMSP-SMDHC/FUMCAD;2;Outras Despesas;5;Outros Serviços de Terceiros - Pessoa Jurídica;90.10.14.422.4019.6160.33503900.08.1.759.0958;45900.0;0.0;45900.0;45900.0;45900.0;0.0;;759;0958;1;02/03/2026 09:49:01;;08;90;33503900;Contratação PJ sem Fins Lucrativos;6160;UN;"Projeto "" Comunidade Ativa – Ritmo e Movimento""";1;45900.0
01;PREFEITURA DO MUNICÍPIO DE SÃO PAULO;5463;3204;2026;1;21/01/2026 00:00:00;6074.2022/0001717-8;53817169000103;MOVIMENTO COMUNITARIO  ESTRELA NOVA;9865;2025;90;FUMCAD;Fundo Municipal dos Direitos da Criança e do Adolescente;10;Fundo Municipal dos Direitos da Criança e do Adolescente;14;Direitos da Cidadania;422;Direitos Individuais, Coletivos e Difusos;4019;Proteção a Crianças e Adolescentes;6160;Ações Permanentes de Promoção dos Direitos da Criança e do Adolescente;FUMCAD;Criança e Adolescente;FUMCAD;3;Despesas Correntes;3;Outras Despesas Correntes;50;Transferências a Instituições Privadas sem Fins Lucrativos;39;Serviços de Assistência Social;33503900;08.1.759.0958;PMSP-SMDHC/FUMCAD;2;Remuneração de Pessoal;5;Outros Serviços de Terceiros - Pessoa Jurídica;90.10.14.422.4019.6160.33503900.08.1.759.0958;16088.84;0.0;16088.84;16088.84;16088.84;0.0;;759;0958;1;02/03/2026 09:49:01;;08;90;33503900;Contratação PJ sem Fins Lucrativos;6160;UN;"Projeto "" Comunidade Ativa – Ritmo e Movimento""";1;16088.84
01;PREFEITURA DO MUNICÍPIO DE SÃO PAULO;5505;3260;2026;1;21/01/2026 00:00:00;6074.2023/0002281-5;33150101000106;ASSOCIACAO ESCOLA COMUM  MF;11898;2024;90;FUMCAD;Fundo Municipal dos Direitos da Criança e do Adolescente;10;Fundo Municipal dos Direitos da Criança e do Adolescente;14;Direitos da Cidadania;422;Direitos Individuais, Coletivos e Difusos;4019;Proteção a Crianças e Adolescentes;6160;Ações Permanentes de Promoção dos Direitos da Criança e do Adolescente;FUMCAD;Criança e Adolescente;FUMCAD;3;Despesas Correntes;3;Outras Despesas Correntes;50;Transferências a Instituições Privadas sem Fins Lucrativos;39;Serviços de Assistência Social;33503900;08.1.759.0958;PMSP-SMDHC/FUMCAD;2;Outras Despesas;5;Outros Serviços de Terceiros - Pessoa Jurídica;90.10.14.422.4019.6160.33503900.08.1.759.0958;95996.8;0.0;95996.8;95996.8;95996.8;0.0;;759;0958;1;02/03/2026 09:49:01;;08;90;33503900;Contratação PJ sem Fins Lucrativos;6160;UN;"TFM/032/2024/SMDHC/FUMCAD - Projeto ""Educação em Direitos Humanos""";1;95996.8
01;PREFEITURA DO MUNICÍPIO DE SÃO PAULO;5700;3411;2026;1;21/01/2026 00:00:00;6074.2024/0007681-0;61000683006374;ASSOC UNIAO BENEF DAS IRMAS DE S VICENTE PAULO GYSEGEM;7210;2025;90;FUMCAD;Fundo Municipal dos Direitos da Criança e do Adolescente;10;Fundo Municipal dos Direitos da Criança e do Adolescente;14;Direitos da Cidadania;422;Direitos Individuais, Coletivos e Difusos;4019;Proteção a Crianças e Adolescentes;6160;Ações Permanentes de Promoção dos Direitos da Criança e do Adolescente;FUMCAD;Criança e Adolescente;FUMCAD;3;Despesas Correntes;3;Outras Despesas Correntes;50;Transferências a Instituições Privadas sem Fins Lucrativos;39;Serviços de Assistência Social;33503900;08.1.759.0958;PMSP-SMDHC/FUMCAD;2;Outras Despesas;5;Outros Serviços de Terceiros - Pessoa Jurídica;90.10.14.422.4019.6160.33503900.08.1.759.0958;24886.11;0.0;24886.11;24886.11;24886.11;0.0;;759;0958;1;02/03/2026 09:49:01;;08;90;33503900;Contratação PJ sem Fins Lucrativos;6160;UN;"Projeto ""Fortalecimento de Vínculos Prevenindo o Uso e Abuso de Álcool e Drogas e a Violência nas Escolas"".";1;24886.11
01;PREFEITURA DO MUNICÍPIO DE SÃO PAULO;5700;3414;2026;1;21/01/2026 00:00:00;6074.2024/0007681-0;61000683006374;ASSOC UNIAO BENEF DAS IRMAS DE S VICENTE PAULO GYSEGEM;7210;2025;90;FUMCAD;Fundo Municipal dos Direitos da Criança e do Adolescente;10;Fundo Municipal dos Direitos da Criança e do Adolescente;14;Direitos da Cidadania;422;Direitos Individuais, Coletivos e Difusos;4019;Proteção a Crianças e Adolescentes;6160;Ações Permanentes de Promoção dos Direitos da Criança e do Adolescente;FUMCAD;Criança e Adolescente;FUMCAD;3;Despesas Correntes;3;Outras Despesas Correntes;50;Transferências a Instituições Privadas sem Fins Lucrativos;39;Serviços de Assistência Social;33503900;08.1.759.0958;PMSP-SMDHC/FUMCAD;2;Remuneração de Pessoal;5;Outros Serviços de Terceiros - Pessoa Jurídica;90.10.14.422.4019.6160.33503900.08.1.759.0958;51133.08;0.0;51133.08;51133.08;51133.08;0.0;;759;0958;1;02/03/2026 09:49:01;;08;90;33503900;Contratação PJ sem Fins Lucrativos;6160;UN;"Projeto ""Fortalecimento de Vínculos Prevenindo o Uso e Abuso de Álcool e Drogas e a Violência nas Escolas"".";1;51133.08
01;PREFEITURA DO MUNICÍPIO DE SÃO PAULO;5745;3437;2026;1;21/01/2026 00:00:00;6074.2024/0007738-7;04186468000173;ASSOCIACAO ALIANCA DE MISERICORDIA;5604;2025;90;FUMCAD;Fundo Municipal dos Direitos da Criança e do Adolescente;10;Fundo Municipal dos Direitos da Criança e do Adolescente;14;Direitos da Cidadania;422;Direitos Individuais, Coletivos e Difusos;4019;Proteção a Crianças e Adolescentes;6160;Ações Permanentes de Promoção dos Direitos da Criança e do Adolescente;FUMCAD;Criança e Adolescente;FUMCAD;3;Despesas Correntes;3;Outras Despesas Correntes;50;Transferências a Instituições Privadas sem Fins Lucrativos;39;Serviços de Assistência Social;33503900;08.1.759.0958;PMSP-SMDHC/FUMCAD;2;Outras Despesas;5;Outros Serviços de Terceiros - Pessoa Jurídica;90.10.14.422.4019.6160.33503900.08.1.759.0958;11276.48;0.0;11276.48;11276.48;11276.48;0.0;;759;0958;1;02/03/2026 09:49:01;;08;90;33503900;Contratação PJ sem Fins Lucrativos;6160;UN;"TFM/001/2025/SMDHC/FUMCAD - Projeto ""Educacional Vila Cuore"".";1;11276.48
01;PREFEITURA DO MUNICÍPIO DE SÃO PAULO;5745;3440;2026;1;21/01/2026 00:00:00;6074.2024/0007738-7;04186468000173;ASSOCIACAO ALIANCA DE MISERICORDIA;5604;2025;90;FUMCAD;Fundo Municipal dos Direitos da Criança e do Adolescente;10;Fundo Municipal dos Direitos da Criança e do Adolescente;14;Direitos da Cidadania;422;Direitos Individuais, Coletivos e Difusos;4019;Proteção a Crianças e Adolescentes;6160;Ações Permanentes de Promoção dos Direitos da Criança e do Adolescente;FUMCAD;Criança e Adolescente;FUMCAD;3;Despesas Correntes;3;Outras Despesas Correntes;50;Transferências a Instituições Privadas sem Fins Lucrativos;39;Serviços de Assistência Social;33503900;08.1.759.0958;PMSP-SMDHC/FUMCAD;2;Remuneração de Pessoal;5;Outros Serviços de Terceiros - Pessoa Jurídica;90.10.14.422.4019.6160.33503900.08.1.759.0958;90772.18;0.0;90772.18;90772.18;90772.18;0.0;;759;0958;1;02/03/2026 09:49:01;;08;90;33503900;Contratação PJ sem Fins Lucrativos;6160;UN;"TFM/001/2025/SMDHC/FUMCAD - Projeto ""Educacional Vila Cuore"".";1;90772.18
01;PREFEITURA DO MUNICÍPIO DE SÃO PAULO;5802;3469;2026;1;21/01/2026 00:00:00;6074.2023/0002035-9;44006203000160;ASSOCIACAO MARIA HELEN DREXEL  AMHD;9873;2025;90;FUMCAD;Fundo Municipal dos Direitos da Criança e do Adolescente;10;Fundo Municipal dos Direitos da Criança e do Adolescente;14;Direitos da Cidadania;422;Direitos Individuais, Coletivos e Difusos;4019;Proteção a Crianças e Adolescentes;6160;Ações Permanentes de Promoção dos Direitos da Criança e do Adolescente;FUMCAD;Criança e Adolescente;FUMCAD;3;Despesas Correntes;3;Outras Despesas Correntes;50;Transferências a Instituições Privadas sem Fins Lucrativos;39;Serviços de Assistência Social;33503900;08.1.759.0958;PMSP-SMDHC/FUMCAD;2;Outras Despesas;5;Outros Serviços de Terceiros - Pessoa Jurídica;90.10.14.422.4019.6160.33503900.08.1.759.0958;3960.02;0.0;3960.02;1980.0;0.0;0.0;;759;0958;1;02/03/2026 09:49:01;;08;90;33503900;Contratação PJ sem Fins Lucrativos;6160;UN;"Projeto ""Identidade e Autonomia""";1;3960.02
01;PREFEITURA DO MUNICÍPIO DE SÃO PAULO;5802;3473;2026;1;21/01/2026 00:00:00;6074.2023/0002035-9;44006203000160;ASSOCIACAO MARIA HELEN DREXEL  AMHD;9873;2025;90;FUMCAD;Fundo Municipal dos Direitos da Criança e do Adolescente;10;Fundo Municipal dos Direitos da Criança e do Adolescente;14;Direitos da Cidadania;422;Direitos Individuais, Coletivos e Difusos;4019;Proteção a Crianças e Adolescentes;6160;Ações Permanentes de Promoção dos Direitos da Criança e do Adolescente;FUMCAD;Criança e Adolescente;FUMCAD;3;Despesas Correntes;3;Outras Despesas Correntes;50;Transferências a Instituições Privadas sem Fins Lucrativos;39;Serviços de Assistência Social;33503900;08.1.759.0958;PMSP-SMDHC/FUMCAD;2;Remuneração de Pessoal;5;Outros Serviços de Terceiros - Pessoa Jurídica;90.10.14.422.4019.6160.33503900.08.1.759.0958;117602.16;0.0;117602.16;57648.12;0.0;0.0;;759;0958;1;02/03/2026 09:49:01;;08;90;33503900;Contratação PJ sem Fins Lucrativos;6160;UN;"Projeto ""Identidade e Autonomia""";1;117602.16
01;PREFEITURA DO MUNICÍPIO DE SÃO PAULO;5830;3502;2026;1;21/01/2026 00:00:00;6074.2019/0002391-1;60507100000130;FUNDACAO DORINA NOWILL PARA CEGOS;31319;2023;90;FUMCAD;Fundo Municipal dos Direitos da Criança e do Adolescente;10;Fundo Municipal dos Direitos da Criança e do Adolescente;14;Direitos da Cidadania;422;Direitos Individuais, Coletivos e Difusos;4019;Proteção a Crianças e Adolescentes;6160;Ações Permanentes de Promoção dos Direitos da Criança e do Adolescente;FUMCAD;Criança e Adolescente;FUMCAD;3;Despesas Correntes;3;Outras Despesas Correntes;50;Transferências a Instituições Privadas sem Fins Lucrativos;39;Serviços de Assistência Social;33503900;08.1.759.0958;PMSP-SMDHC/FUMCAD;2;Outras Despesas;5;Outros Serviços de Terceiros - Pessoa Jurídica;90.10.14.422.4019.6160.33503900.08.1.759.0958;4947.53;0.0;4947.53;4947.53;4947.53;0.0;;759;0958;1;02/03/2026 09:49:01;;08;90;33503900;Contratação PJ sem Fins Lucrativos;6160;UN;TFM/009/2024/SMDHC/FUMCAD;1;4947.53
01;PREFEITURA DO MUNICÍPIO DE SÃO PAULO;5830;3506;2026;1;21/01/2026 00:00:00;6074.2019/0002391-1;60507100000130;FUNDACAO DORINA NOWILL PARA CEGOS;31319;2023;90;FUMCAD;Fundo Municipal dos Direitos da Criança e do Adolescente;10;Fundo Municipal dos Direitos da Criança e do Adolescente;14;Direitos da Cidadania;422;Direitos Individuais, Coletivos e Difusos;4019;Proteção a Crianças e Adolescentes;6160;Ações Permanentes de Promoção dos Direitos da Criança e do Adolescente;FUMCAD;Criança e Adolescente;FUMCAD;3;Despesas Correntes;3;Outras Despesas Correntes;50;Transferências a Instituições Privadas sem Fins Lucrativos;39;Serviços de Assistência Social;33503900;08.1.759.0958;PMSP-SMDHC/FUMCAD;2;Remuneração de Pessoal;5;Outros Serviços de Terceiros - Pessoa Jurídica;90.10.14.422.4019.6160.33503900.08.1.759.0958;67623.2;0.0;67623.2;67623.2;67623.2;0.0;;759;0958;1;02/03/2026 09:49:01;;08;90;33503900;Contratação PJ sem Fins Lucrativos;6160;UN;TFM/009/2024/SMDHC/FUMCAD;1;67623.2
01;PREFEITURA DO MUNICÍPIO DE SÃO PAULO;5854;3526;2026;1;21/01/2026 00:00:00;6074.2019/0002392-0;60507100000130;FUNDACAO DORINA NOWILL PARA CEGOS;6711;2024;90;FUMCAD;Fundo Municipal dos Direitos da Criança e do Adolescente;10;Fundo Municipal dos Direitos da Criança e do Adolescente;14;Direitos da Cidadania;422;Direitos Individuais, Coletivos e Difusos;4019;Proteção a Crianças e Adolescentes;6160;Ações Permanentes de Promoção dos Direitos da Criança e do Adolescente;FUMCAD;Criança e Adolescente;FUMCAD;3;Despesas Correntes;3;Outras Despesas Correntes;50;Transferências a Instituições Privadas sem Fins Lucrativos;39;Serviços de Assistência Social;33503900;08.1.759.0958;PMSP-SMDHC/FUMCAD;2;Outras Despesas;5;Outros Serviços de Terceiros - Pessoa Jurídica;90.10.14.422.4019.6160.33503900.08.1.759.0958;23150.51;0.0;23150.51;23150.51;23150.51;0.0;;759;0958;1;02/03/2026 09:49:01;;08;90;33503900;Contratação PJ sem Fins Lucrativos;6160;UN;TFM/008/2024/SMDHC/FUMCAD;1;23150.51
01;PREFEITURA DO MUNICÍPIO DE SÃO PAULO;5854;3528;2026;1;21/01/2026 00:00:00;6074.2019/0002392-0;60507100000130;FUNDACAO DORINA NOWILL PARA CEGOS;6711;2024;90;FUMCAD;Fundo Municipal dos Direitos da Criança e do Adolescente;10;Fundo Municipal dos Direitos da Criança e do Adolescente;14;Direitos da Cidadania;422;Direitos Individuais, Coletivos e Difusos;4019;Proteção a Crianças e Adolescentes;6160;Ações Permanentes de Promoção dos Direitos da Criança e do Adolescente;FUMCAD;Criança e Adolescente;FUMCAD;3;Despesas Correntes;3;Outras Despesas Correntes;50;Transferências a Instituições Privadas sem Fins Lucrativos;39;Serviços de Assistência Social;33503900;08.1.759.0958;PMSP-SMDHC/FUMCAD;2;Remuneração de Pessoal;5;Outros Serviços de Terceiros - Pessoa Jurídica;90.10.14.422.4019.6160.33503900.08.1.759.0958;42196.32;0.0;42196.32;42196.32;42196.32;0.0;;759;0958;1;02/03/2026 09:49:01;;08;90;33503900;Contratação PJ sem Fins Lucrativos;6160;UN;TFM/008/2024/SMDHC/FUMCAD;1;42196.32
01;PREFEITURA DO MUNICÍPIO DE SÃO PAULO;5872;3560;2026;1;21/01/2026 00:00:00;6074.2023/0002182-7;62702550000100;ASSOCIACAO LAR DA BENCAO DIVINA;7491;2024;90;FUMCAD;Fundo Municipal dos Direitos da Criança e do Adolescente;10;Fundo Municipal dos Direitos da Criança e do Adolescente;14;Direitos da Cidadania;422;Direitos Individuais, Coletivos e Difusos;4019;Proteção a Crianças e Adolescentes;6160;Ações Permanentes de Promoção dos Direitos da Criança e do Adolescente;FUMCAD;Criança e Adolescente;FUMCAD;3;Despesas Correntes;3;Outras Despesas Correntes;50;Transferências a Instituições Privadas sem Fins Lucrativos;39;Serviços de Assistência Social;33503900;08.1.759.0958;PMSP-SMDHC/FUMCAD;2;Outras Despesas;5;Outros Serviços de Terceiros - Pessoa Jurídica;90.10.14.422.4019.6160.33503900.08.1.759.0958;104160.0;0.0;104160.0;104160.0;104160.0;0.0;;759;0958;1;02/03/2026 09:49:01;;08;90;33503900;Contratação PJ sem Fins Lucrativos;6160;UN;TFM/014/2024/SMDHC/FUMCAD;1;104160.0
01;PREFEITURA DO MUNICÍPIO DE SÃO PAULO;5888;3579;2026;1;21/01/2026 00:00:00;6074.2023/0002080-4;04186468002702;ASSOCIACAO ALIANCA DE MISERICORDIA;31483;2025;90;FUMCAD;Fundo Municipal dos Direitos da Criança e do Adolescente;10;Fundo Municipal dos Direitos da Criança e do Adolescente;14;Direitos da Cidadania;422;Direitos Individuais, Coletivos e Difusos;4019;Proteção a Crianças e Adolescentes;6160;Ações Permanentes de Promoção dos Direitos da Criança e do Adolescente;FUMCAD;Criança e Adolescente;FUMCAD;3;Despesas Correntes;3;Outras Despesas Correntes;50;Transferências a Instituições Privadas sem Fins Lucrativos;39;Serviços de Assistência Social;33503900;08.1.759.0958;PMSP-SMDHC/FUMCAD;2;Outras Despesas;5;Outros Serviços de Terceiros - Pessoa Jurídica;90.10.14.422.4019.6160.33503900.08.1.759.0958;620128.4;0.0;620128.4;177966.72;177966.72;0.0;;759;0958;1;02/03/2026 09:49:01;;08;90;33503900;Contratação PJ sem Fins Lucrativos;6160;UN;"Projeto ""CCA São Domingos Sávio - Antigo Crescer e Aprender - CEI São Miguel""";1;620128.4
01;PREFEITURA DO MUNICÍPIO DE SÃO PAULO;5888;3586;2026;1;21/01/2026 00:00:00;6074.2023/0002080-4;04186468002702;ASSOCIACAO ALIANCA DE MISERICORDIA;31483;2025;90;FUMCAD;Fundo Municipal dos Direitos da Criança e do Adolescente;10;Fundo Municipal dos Direitos da Criança e do Adolescente;14;Direitos da Cidadania;422;Direitos Individuais, Coletivos e Difusos;4019;Proteção a Crianças e Adolescentes;6160;Ações Permanentes de Promoção dos Direitos da Criança e do Adolescente;FUMCAD;Criança e Adolescente;FUMCAD;3;Despesas Correntes;3;Outras Despesas Correntes;50;Transferências a Instituições Privadas sem Fins Lucrativos;39;Serviços de Assistência Social;33503900;08.1.759.0958;PMSP-SMDHC/FUMCAD;2;Remuneração de Pessoal;5;Outros Serviços de Terceiros - Pessoa Jurídica;90.10.14.422.4019.6160.33503900.08.1.759.0958;888534.45;0.0;888534.45;280765.56;280765.56;0.0;;759;0958;1;02/03/2026 09:49:01;;08;90;33503900;Contratação PJ sem Fins Lucrativos;6160;UN;"Projeto ""CCA São Domingos Sávio - Antigo Crescer e Aprender - CEI São Miguel""";1;888534.45
01;PREFEITURA DO MUNICÍPIO DE SÃO PAULO;5923;3615;2026;1;21/01/2026 00:00:00;6074.2022/0000988-4;67185694000150;GRUPO DE APOIO AO ADOLESCENTE E A CRIANCA COM C GRAACC;7801;2025;90;FUMCAD;Fundo Municipal dos Direitos da Criança e do Adolescente;10;Fundo Municipal dos Direitos da Criança e do Adolescente;14;Direitos da Cidadania;422;Direitos Individuais, Coletivos e Difusos;4019;Proteção a Crianças e Adolescentes;6160;Ações Permanentes de Promoção dos Direitos da Criança e do Adolescente;FUMCAD;Criança e Adolescente;FUMCAD;3;Despesas Correntes;3;Outras Despesas Correntes;50;Transferências a Instituições Privadas sem Fins Lucrativos;39;Serviços de Assistência Social;33503900;08.1.759.0958;PMSP-SMDHC/FUMCAD;2;Remuneração de Pessoal;5;Outros Serviços de Terceiros - Pessoa Jurídica;90.10.14.422.4019.6160.33503900.08.1.759.0958;3837581.14;0.0;3837581.14;0.0;0.0;0.0;;759;0958;1;02/03/2026 09:49:01;;08;90;33503900;Contratação PJ sem Fins Lucrativos;6160;UN;"Projeto ""Assistência às crianças e adolescentes com câncer criticamente doentes na unidade de terapia intensiva oncológica pediátrica do Hospital do GRAACC""";1;3837581.14
01;PREFEITURA DO MUNICÍPIO DE SÃO PAULO;5947;3639;2026;1;21/01/2026 00:00:00;6074.2023/0002273-4;13315822000103;ENCANTOS INSTITUTO SOCIO CULTURAL E BENEFICENTE;6563;2024;90;FUMCAD;Fundo Municipal dos Direitos da Criança e do Adolescente;10;Fundo Municipal dos Direitos da Criança e do Adolescente;14;Direitos da Cidadania;422;Direitos Individuais, Coletivos e Difusos;4019;Proteção a Crianças e Adolescentes;6160;Ações Permanentes de Promoção dos Direitos da Criança e do Adolescente;FUMCAD;Criança e Adolescente;FUMCAD;3;Despesas Correntes;3;Outras Despesas Correntes;50;Transferências a Instituições Privadas sem Fins Lucrativos;39;Serviços de Assistência Social;33503900;08.1.759.0958;PMSP-SMDHC/FUMCAD;2;Outras Despesas;5;Outros Serviços de Terceiros - Pessoa Jurídica;90.10.14.422.4019.6160.33503900.08.1.759.0958;73767.0;0.0;73767.0;73767.0;73767.0;0.0;;759;0958;1;02/03/2026 09:49:01;;08;90;33503900;Contratação PJ sem Fins Lucrativos;6160;UN;TFM/015/2024/SMDHC/FUMCAD;1;73767.0
01;PREFEITURA DO MUNICÍPIO DE SÃO PAULO;5947;3645;2026;1;21/01/2026 00:00:00;6074.2023/0002273-4;13315822000103;ENCANTOS INSTITUTO SOCIO CULTURAL E BENEFICENTE;6563;2024;90;FUMCAD;Fundo Municipal dos Direitos da Criança e do Adolescente;10;Fundo Municipal dos Direitos da Criança e do Adolescente;14;Direitos da Cidadania;422;Direitos Individuais, Coletivos e Difusos;4019;Proteção a Crianças e Adolescentes;6160;Ações Permanentes de Promoção dos Direitos da Criança e do Adolescente;FUMCAD;Criança e Adolescente;FUMCAD;3;Despesas Correntes;3;Outras Despesas Correntes;50;Transferências a Instituições Privadas sem Fins Lucrativos;39;Serviços de Assistência Social;33503900;08.1.759.0958;PMSP-SMDHC/FUMCAD;2;Remuneração de Pessoal;5;Outros Serviços de Terceiros - Pessoa Jurídica;90.10.14.422.4019.6160.33503900.08.1.759.0958;12115.3;0.0;12115.3;12115.3;12115.3;0.0;;759;0958;1;02/03/2026 09:49:01;;08;90;33503900;Contratação PJ sem Fins Lucrativos;6160;UN;TFM/015/2024/SMDHC/FUMCAD;1;12115.3
01;PREFEITURA DO MUNICÍPIO DE SÃO PAULO;5961;3661;2026;1;21/01/2026 00:00:00;6074.2024/0007727-1;74682550000174;ASSOCIAÇÃO COMUNITÁRIA DESPERTAR;7757;2025;90;FUMCAD;Fundo Municipal dos Direitos da Criança e do Adolescente;10;Fundo Municipal dos Direitos da Criança e do Adolescente;14;Direitos da Cidadania;422;Direitos Individuais, Coletivos e Difusos;4019;Proteção a Crianças e Adolescentes;6160;Ações Permanentes de Promoção dos Direitos da Criança e do Adolescente;FUMCAD;Criança e Adolescente;FUMCAD;3;Despesas Correntes;3;Outras Despesas Correntes;50;Transferências a Instituições Privadas sem Fins Lucrativos;39;Serviços de Assistência Social;33503900;08.1.759.0958;PMSP-SMDHC/FUMCAD;2;Outras Despesas;5;Outros Serviços de Terceiros - Pessoa Jurídica;90.10.14.422.4019.6160.33503900.08.1.759.0958;16612.2;0.0;16612.2;16612.2;16612.2;0.0;;759;0958;1;02/03/2026 09:49:01;;08;90;33503900;Contratação PJ sem Fins Lucrativos;6160;UN;"Projeto ""Conexão acolhedora: Enfrentando a violência e a evasão escolar""";1;16612.2
01;PREFEITURA DO MUNICÍPIO DE SÃO PAULO;5961;3666;2026;1;21/01/2026 00:00:00;6074.2024/0007727-1;74682550000174;ASSOCIAÇÃO COMUNITÁRIA DESPERTAR;7757;2025;90;FUMCAD;Fundo Municipal dos Direitos da Criança e do Adolescente;10;Fundo Municipal dos Direitos da Criança e do Adolescente;14;Direitos da Cidadania;422;Direitos Individuais, Coletivos e Difusos;4019;Proteção a Crianças e Adolescentes;6160;Ações Permanentes de Promoção dos Direitos da Criança e do Adolescente;FUMCAD;Criança e Adolescente;FUMCAD;3;Despesas Correntes;3;Outras Despesas Correntes;50;Transferências a Instituições Privadas sem Fins Lucrativos;39;Serviços de Assistência Social;33503900;08.1.759.0958;PMSP-SMDHC/FUMCAD;2;Remuneração de Pessoal;5;Outros Serviços de Terceiros - Pessoa Jurídica;90.10.14.422.4019.6160.33503900.08.1.759.0958;118216.47;0.0;118216.47;118216.47;118216.47;0.0;;759;0958;1;02/03/2026 09:49:01;;08;90;33503900;Contratação PJ sem Fins Lucrativos;6160;UN;"Projeto ""Conexão acolhedora: Enfrentando a violência e a evasão escolar""";1;118216.47
01;PREFEITURA DO MUNICÍPIO DE SÃO PAULO;6137;3910;2026;1;21/01/2026 00:00:00;6074.2021/0004220-0;17016104000278;AGENCIA DO BEM;7117;2024;90;FUMCAD;Fundo Municipal dos Direitos da Criança e do Adolescente;10;Fundo Municipal dos Direitos da Criança e do Adolescente;14;Direitos da Cidadania;422;Direitos Individuais, Coletivos e Difusos;4019;Proteção a Crianças e Adolescentes;6160;Ações Permanentes de Promoção dos Direitos da Criança e do Adolescente;FUMCAD;Criança e Adolescente;FUMCAD;3;Despesas Correntes;3;Outras Despesas Correntes;50;Transferências a Instituições Privadas sem Fins Lucrativos;39;Serviços de Assistência Social;33503900;08.1.759.0958;PMSP-SMDHC/FUMCAD;2;Outras Despesas;5;Outros Serviços de Terceiros - Pessoa Jurídica;90.10.14.422.4019.6160.33503900.08.1.759.0958;187571.44;0.0;187571.44;187571.44;187571.44;0.0;;759;0958;1;02/03/2026 09:49:01;;08;90;33503900;Contratação PJ sem Fins Lucrativos;6160;UN;TFM/017/2024/SMDHC/FUMCAD;1;187571.44
01;PREFEITURA DO MUNICÍPIO DE SÃO PAULO;6137;3920;2026;1;21/01/2026 00:00:00;6074.2021/0004220-0;17016104000278;AGENCIA DO BEM;7117;2024;90;FUMCAD;Fundo Municipal dos Direitos da Criança e do Adolescente;10;Fundo Municipal dos Direitos da Criança e do Adolescente;14;Direitos da Cidadania;422;Direitos Individuais, Coletivos e Difusos;4019;Proteção a Crianças e Adolescentes;6160;Ações Permanentes de Promoção dos Direitos da Criança e do Adolescente;FUMCAD;Criança e Adolescente;FUMCAD;3;Despesas Correntes;3;Outras Despesas Correntes;50;Transferências a Instituições Privadas sem Fins Lucrativos;39;Serviços de Assistência Social;33503900;08.1.759.0958;PMSP-SMDHC/FUMCAD;2;Remuneração de Pessoal;5;Outros Serviços de Terceiros - Pessoa Jurídica;90.10.14.422.4019.6160.33503900.08.1.759.0958;58335.0;0.0;58335.0;58335.0;58335.0;0.0;;759;0958;1;02/03/2026 09:49:01;;08;90;33503900;Contratação PJ sem Fins Lucrativos;6160;UN;TFM/017/2024/SMDHC/FUMCAD;1;58335.0
01;PREFEITURA DO MUNICÍPIO DE SÃO PAULO;6170;3961;2026;1;21/01/2026 00:00:00;6074.2023/0002180-0;00491904000167;DOUTORES DA ALEGRIA - ARTE, FORMAÇÃO E DESENVOLVIMENTO;6298;2025;90;FUMCAD;Fundo Municipal dos Direitos da Criança e do Adolescente;10;Fundo Municipal dos Direitos da Criança e do Adolescente;14;Direitos da Cidadania;422;Direitos Individuais, Coletivos e Difusos;4019;Proteção a Crianças e Adolescentes;6160;Ações Permanentes de Promoção dos Direitos da Criança e do Adolescente;FUMCAD;Criança e Adolescente;FUMCAD;3;Despesas Correntes;3;Outras Despesas Correntes;50;Transferências a Instituições Privadas sem Fins Lucrativos;39;Serviços de Assistência Social;33503900;08.1.759.0958;PMSP-SMDHC/FUMCAD;2;Outras Despesas;5;Outros Serviços de Terceiros - Pessoa Jurídica;90.10.14.422.4019.6160.33503900.08.1.759.0958;598494.6;0.0;598494.6;160706.76;0.0;0.0;;759;0958;1;02/03/2026 09:49:01;;08;90;33503900;Contratação PJ sem Fins Lucrativos;6160;UN;"TFM/017/2025/SMDHC/FUMCAD - Projeto ""Doutores da Alegria – Do direito à arte ao direito de brincar"".";1;598494.6
01;PREFEITURA DO MUNICÍPIO DE SÃO PAULO;6208;4003;2026;1;21/01/2026 00:00:00;6074.2021/0004249-9;60507100000130;FUNDACAO DORINA NOWILL PARA CEGOS;6930;2024;90;FUMCAD;Fundo Municipal dos Direitos da Criança e do Adolescente;10;Fundo Municipal dos Direitos da Criança e do Adolescente;14;Direitos da Cidadania;422;Direitos Individuais, Coletivos e Difusos;4019;Proteção a Crianças e Adolescentes;6160;Ações Permanentes de Promoção dos Direitos da Criança e do Adolescente;FUMCAD;Criança e Adolescente;FUMCAD;3;Despesas Correntes;3;Outras Despesas Correntes;50;Transferências a Instituições Privadas sem Fins Lucrativos;39;Serviços de Assistência Social;33503900;08.1.759.0958;PMSP-SMDHC/FUMCAD;2;Outras Despesas;5;Outros Serviços de Terceiros - Pessoa Jurídica;90.10.14.422.4019.6160.33503900.08.1.759.0958;5988.48;0.0;5988.48;5988.48;5988.48;0.0;;759;0958;1;02/03/2026 09:49:01;;08;90;33503900;Contratação PJ sem Fins Lucrativos;6160;UN;TFM/018/2024/SMDHC/FUMCAD;1;5988.48
01;PREFEITURA DO MUNICÍPIO DE SÃO PAULO;6208;4009;2026;1;21/01/2026 00:00:00;6074.2021/0004249-9;60507100000130;FUNDACAO DORINA NOWILL PARA CEGOS;6930;2024;90;FUMCAD;Fundo Municipal dos Direitos da Criança e do Adolescente;10;Fundo Municipal dos Direitos da Criança e do Adolescente;14;Direitos da Cidadania;422;Direitos Individuais, Coletivos e Difusos;4019;Proteção a Crianças e Adolescentes;6160;Ações Permanentes de Promoção dos Direitos da Criança e do Adolescente;FUMCAD;Criança e Adolescente;FUMCAD;3;Despesas Correntes;3;Outras Despesas Correntes;50;Transferências a Instituições Privadas sem Fins Lucrativos;39;Serviços de Assistência Social;33503900;08.1.759.0958;PMSP-SMDHC/FUMCAD;2;Remuneração de Pessoal;5;Outros Serviços de Terceiros - Pessoa Jurídica;90.10.14.422.4019.6160.33503900.08.1.759.0958;119079.72;0.0;119079.72;119079.72;119079.72;0.0;;759;0958;1;02/03/2026 09:49:01;;08;90;33503900;Contratação PJ sem Fins Lucrativos;6160;UN;TFM/018/2024/SMDHC/FUMCAD;1;119079.72
01;PREFEITURA DO MUNICÍPIO DE SÃO PAULO;6247;4041;2026;1;21/01/2026 00:00:00;6074.2024/0007746-8;60731569000159;SOCIEDADE SANTOS MARTIRES;7235;2025;90;FUMCAD;Fundo Municipal dos Direitos da Criança e do Adolescente;10;Fundo Municipal dos Direitos da Criança e do Adolescente;14;Direitos da Cidadania;422;Direitos Individuais, Coletivos e Difusos;4019;Proteção a Crianças e Adolescentes;6160;Ações Permanentes de Promoção dos Direitos da Criança e do Adolescente;FUMCAD;Criança e Adolescente;FUMCAD;3;Despesas Correntes;3;Outras Despesas Correntes;50;Transferências a Instituições Privadas sem Fins Lucrativos;39;Serviços de Assistência Social;33503900;08.1.759.0958;PMSP-SMDHC/FUMCAD;2;Outras Despesas;5;Outros Serviços de Terceiros - Pessoa Jurídica;90.10.14.422.4019.6160.33503900.08.1.759.0958;264916.46;0.0;264916.46;264916.46;264916.46;0.0;;759;0958;1;02/03/2026 09:49:01;;08;90;33503900;Contratação PJ sem Fins Lucrativos;6160;UN;"Projeto ""Vozes da Infância – O protagonismo juvenil no combate ao trabalho infantil""";1;264916.46
01;PREFEITURA DO MUNICÍPIO DE SÃO PAULO;6260;4082;2026;1;21/01/2026 00:00:00;6074.2022/0001695-3;03873905000164;ASSOCIAÇÃO HELENA PICCARD DE ANDRADE SILVA - AHPAS;7874;2025;90;FUMCAD;Fundo Municipal dos Direitos da Criança e do Adolescente;10;Fundo Municipal dos Direitos da Criança e do Adolescente;14;Direitos da Cidadania;422;Direitos Individuais, Coletivos e Difusos;4019;Proteção a Crianças e Adolescentes;6160;Ações Permanentes de Promoção dos Direitos da Criança e do Adolescente;FUMCAD;Criança e Adolescente;FUMCAD;3;Despesas Correntes;3;Outras Despesas Correntes;50;Transferências a Instituições Privadas sem Fins Lucrativos;39;Serviços de Assistência Social;33503900;08.1.759.0958;PMSP-SMDHC/FUMCAD;2;Outras Despesas;5;Outros Serviços de Terceiros - Pessoa Jurídica;90.10.14.422.4019.6160.33503900.08.1.759.0958;315666.2;0.0;315666.2;315666.2;315666.2;0.0;;759;0958;1;02/03/2026 09:49:01;;08;90;33503900;Contratação PJ sem Fins Lucrativos;6160;UN;"TFM/019/2025/SMDHC/FUMCAD - Projeto ""Esperança à caminho para crianças e adolescentes em tratamento oncológico"".";1;315666.2
01;PREFEITURA DO MUNICÍPIO DE SÃO PAULO;6260;4089;2026;1;21/01/2026 00:00:00;6074.2022/0001695-3;03873905000164;ASSOCIAÇÃO HELENA PICCARD DE ANDRADE SILVA - AHPAS;7874;2025;90;FUMCAD;Fundo Municipal dos Direitos da Criança e do Adolescente;10;Fundo Municipal dos Direitos da Criança e do Adolescente;14;Direitos da Cidadania;422;Direitos Individuais, Coletivos e Difusos;4019;Proteção a Crianças e Adolescentes;6160;Ações Permanentes de Promoção dos Direitos da Criança e do Adolescente;FUMCAD;Criança e Adolescente;FUMCAD;3;Despesas Correntes;3;Outras Despesas Correntes;50;Transferências a Instituições Privadas sem Fins Lucrativos;39;Serviços de Assistência Social;33503900;08.1.759.0958;PMSP-SMDHC/FUMCAD;2;Remuneração de Pessoal;5;Outros Serviços de Terceiros - Pessoa Jurídica;90.10.14.422.4019.6160.33503900.08.1.759.0958;485057.45;0.0;485057.45;485057.45;485057.45;0.0;;759;0958;1;02/03/2026 09:49:01;;08;90;33503900;Contratação PJ sem Fins Lucrativos;6160;UN;"TFM/019/2025/SMDHC/FUMCAD - Projeto ""Esperança à caminho para crianças e adolescentes em tratamento oncológico"".";1;485057.45
01;PREFEITURA DO MUNICÍPIO DE SÃO PAULO;6314;4154;2026;1;21/01/2026 00:00:00;6074.2024/0007509-0;04250687000174;AAPQ  ASSOCIACAO DE APOIO AO PROJETO QUIXOTE;5562;2025;90;FUMCAD;Fundo Municipal dos Direitos da Criança e do Adolescente;10;Fundo Municipal dos Direitos da Criança e do Adolescente;14;Direitos da Cidadania;422;Direitos Individuais, Coletivos e Difusos;4019;Proteção a Crianças e Adolescentes;6160;Ações Permanentes de Promoção dos Direitos da Criança e do Adolescente;FUMCAD;Criança e Adolescente;FUMCAD;3;Despesas Correntes;3;Outras Despesas Correntes;50;Transferências a Instituições Privadas sem Fins Lucrativos;39;Serviços de Assistência Social;33503900;08.1.759.0958;PMSP-SMDHC/FUMCAD;2;Outras Despesas;5;Outros Serviços de Terceiros - Pessoa Jurídica;90.10.14.422.4019.6160.33503900.08.1.759.0958;39140.0;0.0;39140.0;39140.0;0.0;0.0;;759;0958;1;02/03/2026 09:49:01;;08;90;33503900;Contratação PJ sem Fins Lucrativos;6160;UN;"TFM/006/2025/SMDHC/FUMCAD - Projeto ""Quixote na escola: prevenção da violência e do uso de drogas"".";1;39140.0
01;PREFEITURA DO MUNICÍPIO DE SÃO PAULO;6314;4159;2026;1;21/01/2026 00:00:00;6074.2024/0007509-0;04250687000174;AAPQ  ASSOCIACAO DE APOIO AO PROJETO QUIXOTE;5562;2025;90;FUMCAD;Fundo Municipal dos Direitos da Criança e do Adolescente;10;Fundo Municipal dos Direitos da Criança e do Adolescente;14;Direitos da Cidadania;422;Direitos Individuais, Coletivos e Difusos;4019;Proteção a Crianças e Adolescentes;6160;Ações Permanentes de Promoção dos Direitos da Criança e do Adolescente;FUMCAD;Criança e Adolescente;FUMCAD;3;Despesas Correntes;3;Outras Despesas Correntes;50;Transferências a Instituições Privadas sem Fins Lucrativos;39;Serviços de Assistência Social;33503900;08.1.759.0958;PMSP-SMDHC/FUMCAD;2;Remuneração de Pessoal;5;Outros Serviços de Terceiros - Pessoa Jurídica;90.10.14.422.4019.6160.33503900.08.1.759.0958;105509.05;0.0;105509.05;105509.05;0.0;0.0;;759;0958;1;02/03/2026 09:49:01;;08;90;33503900;Contratação PJ sem Fins Lucrativos;6160;UN;"TFM/006/2025/SMDHC/FUMCAD - Projeto ""Quixote na escola: prevenção da violência e do uso de drogas"".";1;105509.05
01;PREFEITURA DO MUNICÍPIO DE SÃO PAULO;6330;4194;2026;1;21/01/2026 00:00:00;6074.2022/0001840-9;18929394000122;INSTITUTO PEDRO MACAMBIRA;6695;2024;90;FUMCAD;Fundo Municipal dos Direitos da Criança e do Adolescente;10;Fundo Municipal dos Direitos da Criança e do Adolescente;14;Direitos da Cidadania;422;Direitos Individuais, Coletivos e Difusos;4019;Proteção a Crianças e Adolescentes;6160;Ações Permanentes de Promoção dos Direitos da Criança e do Adolescente;FUMCAD;Criança e Adolescente;FUMCAD;3;Despesas Correntes;3;Outras Despesas Correntes;50;Transferências a Instituições Privadas sem Fins Lucrativos;39;Serviços de Assistência Social;33503900;08.1.759.0958;PMSP-SMDHC/FUMCAD;2;Outras Despesas;5;Outros Serviços de Terceiros - Pessoa Jurídica;90.10.14.422.4019.6160.33503900.08.1.759.0958;35532.0;0.0;35532.0;35532.0;35532.0;0.0;;759;0958;1;02/03/2026 09:49:01;;08;90;33503900;Contratação PJ sem Fins Lucrativos;6160;UN;TFM/007/2024/SMDHC/FUMCAD;1;35532.0
01;PREFEITURA DO MUNICÍPIO DE SÃO PAULO;6330;4198;2026;1;21/01/2026 00:00:00;6074.2022/0001840-9;18929394000122;INSTITUTO PEDRO MACAMBIRA;6695;2024;90;FUMCAD;Fundo Municipal dos Direitos da Criança e do Adolescente;10;Fundo Municipal dos Direitos da Criança e do Adolescente;14;Direitos da Cidadania;422;Direitos Individuais, Coletivos e Difusos;4019;Proteção a Crianças e Adolescentes;6160;Ações Permanentes de Promoção dos Direitos da Criança e do Adolescente;FUMCAD;Criança e Adolescente;FUMCAD;3;Despesas Correntes;3;Outras Despesas Correntes;50;Transferências a Instituições Privadas sem Fins Lucrativos;39;Serviços de Assistência Social;33503900;08.1.759.0958;PMSP-SMDHC/FUMCAD;2;Remuneração de Pessoal;5;Outros Serviços de Terceiros - Pessoa Jurídica;90.10.14.422.4019.6160.33503900.08.1.759.0958;44255.0;0.0;44255.0;44255.0;44255.0;0.0;;759;0958;1;02/03/2026 09:49:01;;08;90;33503900;Contratação PJ sem Fins Lucrativos;6160;UN;TFM/007/2024/SMDHC/FUMCAD;1;44255.0
01;PREFEITURA DO MUNICÍPIO DE SÃO PAULO;6348;4247;2026;1;21/01/2026 00:00:00;6074.2024/0007492-2;34521488000114;INSTITUTO ALICERCE;5717;2025;90;FUMCAD;Fundo Municipal dos Direitos da Criança e do Adolescente;10;Fundo Municipal dos Direitos da Criança e do Adolescente;14;Direitos da Cidadania;422;Direitos Individuais, Coletivos e Difusos;4019;Proteção a Crianças e Adolescentes;6160;Ações Permanentes de Promoção dos Direitos da Criança e do Adolescente;FUMCAD;Criança e Adolescente;FUMCAD;3;Despesas Correntes;3;Outras Despesas Correntes;50;Transferências a Instituições Privadas sem Fins Lucrativos;39;Serviços de Assistência Social;33503900;08.1.759.0958;PMSP-SMDHC/FUMCAD;2;Outras Despesas;5;Outros Serviços de Terceiros - Pessoa Jurídica;90.10.14.422.4019.6160.33503900.08.1.759.0958;143540.0;0.0;143540.0;143540.0;143540.0;0.0;;759;0958;1;02/03/2026 09:49:01;;08;90;33503900;Contratação PJ sem Fins Lucrativos;6160;UN;"TFM/007/2025/SMDHC/FUMCAD - Projeto ""Educar para Transformar""";1;143540.0
01;PREFEITURA DO MUNICÍPIO DE SÃO PAULO;6369;4290;2026;1;21/01/2026 00:00:00;6074.2024/0007708-5;61750246000175;ACAO COMUNITARIA DO BRASIL VOCACAO;5558;2025;90;FUMCAD;Fundo Municipal dos Direitos da Criança e do Adolescente;10;Fundo Municipal dos Direitos da Criança e do Adolescente;14;Direitos da Cidadania;422;Direitos Individuais, Coletivos e Difusos;4019;Proteção a Crianças e Adolescentes;6160;Ações Permanentes de Promoção dos Direitos da Criança e do Adolescente;FUMCAD;Criança e Adolescente;FUMCAD;3;Despesas Correntes;3;Outras Despesas Correntes;50;Transferências a Instituições Privadas sem Fins Lucrativos;39;Serviços de Assistência Social;33503900;08.1.759.0958;PMSP-SMDHC/FUMCAD;2;Outras Despesas;5;Outros Serviços de Terceiros - Pessoa Jurídica;90.10.14.422.4019.6160.33503900.08.1.759.0958;29336.9;0.0;29336.9;29336.9;29336.9;0.0;;759;0958;1;02/03/2026 09:49:01;;08;90;33503900;Contratação PJ sem Fins Lucrativos;6160;UN;"Projeto ""Crê-Ser: Criança protegida""";1;29336.9
01;PREFEITURA DO MUNICÍPIO DE SÃO PAULO;6369;4293;2026;1;21/01/2026 00:00:00;6074.2024/0007708-5;61750246000175;ACAO COMUNITARIA DO BRASIL VOCACAO;5558;2025;90;FUMCAD;Fundo Municipal dos Direitos da Criança e do Adolescente;10;Fundo Municipal dos Direitos da Criança e do Adolescente;14;Direitos da Cidadania;422;Direitos Individuais, Coletivos e Difusos;4019;Proteção a Crianças e Adolescentes;6160;Ações Permanentes de Promoção dos Direitos da Criança e do Adolescente;FUMCAD;Criança e Adolescente;FUMCAD;3;Despesas Correntes;3;Outras Despesas Correntes;50;Transferências a Instituições Privadas sem Fins Lucrativos;39;Serviços de Assistência Social;33503900;08.1.759.0958;PMSP-SMDHC/FUMCAD;2;Remuneração de Pessoal;5;Outros Serviços de Terceiros - Pessoa Jurídica;90.10.14.422.4019.6160.33503900.08.1.759.0958;85436.44;0.0;85436.44;85436.44;85436.44;0.0;;759;0958;1;02/03/2026 09:49:01;;08;90;33503900;Contratação PJ sem Fins Lucrativos;6160;UN;"Projeto ""Crê-Ser: Criança protegida""";1;85436.44
01;PREFEITURA DO MUNICÍPIO DE SÃO PAULO;6381;4321;2026;1;21/01/2026 00:00:00;6074.2023/0002086-3;34521488000114;INSTITUTO ALICERCE;5595;2025;90;FUMCAD;Fundo Municipal dos Direitos da Criança e do Adolescente;10;Fundo Municipal dos Direitos da Criança e do Adolescente;14;Direitos da Cidadania;422;Direitos Individuais, Coletivos e Difusos;4019;Proteção a Crianças e Adolescentes;6160;Ações Permanentes de Promoção dos Direitos da Criança e do Adolescente;FUMCAD;Criança e Adolescente;FUMCAD;3;Despesas Correntes;3;Outras Despesas Correntes;50;Transferências a Instituições Privadas sem Fins Lucrativos;39;Serviços de Assistência Social;33503900;08.1.759.0958;PMSP-SMDHC/FUMCAD;2;Outras Despesas;5;Outros Serviços de Terceiros - Pessoa Jurídica;90.10.14.422.4019.6160.33503900.08.1.759.0958;198220.0;0.0;198220.0;198220.0;198220.0;0.0;;759;0958;1;02/03/2026 09:49:01;;08;90;33503900;Contratação PJ sem Fins Lucrativos;6160;UN;"TFM/009/2025/SMDHC/FUMCAD - Projeto ""Educando para a vida - Empregabilidade 23.1""";1;198220.0
01;PREFEITURA DO MUNICÍPIO DE SÃO PAULO;6381;4324;2026;1;21/01/2026 00:00:00;6074.2023/0002086-3;34521488000114;INSTITUTO ALICERCE;5595;2025;90;FUMCAD;Fundo Municipal dos Direitos da Criança e do Adolescente;10;Fundo Municipal dos Direitos da Criança e do Adolescente;14;Direitos da Cidadania;422;Direitos Individuais, Coletivos e Difusos;4019;Proteção a Crianças e Adolescentes;6160;Ações Permanentes de Promoção dos Direitos da Criança e do Adolescente;FUMCAD;Criança e Adolescente;FUMCAD;3;Despesas Correntes;3;Outras Despesas Correntes;50;Transferências a Instituições Privadas sem Fins Lucrativos;39;Serviços de Assistência Social;33503900;08.1.759.0958;PMSP-SMDHC/FUMCAD;2;Remuneração de Pessoal;5;Outros Serviços de Terceiros - Pessoa Jurídica;90.10.14.422.4019.6160.33503900.08.1.759.0958;4965.62;0.0;4965.62;4965.62;4965.62;0.0;;759;0958;1;02/03/2026 09:49:01;;08;90;33503900;Contratação PJ sem Fins Lucrativos;6160;UN;"TFM/009/2025/SMDHC/FUMCAD - Projeto ""Educando para a vida - Empregabilidade 23.1""";1;4965.62
01;PREFEITURA DO MUNICÍPIO DE SÃO PAULO;6400;4352;2026;1;21/01/2026 00:00:00;6074.2023/0001960-1;10837495000161;ÁGAPE PHILOS - INSTITUTO DE APOIO AO CRESCIMENTO E DESENVOLVIMENTO INFANTOJUVENIL;6574;2024;90;FUMCAD;Fundo Municipal dos Direitos da Criança e do Adolescente;10;Fundo Municipal dos Direitos da Criança e do Adolescente;14;Direitos da Cidadania;422;Direitos Individuais, Coletivos e Difusos;4019;Proteção a Crianças e Adolescentes;6160;Ações Permanentes de Promoção dos Direitos da Criança e do Adolescente;FUMCAD;Criança e Adolescente;FUMCAD;3;Despesas Correntes;3;Outras Despesas Correntes;50;Transferências a Instituições Privadas sem Fins Lucrativos;39;Serviços de Assistência Social;33503900;08.1.759.0958;PMSP-SMDHC/FUMCAD;2;Outras Despesas;5;Outros Serviços de Terceiros - Pessoa Jurídica;90.10.14.422.4019.6160.33503900.08.1.759.0958;74970.0;0.0;74970.0;74970.0;74970.0;0.0;;759;0958;1;02/03/2026 09:49:01;;08;90;33503900;Contratação PJ sem Fins Lucrativos;6160;UN;"TFM/010/2024/SMDHC/FUMCAD - Projeto ""PAJE - Projeto - Acolhimento - Jovens - Equilíbrio.";1;74970.0
01;PREFEITURA DO MUNICÍPIO DE SÃO PAULO;6407;4377;2026;1;21/01/2026 00:00:00;6074.2022/0000993-0;05199987000139;ORGANIZACAO PARA PRODUCAO E DEMOCRATIZACAO DA INFORMACAO CANTO CIDADAO;6904;2025;90;FUMCAD;Fundo Municipal dos Direitos da Criança e do Adolescente;10;Fundo Municipal dos Direitos da Criança e do Adolescente;14;Direitos da Cidadania;422;Direitos Individuais, Coletivos e Difusos;4019;Proteção a Crianças e Adolescentes;6160;Ações Permanentes de Promoção dos Direitos da Criança e do Adolescente;FUMCAD;Criança e Adolescente;FUMCAD;3;Despesas Correntes;3;Outras Despesas Correntes;50;Transferências a Instituições Privadas sem Fins Lucrativos;39;Serviços de Assistência Social;33503900;08.1.759.0958;PMSP-SMDHC/FUMCAD;2;Outras Despesas;5;Outros Serviços de Terceiros - Pessoa Jurídica;90.10.14.422.4019.6160.33503900.08.1.759.0958;33050.0;0.0;33050.0;33050.0;33050.0;0.0;;759;0958;1;02/03/2026 09:49:01;;08;90;33503900;Contratação PJ sem Fins Lucrativos;6160;UN;"TFM/010/2025/SMDHC/FUMCAD - Projeto ""Bonde Cultural a Pé""";1;33050.0
01;PREFEITURA DO MUNICÍPIO DE SÃO PAULO;6422;4402;2026;1;21/01/2026 00:00:00;6074.2024/0007706-9;74137126000149;ALDEIA DO FUTURO  ASSOCIACAO PARA MELHORIA DA CONDICAO DA POPULACAO CARENTE;30107;2025;90;FUMCAD;Fundo Municipal dos Direitos da Criança e do Adolescente;10;Fundo Municipal dos Direitos da Criança e do Adolescente;14;Direitos da Cidadania;422;Direitos Individuais, Coletivos e Difusos;4019;Proteção a Crianças e Adolescentes;6160;Ações Permanentes de Promoção dos Direitos da Criança e do Adolescente;FUMCAD;Criança e Adolescente;FUMCAD;3;Despesas Correntes;3;Outras Despesas Correntes;50;Transferências a Instituições Privadas sem Fins Lucrativos;39;Serviços de Assistência Social;33503900;08.1.759.0958;PMSP-SMDHC/FUMCAD;2;Outras Despesas;5;Outros Serviços de Terceiros - Pessoa Jurídica;90.10.14.422.4019.6160.33503900.08.1.759.0958;414098.45;0.0;414098.45;0.0;0.0;0.0;;759;0958;1;02/03/2026 09:49:01;;08;90;33503900;Contratação PJ sem Fins Lucrativos;6160;UN;"TFM/093/2025/SMDHC/FUMCAD - Termo de Fomento - Projeto ""Se liga Jovem"".";1;414098.45
01;PREFEITURA DO MUNICÍPIO DE SÃO PAULO;6422;4405;2026;1;21/01/2026 00:00:00;6074.2024/0007706-9;74137126000149;ALDEIA DO FUTURO  ASSOCIACAO PARA MELHORIA DA CONDICAO DA POPULACAO CARENTE;30107;2025;90;FUMCAD;Fundo Municipal dos Direitos da Criança e do Adolescente;10;Fundo Municipal dos Direitos da Criança e do Adolescente;14;Direitos da Cidadania;422;Direitos Individuais, Coletivos e Difusos;4019;Proteção a Crianças e Adolescentes;6160;Ações Permanentes de Promoção dos Direitos da Criança e do Adolescente;FUMCAD;Criança e Adolescente;FUMCAD;3;Despesas Correntes;3;Outras Despesas Correntes;50;Transferências a Instituições Privadas sem Fins Lucrativos;39;Serviços de Assistência Social;33503900;08.1.759.0958;PMSP-SMDHC/FUMCAD;2;Remuneração de Pessoal;5;Outros Serviços de Terceiros - Pessoa Jurídica;90.10.14.422.4019.6160.33503900.08.1.759.0958;179890.61;0.0;179890.61;0.0;0.0;0.0;;759;0958;1;02/03/2026 09:49:01;;08;90;33503900;Contratação PJ sem Fins Lucrativos;6160;UN;"TFM/093/2025/SMDHC/FUMCAD - Termo de Fomento - Projeto ""Se liga Jovem"".";1;179890.61
01;PREFEITURA DO MUNICÍPIO DE SÃO PAULO;6430;4426;2026;1;21/01/2026 00:00:00;6074.2024/0007498-1;14101149000171;INSTITUTO ASAS PARA VOAR;7752;2025;90;FUMCAD;Fundo Municipal dos Direitos da Criança e do Adolescente;10;Fundo Municipal dos Direitos da Criança e do Adolescente;14;Direitos da Cidadania;422;Direitos Individuais, Coletivos e Difusos;4019;Proteção a Crianças e Adolescentes;6160;Ações Permanentes de Promoção dos Direitos da Criança e do Adolescente;FUMCAD;Criança e Adolescente;FUMCAD;3;Despesas Correntes;3;Outras Despesas Correntes;50;Transferências a Instituições Privadas sem Fins Lucrativos;39;Serviços de Assistência Social;33503900;08.1.759.0958;PMSP-SMDHC/FUMCAD;2;Outras Despesas;5;Outros Serviços de Terceiros - Pessoa Jurídica;90.10.14.422.4019.6160.33503900.08.1.759.0958;175693.2;0.0;175693.2;175693.2;175693.2;0.0;;759;0958;1;02/03/2026 09:49:01;;08;90;33503900;Contratação PJ sem Fins Lucrativos;6160;UN;" TFM/011/2025/SMDHC/FUMCAD - Projeto “Asas Pra Voar: Consciência, Prevenção Combate ao Uso de Substâncias e Ferramentas Tecnológicas Nocivas""";1;175693.2
01;PREFEITURA DO MUNICÍPIO DE SÃO PAULO;6435;4448;2026;1;21/01/2026 00:00:00;6074.2024/0007754-9;07883701000165;ASSOCIACAO CASA DOS CURUMINS;7207;2025;90;FUMCAD;Fundo Municipal dos Direitos da Criança e do Adolescente;10;Fundo Municipal dos Direitos da Criança e do Adolescente;14;Direitos da Cidadania;422;Direitos Individuais, Coletivos e Difusos;4019;Proteção a Crianças e Adolescentes;6160;Ações Permanentes de Promoção dos Direitos da Criança e do Adolescente;FUMCAD;Criança e Adolescente;FUMCAD;3;Despesas Correntes;3;Outras Despesas Correntes;50;Transferências a Instituições Privadas sem Fins Lucrativos;39;Serviços de Assistência Social;33503900;08.1.759.0958;PMSP-SMDHC/FUMCAD;2;Outras Despesas;5;Outros Serviços de Terceiros - Pessoa Jurídica;90.10.14.422.4019.6160.33503900.08.1.759.0958;50873.5;0.0;50873.5;50873.5;0.0;0.0;;759;0958;1;02/03/2026 09:49:01;;08;90;33503900;Contratação PJ sem Fins Lucrativos;6160;UN;"TFM/012/2025/SMDHC/FUMCAD - Projeto ""Caminhos de Sucesso: Infância na Escola""";1;50873.5
01;PREFEITURA DO MUNICÍPIO DE SÃO PAULO;6435;4451;2026;1;21/01/2026 00:00:00;6074.2024/0007754-9;07883701000165;ASSOCIACAO CASA DOS CURUMINS;7207;2025;90;FUMCAD;Fundo Municipal dos Direitos da Criança e do Adolescente;10;Fundo Municipal dos Direitos da Criança e do Adolescente;14;Direitos da Cidadania;422;Direitos Individuais, Coletivos e Difusos;4019;Proteção a Crianças e Adolescentes;6160;Ações Permanentes de Promoção dos Direitos da Criança e do Adolescente;FUMCAD;Criança e Adolescente;FUMCAD;3;Despesas Correntes;3;Outras Despesas Correntes;50;Transferências a Instituições Privadas sem Fins Lucrativos;39;Serviços de Assistência Social;33503900;08.1.759.0958;PMSP-SMDHC/FUMCAD;2;Remuneração de Pessoal;5;Outros Serviços de Terceiros - Pessoa Jurídica;90.10.14.422.4019.6160.33503900.08.1.759.0958;137339.31;0.0;137339.31;137339.31;0.0;0.0;;759;0958;1;02/03/2026 09:49:01;;08;90;33503900;Contratação PJ sem Fins Lucrativos;6160;UN;"TFM/012/2025/SMDHC/FUMCAD - Projeto ""Caminhos de Sucesso: Infância na Escola""";1;137339.31
01;PREFEITURA DO MUNICÍPIO DE SÃO PAULO;6437;4464;2026;1;21/01/2026 00:00:00;6074.2023/0002251-3;22247129000131;COOPERATIVA DE TRABALHO DE ARTISTAS;18023;2024;90;FUMCAD;Fundo Municipal dos Direitos da Criança e do Adolescente;10;Fundo Municipal dos Direitos da Criança e do Adolescente;14;Direitos da Cidadania;422;Direitos Individuais, Coletivos e Difusos;4019;Proteção a Crianças e Adolescentes;6160;Ações Permanentes de Promoção dos Direitos da Criança e do Adolescente;FUMCAD;Criança e Adolescente;FUMCAD;3;Despesas Correntes;3;Outras Despesas Correntes;50;Transferências a Instituições Privadas sem Fins Lucrativos;39;Serviços de Assistência Social;33503900;08.1.759.0958;PMSP-SMDHC/FUMCAD;2;Outras Despesas;5;Outros Serviços de Terceiros - Pessoa Jurídica;90.10.14.422.4019.6160.33503900.08.1.759.0958;164000.0;0.0;164000.0;164000.0;164000.0;0.0;;759;0958;1;02/03/2026 09:49:01;;08;90;33503900;Contratação PJ sem Fins Lucrativos;6160;UN;"TFM/083/2024/SMDHC/FUMCAD - Projeto ""Muvuca no Teatro: LedAzeda na Cidade Tiradentes""";1;164000.0
01;PREFEITURA DO MUNICÍPIO DE SÃO PAULO;6441;4488;2026;1;21/01/2026 00:00:00;6074.2023/0002252-1;74682550000174;ASSOCIAÇÃO COMUNITÁRIA DESPERTAR;1579;2026;90;FUMCAD;Fundo Municipal dos Direitos da Criança e do Adolescente;10;Fundo Municipal dos Direitos da Criança e do Adolescente;14;Direitos da Cidadania;422;Direitos Individuais, Coletivos e Difusos;4019;Proteção a Crianças e Adolescentes;6160;Ações Permanentes de Promoção dos Direitos da Criança e do Adolescente;FUMCAD;Criança e Adolescente;FUMCAD;3;Despesas Correntes;3;Outras Despesas Correntes;50;Transferências a Instituições Privadas sem Fins Lucrativos;39;Serviços de Assistência Social;33503900;08.1.759.0958;PMSP-SMDHC/FUMCAD;2;Outras Despesas;5;Outros Serviços de Terceiros - Pessoa Jurídica;90.10.14.422.4019.6160.33503900.08.1.759.0958;241837.7;0.0;241837.7;0.0;0.0;0.0;;759;0958;1;02/03/2026 09:49:01;;08;90;33503900;Contratação PJ sem Fins Lucrativos;6160;UN;"Projeto ""A música e o psicodrama no desenvolvimento de habilidades sociais e emocionais dos adolescentes da Cidade Ademar""";1;241837.7
01;PREFEITURA DO MUNICÍPIO DE SÃO PAULO;6441;4490;2026;1;21/01/2026 00:00:00;6074.2023/0002252-1;74682550000174;ASSOCIAÇÃO COMUNITÁRIA DESPERTAR;1579;2026;90;FUMCAD;Fundo Municipal dos Direitos da Criança e do Adolescente;10;Fundo Municipal dos Direitos da Criança e do Adolescente;14;Direitos da Cidadania;422;Direitos Individuais, Coletivos e Difusos;4019;Proteção a Crianças e Adolescentes;6160;Ações Permanentes de Promoção dos Direitos da Criança e do Adolescente;FUMCAD;Criança e Adolescente;FUMCAD;3;Despesas Correntes;3;Outras Despesas Correntes;50;Transferências a Instituições Privadas sem Fins Lucrativos;39;Serviços de Assistência Social;33503900;08.1.759.0958;PMSP-SMDHC/FUMCAD;2;Remuneração de Pessoal;5;Outros Serviços de Terceiros - Pessoa Jurídica;90.10.14.422.4019.6160.33503900.08.1.759.0958;129196.4;0.0;129196.4;0.0;0.0;0.0;;759;0958;1;02/03/2026 09:49:01;;08;90;33503900;Contratação PJ sem Fins Lucrativos;6160;UN;"Projeto ""A música e o psicodrama no desenvolvimento de habilidades sociais e emocionais dos adolescentes da Cidade Ademar""";1;129196.4
01;PREFEITURA DO MUNICÍPIO DE SÃO PAULO;6645;4840;2026;1;22/01/2026 00:00:00;6074.2023/0002308-0;07078186000140;FUNDACAO OFTALMOLOGICA DR RUBEM CUNHA;20129;2024;90;FUMCAD;Fundo Municipal dos Direitos da Criança e do Adolescente;10;Fundo Municipal dos Direitos da Criança e do Adolescente;14;Direitos da Cidadania;422;Direitos Individuais, Coletivos e Difusos;4019;Proteção a Crianças e Adolescentes;6160;Ações Permanentes de Promoção dos Direitos da Criança e do Adolescente;FUMCAD;Criança e Adolescente;FUMCAD;3;Despesas Correntes;3;Outras Despesas Correntes;50;Transferências a Instituições Privadas sem Fins Lucrativos;39;Serviços de Assistência Social;33503900;08.1.759.0958;PMSP-SMDHC/FUMCAD;2;Outras Despesas;5;Outros Serviços de Terceiros - Pessoa Jurídica;90.10.14.422.4019.6160.33503900.08.1.759.0958;203085.85;0.0;203085.85;203085.85;203085.85;0.0;;759;0958;1;02/03/2026 09:49:01;;08;90;33503900;Contratação PJ sem Fins Lucrativos;6160;UN;"TFM/095/2024/SMDHC/FUMCAD - Projeto ""Miopia e Outras Doenças Oculares em Crianças e Adolescentes"".";1;203085.85
01;PREFEITURA DO MUNICÍPIO DE SÃO PAULO;6645;4845;2026;1;22/01/2026 00:00:00;6074.2023/0002308-0;07078186000140;FUNDACAO OFTALMOLOGICA DR RUBEM CUNHA;20129;2024;90;FUMCAD;Fundo Municipal dos Direitos da Criança e do Adolescente;10;Fundo Municipal dos Direitos da Criança e do Adolescente;14;Direitos da Cidadania;422;Direitos Individuais, Coletivos e Difusos;4019;Proteção a Crianças e Adolescentes;6160;Ações Permanentes de Promoção dos Direitos da Criança e do Adolescente;FUMCAD;Criança e Adolescente;FUMCAD;3;Despesas Correntes;3;Outras Despesas Correntes;50;Transferências a Instituições Privadas sem Fins Lucrativos;39;Serviços de Assistência Social;33503900;08.1.759.0958;PMSP-SMDHC/FUMCAD;2;Remuneração de Pessoal;5;Outros Serviços de Terceiros - Pessoa Jurídica;90.10.14.422.4019.6160.33503900.08.1.759.0958;53300.0;0.0;53300.0;53300.0;53300.0;0.0;;759;0958;1;02/03/2026 09:49:01;;08;90;33503900;Contratação PJ sem Fins Lucrativos;6160;UN;"TFM/095/2024/SMDHC/FUMCAD - Projeto ""Miopia e Outras Doenças Oculares em Crianças e Adolescentes"".";1;53300.0
01;PREFEITURA DO MUNICÍPIO DE SÃO PAULO;6698;4888;2026;1;22/01/2026 00:00:00;6074.2023/0002097-9;07758948000150;ASSOCIACAO AMIGOS DA CASA DA AMIZADE;30715;2025;90;FUMCAD;Fundo Municipal dos Direitos da Criança e do Adolescente;10;Fundo Municipal dos Direitos da Criança e do Adolescente;14;Direitos da Cidadania;422;Direitos Individuais, Coletivos e Difusos;4019;Proteção a Crianças e Adolescentes;6160;Ações Permanentes de Promoção dos Direitos da Criança e do Adolescente;FUMCAD;Criança e Adolescente;FUMCAD;3;Despesas Correntes;3;Outras Despesas Correntes;50;Transferências a Instituições Privadas sem Fins Lucrativos;39;Serviços de Assistência Social;33503900;08.1.759.0958;PMSP-SMDHC/FUMCAD;2;Outras Despesas;5;Outros Serviços de Terceiros - Pessoa Jurídica;90.10.14.422.4019.6160.33503900.08.1.759.0958;313003.75;0.0;313003.75;125254.04;125254.04;0.0;;759;0958;1;02/03/2026 09:49:01;;08;90;33503900;Contratação PJ sem Fins Lucrativos;6160;UN;"TFM/096/2025/SMDHC/FUMCAD - Projeto' 'Apoio Escolar"".";1;313003.75
01;PREFEITURA DO MUNICÍPIO DE SÃO PAULO;6698;4891;2026;1;22/01/2026 00:00:00;6074.2023/0002097-9;07758948000150;ASSOCIACAO AMIGOS DA CASA DA AMIZADE;30715;2025;90;FUMCAD;Fundo Municipal dos Direitos da Criança e do Adolescente;10;Fundo Municipal dos Direitos da Criança e do Adolescente;14;Direitos da Cidadania;422;Direitos Individuais, Coletivos e Difusos;4019;Proteção a Crianças e Adolescentes;6160;Ações Permanentes de Promoção dos Direitos da Criança e do Adolescente;FUMCAD;Criança e Adolescente;FUMCAD;3;Despesas Correntes;3;Outras Despesas Correntes;50;Transferências a Instituições Privadas sem Fins Lucrativos;39;Serviços de Assistência Social;33503900;08.1.759.0958;PMSP-SMDHC/FUMCAD;2;Remuneração de Pessoal;5;Outros Serviços de Terceiros - Pessoa Jurídica;90.10.14.422.4019.6160.33503900.08.1.759.0958;146045.35;0.0;146045.35;57022.09;57022.09;0.0;;759;0958;1;02/03/2026 09:49:01;;08;90;33503900;Contratação PJ sem Fins Lucrativos;6160;UN;"TFM/096/2025/SMDHC/FUMCAD - Projeto' 'Apoio Escolar"".";1;146045.35
01;PREFEITURA DO MUNICÍPIO DE SÃO PAULO;6765;4936;2026;1;22/01/2026 00:00:00;6074.2021/0004230-8;44006203000160;ASSOCIACAO MARIA HELEN DREXEL  AMHD;23713;2024;90;FUMCAD;Fundo Municipal dos Direitos da Criança e do Adolescente;10;Fundo Municipal dos Direitos da Criança e do Adolescente;14;Direitos da Cidadania;422;Direitos Individuais, Coletivos e Difusos;4019;Proteção a Crianças e Adolescentes;6160;Ações Permanentes de Promoção dos Direitos da Criança e do Adolescente;FUMCAD;Criança e Adolescente;FUMCAD;3;Despesas Correntes;3;Outras Despesas Correntes;50;Transferências a Instituições Privadas sem Fins Lucrativos;39;Serviços de Assistência Social;33503900;08.1.759.0958;PMSP-SMDHC/FUMCAD;2;Outras Despesas;5;Outros Serviços de Terceiros - Pessoa Jurídica;90.10.14.422.4019.6160.33503900.08.1.759.0958;14350.0;0.0;14350.0;14350.0;14350.0;0.0;;759;0958;1;02/03/2026 09:49:01;;08;90;33503900;Contratação PJ sem Fins Lucrativos;6160;UN;"TFM/110/2024/SMDHC/FUMCAD - Projeto ""Laços de Familia"" ";1;14350.0
01;PREFEITURA DO MUNICÍPIO DE SÃO PAULO;6765;4939;2026;1;22/01/2026 00:00:00;6074.2021/0004230-8;44006203000160;ASSOCIACAO MARIA HELEN DREXEL  AMHD;23713;2024;90;FUMCAD;Fundo Municipal dos Direitos da Criança e do Adolescente;10;Fundo Municipal dos Direitos da Criança e do Adolescente;14;Direitos da Cidadania;422;Direitos Individuais, Coletivos e Difusos;4019;Proteção a Crianças e Adolescentes;6160;Ações Permanentes de Promoção dos Direitos da Criança e do Adolescente;FUMCAD;Criança e Adolescente;FUMCAD;3;Despesas Correntes;3;Outras Despesas Correntes;50;Transferências a Instituições Privadas sem Fins Lucrativos;39;Serviços de Assistência Social;33503900;08.1.759.0958;PMSP-SMDHC/FUMCAD;2;Remuneração de Pessoal;5;Outros Serviços de Terceiros - Pessoa Jurídica;90.10.14.422.4019.6160.33503900.08.1.759.0958;31772.79;0.0;31772.79;31772.79;31772.79;0.0;;759;0958;1;02/03/2026 09:49:01;;08;90;33503900;Contratação PJ sem Fins Lucrativos;6160;UN;"TFM/110/2024/SMDHC/FUMCAD - Projeto ""Laços de Familia"" ";1;31772.79
01;PREFEITURA DO MUNICÍPIO DE SÃO PAULO;6807;4990;2026;1;22/01/2026 00:00:00;6074.2022/0001098-0;34521488000114;INSTITUTO ALICERCE;21508;2024;90;FUMCAD;Fundo Municipal dos Direitos da Criança e do Adolescente;10;Fundo Municipal dos Direitos da Criança e do Adolescente;14;Direitos da Cidadania;422;Direitos Individuais, Coletivos e Difusos;4019;Proteção a Crianças e Adolescentes;6160;Ações Permanentes de Promoção dos Direitos da Criança e do Adolescente;FUMCAD;Criança e Adolescente;FUMCAD;3;Despesas Correntes;3;Outras Despesas Correntes;50;Transferências a Instituições Privadas sem Fins Lucrativos;39;Serviços de Assistência Social;33503900;08.1.759.0958;PMSP-SMDHC/FUMCAD;2;Outras Despesas;5;Outros Serviços de Terceiros - Pessoa Jurídica;90.10.14.422.4019.6160.33503900.08.1.759.0958;226823.06;0.0;226823.06;118779.56;118779.56;0.0;;759;0958;1;02/03/2026 09:49:01;;08;90;33503900;Contratação PJ sem Fins Lucrativos;6160;UN;"TFM/111/2024/SMDHC/FUMCAD - Projeto ""Educando para a Vida 22.1"".";1;226823.06
01;PREFEITURA DO MUNICÍPIO DE SÃO PAULO;6807;4997;2026;1;22/01/2026 00:00:00;6074.2022/0001098-0;34521488000114;INSTITUTO ALICERCE;21508;2024;90;FUMCAD;Fundo Municipal dos Direitos da Criança e do Adolescente;10;Fundo Municipal dos Direitos da Criança e do Adolescente;14;Direitos da Cidadania;422;Direitos Individuais, Coletivos e Difusos;4019;Proteção a Crianças e Adolescentes;6160;Ações Permanentes de Promoção dos Direitos da Criança e do Adolescente;FUMCAD;Criança e Adolescente;FUMCAD;3;Despesas Correntes;3;Outras Despesas Correntes;50;Transferências a Instituições Privadas sem Fins Lucrativos;39;Serviços de Assistência Social;33503900;08.1.759.0958;PMSP-SMDHC/FUMCAD;2;Remuneração de Pessoal;5;Outros Serviços de Terceiros - Pessoa Jurídica;90.10.14.422.4019.6160.33503900.08.1.759.0958;19862.48;0.0;19862.48;4965.62;4965.62;0.0;;759;0958;1;02/03/2026 09:49:01;;08;90;33503900;Contratação PJ sem Fins Lucrativos;6160;UN;"TFM/111/2024/SMDHC/FUMCAD - Projeto ""Educando para a Vida 22.1"".";1;19862.48
01;PREFEITURA DO MUNICÍPIO DE SÃO PAULO;6865;5066;2026;1;22/01/2026 00:00:00;6074.2022/0001724-0;00750121000150;INSTITUTO DE RECICLAGEM DO ADOLESCENTE;27861;2024;90;FUMCAD;Fundo Municipal dos Direitos da Criança e do Adolescente;10;Fundo Municipal dos Direitos da Criança e do Adolescente;14;Direitos da Cidadania;422;Direitos Individuais, Coletivos e Difusos;4019;Proteção a Crianças e Adolescentes;6160;Ações Permanentes de Promoção dos Direitos da Criança e do Adolescente;FUMCAD;Criança e Adolescente;FUMCAD;3;Despesas Correntes;3;Outras Despesas Correntes;50;Transferências a Instituições Privadas sem Fins Lucrativos;39;Serviços de Assistência Social;33503900;08.1.759.0958;PMSP-SMDHC/FUMCAD;2;Outras Despesas;5;Outros Serviços de Terceiros - Pessoa Jurídica;90.10.14.422.4019.6160.33503900.08.1.759.0958;63000.0;0.0;63000.0;27000.0;0.0;0.0;;759;0958;1;02/03/2026 09:49:01;;08;90;33503900;Contratação PJ sem Fins Lucrativos;6160;UN;"TFM/141/2024/SMDHC/FUMCAD - Projeto ""Tecnologias para o Futuro"".";1;63000.0
01;PREFEITURA DO MUNICÍPIO DE SÃO PAULO;6865;5069;2026;1;22/01/2026 00:00:00;6074.2022/0001724-0;00750121000150;INSTITUTO DE RECICLAGEM DO ADOLESCENTE;27861;2024;90;FUMCAD;Fundo Municipal dos Direitos da Criança e do Adolescente;10;Fundo Municipal dos Direitos da Criança e do Adolescente;14;Direitos da Cidadania;422;Direitos Individuais, Coletivos e Difusos;4019;Proteção a Crianças e Adolescentes;6160;Ações Permanentes de Promoção dos Direitos da Criança e do Adolescente;FUMCAD;Criança e Adolescente;FUMCAD;3;Despesas Correntes;3;Outras Despesas Correntes;50;Transferências a Instituições Privadas sem Fins Lucrativos;39;Serviços de Assistência Social;33503900;08.1.759.0958;PMSP-SMDHC/FUMCAD;2;Remuneração de Pessoal;5;Outros Serviços de Terceiros - Pessoa Jurídica;90.10.14.422.4019.6160.33503900.08.1.759.0958;511420.33;0.0;511420.33;127855.09;0.0;0.0;;759;0958;1;02/03/2026 09:49:01;;08;90;33503900;Contratação PJ sem Fins Lucrativos;6160;UN;"TFM/141/2024/SMDHC/FUMCAD - Projeto ""Tecnologias para o Futuro"".";1;511420.33
01;PREFEITURA DO MUNICÍPIO DE SÃO PAULO;6921;5135;2026;1;22/01/2026 00:00:00;6074.2022/0001003-3;62808894000106;ASSOCIACAO DOS CAVALEIROS DA SOBERANA ORDEM MILITAR DE MALTA DE SAO PAULO E BRASIL MERIDIONAL;892;2025;90;FUMCAD;Fundo Municipal dos Direitos da Criança e do Adolescente;10;Fundo Municipal dos Direitos da Criança e do Adolescente;14;Direitos da Cidadania;422;Direitos Individuais, Coletivos e Difusos;4019;Proteção a Crianças e Adolescentes;6160;Ações Permanentes de Promoção dos Direitos da Criança e do Adolescente;FUMCAD;Criança e Adolescente;FUMCAD;3;Despesas Correntes;3;Outras Despesas Correntes;50;Transferências a Instituições Privadas sem Fins Lucrativos;39;Serviços de Assistência Social;33503900;08.1.759.0958;PMSP-SMDHC/FUMCAD;2;Outras Despesas;5;Outros Serviços de Terceiros - Pessoa Jurídica;90.10.14.422.4019.6160.33503900.08.1.759.0958;49693.4;0.0;49693.4;0.0;0.0;0.0;;759;0958;1;02/03/2026 09:49:01;;08;90;33503900;Contratação PJ sem Fins Lucrativos;6160;UN;"TFM/150/2024/SMDHC/FUMCAD - Projeto ""A criança com Transtorno do Espectro Autista, sua singularidade, autonomia, protagonismo, convívio social e rede de apoio""";1;49693.4
01;PREFEITURA DO MUNICÍPIO DE SÃO PAULO;6921;5141;2026;1;22/01/2026 00:00:00;6074.2022/0001003-3;62808894000106;ASSOCIACAO DOS CAVALEIROS DA SOBERANA ORDEM MILITAR DE MALTA DE SAO PAULO E BRASIL MERIDIONAL;892;2025;90;FUMCAD;Fundo Municipal dos Direitos da Criança e do Adolescente;10;Fundo Municipal dos Direitos da Criança e do Adolescente;14;Direitos da Cidadania;422;Direitos Individuais, Coletivos e Difusos;4019;Proteção a Crianças e Adolescentes;6160;Ações Permanentes de Promoção dos Direitos da Criança e do Adolescente;FUMCAD;Criança e Adolescente;FUMCAD;3;Despesas Correntes;3;Outras Despesas Correntes;50;Transferências a Instituições Privadas sem Fins Lucrativos;39;Serviços de Assistência Social;33503900;08.1.759.0958;PMSP-SMDHC/FUMCAD;2;Remuneração de Pessoal;5;Outros Serviços de Terceiros - Pessoa Jurídica;90.10.14.422.4019.6160.33503900.08.1.759.0958;7392.6;0.0;7392.6;0.0;0.0;0.0;;759;0958;1;02/03/2026 09:49:01;;08;90;33503900;Contratação PJ sem Fins Lucrativos;6160;UN;"TFM/150/2024/SMDHC/FUMCAD - Projeto ""A criança com Transtorno do Espectro Autista, sua singularidade, autonomia, protagonismo, convívio social e rede de apoio""";1;7392.6
01;PREFEITURA DO MUNICÍPIO DE SÃO PAULO;6972;5191;2026;1;22/01/2026 00:00:00;6074.2021/0004213-8;07325044000130;ASSOCIACAO FAZENDO HISTORIA;3488;2025;90;FUMCAD;Fundo Municipal dos Direitos da Criança e do Adolescente;10;Fundo Municipal dos Direitos da Criança e do Adolescente;14;Direitos da Cidadania;422;Direitos Individuais, Coletivos e Difusos;4019;Proteção a Crianças e Adolescentes;6160;Ações Permanentes de Promoção dos Direitos da Criança e do Adolescente;FUMCAD;Criança e Adolescente;FUMCAD;3;Despesas Correntes;3;Outras Despesas Correntes;50;Transferências a Instituições Privadas sem Fins Lucrativos;39;Serviços de Assistência Social;33503900;08.1.759.0958;PMSP-SMDHC/FUMCAD;2;Outras Despesas;5;Outros Serviços de Terceiros - Pessoa Jurídica;90.10.14.422.4019.6160.33503900.08.1.759.0958;269872.4;0.0;269872.4;63440.0;63440.0;0.0;;759;0958;1;02/03/2026 09:49:01;;08;90;33503900;Contratação PJ sem Fins Lucrativos;6160;UN;"TFM/190/2024/SMDHC/FUMCAD - Projeto ""Formação em redes"" ";1;269872.4
01;PREFEITURA DO MUNICÍPIO DE SÃO PAULO;6972;5201;2026;1;22/01/2026 00:00:00;6074.2021/0004213-8;07325044000130;ASSOCIACAO FAZENDO HISTORIA;3488;2025;90;FUMCAD;Fundo Municipal dos Direitos da Criança e do Adolescente;10;Fundo Municipal dos Direitos da Criança e do Adolescente;14;Direitos da Cidadania;422;Direitos Individuais, Coletivos e Difusos;4019;Proteção a Crianças e Adolescentes;6160;Ações Permanentes de Promoção dos Direitos da Criança e do Adolescente;FUMCAD;Criança e Adolescente;FUMCAD;3;Despesas Correntes;3;Outras Despesas Correntes;50;Transferências a Instituições Privadas sem Fins Lucrativos;39;Serviços de Assistência Social;33503900;08.1.759.0958;PMSP-SMDHC/FUMCAD;2;Remuneração de Pessoal;5;Outros Serviços de Terceiros - Pessoa Jurídica;90.10.14.422.4019.6160.33503900.08.1.759.0958;43906.24;0.0;43906.24;6998.44;6998.44;0.0;;759;0958;1;02/03/2026 09:49:01;;08;90;33503900;Contratação PJ sem Fins Lucrativos;6160;UN;"TFM/190/2024/SMDHC/FUMCAD - Projeto ""Formação em redes"" ";1;43906.24
01;PREFEITURA DO MUNICÍPIO DE SÃO PAULO;7007;5239;2026;1;22/01/2026 00:00:00;6074.2022/0001707-0;74682550000174;ASSOCIAÇÃO COMUNITÁRIA DESPERTAR;36467;2024;90;FUMCAD;Fundo Municipal dos Direitos da Criança e do Adolescente;10;Fundo Municipal dos Direitos da Criança e do Adolescente;14;Direitos da Cidadania;422;Direitos Individuais, Coletivos e Difusos;4019;Proteção a Crianças e Adolescentes;6160;Ações Permanentes de Promoção dos Direitos da Criança e do Adolescente;FUMCAD;Criança e Adolescente;FUMCAD;3;Despesas Correntes;3;Outras Despesas Correntes;50;Transferências a Instituições Privadas sem Fins Lucrativos;39;Serviços de Assistência Social;33503900;08.1.759.0958;PMSP-SMDHC/FUMCAD;2;Outras Despesas;5;Outros Serviços de Terceiros - Pessoa Jurídica;90.10.14.422.4019.6160.33503900.08.1.759.0958;36456.67;0.0;36456.67;21778.15;0.0;0.0;;759;0958;1;02/03/2026 09:49:01;;08;90;33503900;Contratação PJ sem Fins Lucrativos;6160;UN;"TFM/198/2024/SMDHC/FUMCAD - Projeto ""Programa Despertar Empregabilidade para Adolescente de Cidade Ademar e Região"" ";1;36456.67
01;PREFEITURA DO MUNICÍPIO DE SÃO PAULO;7007;5245;2026;1;22/01/2026 00:00:00;6074.2022/0001707-0;74682550000174;ASSOCIAÇÃO COMUNITÁRIA DESPERTAR;36467;2024;90;FUMCAD;Fundo Municipal dos Direitos da Criança e do Adolescente;10;Fundo Municipal dos Direitos da Criança e do Adolescente;14;Direitos da Cidadania;422;Direitos Individuais, Coletivos e Difusos;4019;Proteção a Crianças e Adolescentes;6160;Ações Permanentes de Promoção dos Direitos da Criança e do Adolescente;FUMCAD;Criança e Adolescente;FUMCAD;3;Despesas Correntes;3;Outras Despesas Correntes;50;Transferências a Instituições Privadas sem Fins Lucrativos;39;Serviços de Assistência Social;33503900;08.1.759.0958;PMSP-SMDHC/FUMCAD;2;Remuneração de Pessoal;5;Outros Serviços de Terceiros - Pessoa Jurídica;90.10.14.422.4019.6160.33503900.08.1.759.0958;179021.81;0.0;179021.81;81373.55;0.0;0.0;;759;0958;1;02/03/2026 09:49:01;;08;90;33503900;Contratação PJ sem Fins Lucrativos;6160;UN;"TFM/198/2024/SMDHC/FUMCAD - Projeto ""Programa Despertar Empregabilidade para Adolescente de Cidade Ademar e Região"" ";1;179021.81
01;PREFEITURA DO MUNICÍPIO DE SÃO PAULO;7054;5323;2026;1;22/01/2026 00:00:00;6074.2018/0001772-3;38883732000140;UNAS  UNIAO DE NUCLEOS ASSOCIACOES DOS MORADORES DE HELIOPOLIS E REGIAO;11839;2024;90;FUMCAD;Fundo Municipal dos Direitos da Criança e do Adolescente;10;Fundo Municipal dos Direitos da Criança e do Adolescente;14;Direitos da Cidadania;422;Direitos Individuais, Coletivos e Difusos;4019;Proteção a Crianças e Adolescentes;6160;Ações Permanentes de Promoção dos Direitos da Criança e do Adolescente;FUMCAD;Criança e Adolescente;FUMCAD;3;Despesas Correntes;3;Outras Despesas Correntes;50;Transferências a Instituições Privadas sem Fins Lucrativos;39;Serviços de Assistência Social;33503900;08.1.759.0958;PMSP-SMDHC/FUMCAD;2;Outras Despesas;5;Outros Serviços de Terceiros - Pessoa Jurídica;90.10.14.422.4019.6160.33503900.08.1.759.0958;189187.89;0.0;189187.89;189187.89;189187.89;0.0;;759;0958;1;02/03/2026 09:49:01;;08;90;33503900;Contratação PJ sem Fins Lucrativos;6160;UN;"TFM/038/2024/SMDHC/FUMCAD - Projeto ""Adolescentes em Ação: Educação para Liberdade"".";1;189187.89
01;PREFEITURA DO MUNICÍPIO DE SÃO PAULO;7054;5328;2026;1;22/01/2026 00:00:00;6074.2018/0001772-3;38883732000140;UNAS  UNIAO DE NUCLEOS ASSOCIACOES DOS MORADORES DE HELIOPOLIS E REGIAO;11839;2024;90;FUMCAD;Fundo Municipal dos Direitos da Criança e do Adolescente;10;Fundo Municipal dos Direitos da Criança e do Adolescente;14;Direitos da Cidadania;422;Direitos Individuais, Coletivos e Difusos;4019;Proteção a Crianças e Adolescentes;6160;Ações Permanentes de Promoção dos Direitos da Criança e do Adolescente;FUMCAD;Criança e Adolescente;FUMCAD;3;Despesas Correntes;3;Outras Despesas Correntes;50;Transferências a Instituições Privadas sem Fins Lucrativos;39;Serviços de Assistência Social;33503900;08.1.759.0958;PMSP-SMDHC/FUMCAD;2;Remuneração de Pessoal;5;Outros Serviços de Terceiros - Pessoa Jurídica;90.10.14.422.4019.6160.33503900.08.1.759.0958;78949.12;0.0;78949.12;78949.12;78949.12;0.0;;759;0958;1;02/03/2026 09:49:01;;08;90;33503900;Contratação PJ sem Fins Lucrativos;6160;UN;"TFM/038/2024/SMDHC/FUMCAD - Projeto ""Adolescentes em Ação: Educação para Liberdade"".";1;78949.12
01;PREFEITURA DO MUNICÍPIO DE SÃO PAULO;7081;5355;2026;1;22/01/2026 00:00:00;6074.2022/0001089-0;04250687000174;AAPQ  ASSOCIACAO DE APOIO AO PROJETO QUIXOTE;13304;2025;90;FUMCAD;Fundo Municipal dos Direitos da Criança e do Adolescente;10;Fundo Municipal dos Direitos da Criança e do Adolescente;14;Direitos da Cidadania;422;Direitos Individuais, Coletivos e Difusos;4019;Proteção a Crianças e Adolescentes;6160;Ações Permanentes de Promoção dos Direitos da Criança e do Adolescente;FUMCAD;Criança e Adolescente;FUMCAD;3;Despesas Correntes;3;Outras Despesas Correntes;50;Transferências a Instituições Privadas sem Fins Lucrativos;39;Serviços de Assistência Social;33503900;08.1.759.0958;PMSP-SMDHC/FUMCAD;2;Outras Despesas;5;Outros Serviços de Terceiros - Pessoa Jurídica;90.10.14.422.4019.6160.33503900.08.1.759.0958;187390.04;0.0;187390.04;0.0;0.0;0.0;;759;0958;1;02/03/2026 09:49:01;;08;90;33503900;Contratação PJ sem Fins Lucrativos;6160;UN;"TFM/037/2025/SMDHC/FUMCAD - Projeto “Quixote Jovem Mundo do Trabalho""";1;187390.04
01;PREFEITURA DO MUNICÍPIO DE SÃO PAULO;7081;5359;2026;1;22/01/2026 00:00:00;6074.2022/0001089-0;04250687000174;AAPQ  ASSOCIACAO DE APOIO AO PROJETO QUIXOTE;13304;2025;90;FUMCAD;Fundo Municipal dos Direitos da Criança e do Adolescente;10;Fundo Municipal dos Direitos da Criança e do Adolescente;14;Direitos da Cidadania;422;Direitos Individuais, Coletivos e Difusos;4019;Proteção a Crianças e Adolescentes;6160;Ações Permanentes de Promoção dos Direitos da Criança e do Adolescente;FUMCAD;Criança e Adolescente;FUMCAD;3;Despesas Correntes;3;Outras Despesas Correntes;50;Transferências a Instituições Privadas sem Fins Lucrativos;39;Serviços de Assistência Social;33503900;08.1.759.0958;PMSP-SMDHC/FUMCAD;2;Remuneração de Pessoal;5;Outros Serviços de Terceiros - Pessoa Jurídica;90.10.14.422.4019.6160.33503900.08.1.759.0958;423703.42;0.0;423703.42;0.0;0.0;0.0;;759;0958;1;02/03/2026 09:49:01;;08;90;33503900;Contratação PJ sem Fins Lucrativos;6160;UN;"TFM/037/2025/SMDHC/FUMCAD - Projeto “Quixote Jovem Mundo do Trabalho""";1;423703.42
01;PREFEITURA DO MUNICÍPIO DE SÃO PAULO;7109;5428;2026;1;22/01/2026 00:00:00;6074.2022/0001681-3;60766060000141;CONGREGAÇÃO ISRAELITA PAULISTA;12084;2025;90;FUMCAD;Fundo Municipal dos Direitos da Criança e do Adolescente;10;Fundo Municipal dos Direitos da Criança e do Adolescente;14;Direitos da Cidadania;422;Direitos Individuais, Coletivos e Difusos;4019;Proteção a Crianças e Adolescentes;6160;Ações Permanentes de Promoção dos Direitos da Criança e do Adolescente;FUMCAD;Criança e Adolescente;FUMCAD;3;Despesas Correntes;3;Outras Despesas Correntes;50;Transferências a Instituições Privadas sem Fins Lucrativos;39;Serviços de Assistência Social;33503900;08.1.759.0958;PMSP-SMDHC/FUMCAD;2;Outras Despesas;5;Outros Serviços de Terceiros - Pessoa Jurídica;90.10.14.422.4019.6160.33503900.08.1.759.0958;146799.84;0.0;146799.84;146799.84;146799.84;0.0;;759;0958;1;02/03/2026 09:49:01;;08;90;33503900;Contratação PJ sem Fins Lucrativos;6160;UN;"TFM/034/2025/SMDHC/FUMCAD - Projeto ""Tecendo Futuros"".";1;146799.84
01;PREFEITURA DO MUNICÍPIO DE SÃO PAULO;7109;5434;2026;1;22/01/2026 00:00:00;6074.2022/0001681-3;60766060000141;CONGREGAÇÃO ISRAELITA PAULISTA;12084;2025;90;FUMCAD;Fundo Municipal dos Direitos da Criança e do Adolescente;10;Fundo Municipal dos Direitos da Criança e do Adolescente;14;Direitos da Cidadania;422;Direitos Individuais, Coletivos e Difusos;4019;Proteção a Crianças e Adolescentes;6160;Ações Permanentes de Promoção dos Direitos da Criança e do Adolescente;FUMCAD;Criança e Adolescente;FUMCAD;3;Despesas Correntes;3;Outras Despesas Correntes;50;Transferências a Instituições Privadas sem Fins Lucrativos;39;Serviços de Assistência Social;33503900;08.1.759.0958;PMSP-SMDHC/FUMCAD;2;Remuneração de Pessoal;5;Outros Serviços de Terceiros - Pessoa Jurídica;90.10.14.422.4019.6160.33503900.08.1.759.0958;112636.32;0.0;112636.32;112636.32;112636.32;0.0;;759;0958;1;02/03/2026 09:49:01;;08;90;33503900;Contratação PJ sem Fins Lucrativos;6160;UN;"TFM/034/2025/SMDHC/FUMCAD - Projeto ""Tecendo Futuros"".";1;112636.32
01;PREFEITURA DO MUNICÍPIO DE SÃO PAULO;7131;5469;2026;1;22/01/2026 00:00:00;6074.2022/0000979-5;60428646001178;ASSOCIACAO FEMININA DE ESTUDOS SOCIAIS E UNIVERSITARIOS;9600;2025;90;FUMCAD;Fundo Municipal dos Direitos da Criança e do Adolescente;10;Fundo Municipal dos Direitos da Criança e do Adolescente;14;Direitos da Cidadania;422;Direitos Individuais, Coletivos e Difusos;4019;Proteção a Crianças e Adolescentes;6160;Ações Permanentes de Promoção dos Direitos da Criança e do Adolescente;FUMCAD;Criança e Adolescente;FUMCAD;3;Despesas Correntes;3;Outras Despesas Correntes;50;Transferências a Instituições Privadas sem Fins Lucrativos;39;Serviços de Assistência Social;33503900;08.1.759.0958;PMSP-SMDHC/FUMCAD;2;Outras Despesas;5;Outros Serviços de Terceiros - Pessoa Jurídica;90.10.14.422.4019.6160.33503900.08.1.759.0958;39965.0;0.0;39965.0;39965.0;39965.0;0.0;;759;0958;1;02/03/2026 09:49:01;;08;90;33503900;Contratação PJ sem Fins Lucrativos;6160;UN;"TFM/032/2025/SMDHC/FUMCAD - Projeto ""AFESU Veleiros – Construindo Conhecimento"".";1;39965.0
01;PREFEITURA DO MUNICÍPIO DE SÃO PAULO;7131;5476;2026;1;22/01/2026 00:00:00;6074.2022/0000979-5;60428646001178;ASSOCIACAO FEMININA DE ESTUDOS SOCIAIS E UNIVERSITARIOS;9600;2025;90;FUMCAD;Fundo Municipal dos Direitos da Criança e do Adolescente;10;Fundo Municipal dos Direitos da Criança e do Adolescente;14;Direitos da Cidadania;422;Direitos Individuais, Coletivos e Difusos;4019;Proteção a Crianças e Adolescentes;6160;Ações Permanentes de Promoção dos Direitos da Criança e do Adolescente;FUMCAD;Criança e Adolescente;FUMCAD;3;Despesas Correntes;3;Outras Despesas Correntes;50;Transferências a Instituições Privadas sem Fins Lucrativos;39;Serviços de Assistência Social;33503900;08.1.759.0958;PMSP-SMDHC/FUMCAD;2;Remuneração de Pessoal;5;Outros Serviços de Terceiros - Pessoa Jurídica;90.10.14.422.4019.6160.33503900.08.1.759.0958;181529.6;0.0;181529.6;181529.6;181529.6;0.0;;759;0958;1;02/03/2026 09:49:01;;08;90;33503900;Contratação PJ sem Fins Lucrativos;6160;UN;"TFM/032/2025/SMDHC/FUMCAD - Projeto ""AFESU Veleiros – Construindo Conhecimento"".";1;181529.6
01;PREFEITURA DO MUNICÍPIO DE SÃO PAULO;7145;5507;2026;1;22/01/2026 00:00:00;6074.2022/0001839-5;55446132000133;SOCIEDADE DE CONCERTOS DE SAO PAULO;10062;2025;90;FUMCAD;Fundo Municipal dos Direitos da Criança e do Adolescente;10;Fundo Municipal dos Direitos da Criança e do Adolescente;14;Direitos da Cidadania;422;Direitos Individuais, Coletivos e Difusos;4019;Proteção a Crianças e Adolescentes;6160;Ações Permanentes de Promoção dos Direitos da Criança e do Adolescente;FUMCAD;Criança e Adolescente;FUMCAD;3;Despesas Correntes;3;Outras Despesas Correntes;50;Transferências a Instituições Privadas sem Fins Lucrativos;39;Serviços de Assistência Social;33503900;08.1.759.0958;PMSP-SMDHC/FUMCAD;2;Outras Despesas;5;Outros Serviços de Terceiros - Pessoa Jurídica;90.10.14.422.4019.6160.33503900.08.1.759.0958;546930.31;0.0;546930.31;184212.29;184212.29;0.0;;759;0958;1;02/03/2026 09:49:01;;08;90;33503900;Contratação PJ sem Fins Lucrativos;6160;UN;"TFM/029/2025/SMDHC/FUMCAD - Projeto ""Projeto Transformação Social Através da Música – Instituto Baccarelli""";1;546930.31
01;PREFEITURA DO MUNICÍPIO DE SÃO PAULO;7159;5527;2026;1;22/01/2026 00:00:00;6074.2023/0002268-8;33945209000187;INSTITUTO HERA ARTEMISUL;9963;2024;90;FUMCAD;Fundo Municipal dos Direitos da Criança e do Adolescente;10;Fundo Municipal dos Direitos da Criança e do Adolescente;14;Direitos da Cidadania;422;Direitos Individuais, Coletivos e Difusos;4019;Proteção a Crianças e Adolescentes;6160;Ações Permanentes de Promoção dos Direitos da Criança e do Adolescente;FUMCAD;Criança e Adolescente;FUMCAD;3;Despesas Correntes;3;Outras Despesas Correntes;50;Transferências a Instituições Privadas sem Fins Lucrativos;39;Serviços de Assistência Social;33503900;08.1.759.0958;PMSP-SMDHC/FUMCAD;2;Outras Despesas;5;Outros Serviços de Terceiros - Pessoa Jurídica;90.10.14.422.4019.6160.33503900.08.1.759.0958;21379.3;0.0;21379.3;21379.3;21379.3;0.0;;759;0958;1;02/03/2026 09:49:01;;08;90;33503900;Contratação PJ sem Fins Lucrativos;6160;UN;"TFM/028/2024/SMDHC/FUMCAD - Projeto ""Centro de Referência e Convivência para Crianças e Adolescentes Vítimas de Violência - Casa da Criança e do Adolescente""";1;21379.3
01;PREFEITURA DO MUNICÍPIO DE SÃO PAULO;7159;5531;2026;1;22/01/2026 00:00:00;6074.2023/0002268-8;33945209000187;INSTITUTO HERA ARTEMISUL;9963;2024;90;FUMCAD;Fundo Municipal dos Direitos da Criança e do Adolescente;10;Fundo Municipal dos Direitos da Criança e do Adolescente;14;Direitos da Cidadania;422;Direitos Individuais, Coletivos e Difusos;4019;Proteção a Crianças e Adolescentes;6160;Ações Permanentes de Promoção dos Direitos da Criança e do Adolescente;FUMCAD;Criança e Adolescente;FUMCAD;3;Despesas Correntes;3;Outras Despesas Correntes;50;Transferências a Instituições Privadas sem Fins Lucrativos;39;Serviços de Assistência Social;33503900;08.1.759.0958;PMSP-SMDHC/FUMCAD;2;Remuneração de Pessoal;5;Outros Serviços de Terceiros - Pessoa Jurídica;90.10.14.422.4019.6160.33503900.08.1.759.0958;50092.8;0.0;50092.8;50092.8;50092.8;0.0;;759;0958;1;02/03/2026 09:49:01;;08;90;33503900;Contratação PJ sem Fins Lucrativos;6160;UN;"TFM/028/2024/SMDHC/FUMCAD - Projeto ""Centro de Referência e Convivência para Crianças e Adolescentes Vítimas de Violência - Casa da Criança e do Adolescente""";1;50092.8
01;PREFEITURA DO MUNICÍPIO DE SÃO PAULO;7174;5565;2026;1;22/01/2026 00:00:00;6074.2024/0007507-4;21624370000170;ANDDDES  AGENCIA NACIONAL DE DEFESA E GARANTIA DOS DIREITOS DIFUSOS A EDUCACAO E SAUDE;9733;2025;90;FUMCAD;Fundo Municipal dos Direitos da Criança e do Adolescente;10;Fundo Municipal dos Direitos da Criança e do Adolescente;14;Direitos da Cidadania;422;Direitos Individuais, Coletivos e Difusos;4019;Proteção a Crianças e Adolescentes;6160;Ações Permanentes de Promoção dos Direitos da Criança e do Adolescente;FUMCAD;Criança e Adolescente;FUMCAD;3;Despesas Correntes;3;Outras Despesas Correntes;50;Transferências a Instituições Privadas sem Fins Lucrativos;39;Serviços de Assistência Social;33503900;08.1.759.0958;PMSP-SMDHC/FUMCAD;2;Outras Despesas;5;Outros Serviços de Terceiros - Pessoa Jurídica;90.10.14.422.4019.6160.33503900.08.1.759.0958;133600.96;0.0;133600.96;133600.96;0.0;0.0;;759;0958;1;02/03/2026 09:49:01;;08;90;33503900;Contratação PJ sem Fins Lucrativos;6160;UN;" TFM/027/2025/SMDHC/FUMCAD - Projeto ""Educar para Incluir Escola, Família e a Criança com Deficiência""";1;133600.96
01;PREFEITURA DO MUNICÍPIO DE SÃO PAULO;7174;5574;2026;1;22/01/2026 00:00:00;6074.2024/0007507-4;21624370000170;ANDDDES  AGENCIA NACIONAL DE DEFESA E GARANTIA DOS DIREITOS DIFUSOS A EDUCACAO E SAUDE;9733;2025;90;FUMCAD;Fundo Municipal dos Direitos da Criança e do Adolescente;10;Fundo Municipal dos Direitos da Criança e do Adolescente;14;Direitos da Cidadania;422;Direitos Individuais, Coletivos e Difusos;4019;Proteção a Crianças e Adolescentes;6160;Ações Permanentes de Promoção dos Direitos da Criança e do Adolescente;FUMCAD;Criança e Adolescente;FUMCAD;3;Despesas Correntes;3;Outras Despesas Correntes;50;Transferências a Instituições Privadas sem Fins Lucrativos;39;Serviços de Assistência Social;33503900;08.1.759.0958;PMSP-SMDHC/FUMCAD;2;Remuneração de Pessoal;5;Outros Serviços de Terceiros - Pessoa Jurídica;90.10.14.422.4019.6160.33503900.08.1.759.0958;132957.08;0.0;132957.08;132957.08;0.0;0.0;;759;0958;1;02/03/2026 09:49:01;;08;90;33503900;Contratação PJ sem Fins Lucrativos;6160;UN;" TFM/027/2025/SMDHC/FUMCAD - Projeto ""Educar para Incluir Escola, Família e a Criança com Deficiência""";1;132957.08
01;PREFEITURA DO MUNICÍPIO DE SÃO PAULO;7203;5630;2026;1;22/01/2026 00:00:00;6074.2021/0004214-6;07325044000130;ASSOCIACAO FAZENDO HISTORIA;9554;2024;90;FUMCAD;Fundo Municipal dos Direitos da Criança e do Adolescente;10;Fundo Municipal dos Direitos da Criança e do Adolescente;14;Direitos da Cidadania;422;Direitos Individuais, Coletivos e Difusos;4019;Proteção a Crianças e Adolescentes;6160;Ações Permanentes de Promoção dos Direitos da Criança e do Adolescente;FUMCAD;Criança e Adolescente;FUMCAD;3;Despesas Correntes;3;Outras Despesas Correntes;50;Transferências a Instituições Privadas sem Fins Lucrativos;39;Serviços de Assistência Social;33503900;08.1.759.0958;PMSP-SMDHC/FUMCAD;2;Outras Despesas;5;Outros Serviços de Terceiros - Pessoa Jurídica;90.10.14.422.4019.6160.33503900.08.1.759.0958;95354.07;0.0;95354.07;22619.12;22619.12;0.0;;759;0958;1;02/03/2026 09:49:01;;08;90;33503900;Contratação PJ sem Fins Lucrativos;6160;UN;"TFM/026/2024/SMDHC/FUMCAD - Projeto ""Histórias em Movimento"".";1;95354.07
01;PREFEITURA DO MUNICÍPIO DE SÃO PAULO;7203;5633;2026;1;22/01/2026 00:00:00;6074.2021/0004214-6;07325044000130;ASSOCIACAO FAZENDO HISTORIA;9554;2024;90;FUMCAD;Fundo Municipal dos Direitos da Criança e do Adolescente;10;Fundo Municipal dos Direitos da Criança e do Adolescente;14;Direitos da Cidadania;422;Direitos Individuais, Coletivos e Difusos;4019;Proteção a Crianças e Adolescentes;6160;Ações Permanentes de Promoção dos Direitos da Criança e do Adolescente;FUMCAD;Criança e Adolescente;FUMCAD;3;Despesas Correntes;3;Outras Despesas Correntes;50;Transferências a Instituições Privadas sem Fins Lucrativos;39;Serviços de Assistência Social;33503900;08.1.759.0958;PMSP-SMDHC/FUMCAD;2;Remuneração de Pessoal;5;Outros Serviços de Terceiros - Pessoa Jurídica;90.10.14.422.4019.6160.33503900.08.1.759.0958;110389.44;0.0;110389.44;27597.36;27597.36;0.0;;759;0958;1;02/03/2026 09:49:02;;08;90;33503900;Contratação PJ sem Fins Lucrativos;6160;UN;"TFM/026/2024/SMDHC/FUMCAD - Projeto ""Histórias em Movimento"".";1;110389.44
01;PREFEITURA DO MUNICÍPIO DE SÃO PAULO;7221;5669;2026;1;22/01/2026 00:00:00;6074.2024/0007752-2;28413401000869;INSTITUTO DE GESTAO EDUCACIONAL E VALORIZACAO DO ENSINO  IGEVE;9714;2025;90;FUMCAD;Fundo Municipal dos Direitos da Criança e do Adolescente;10;Fundo Municipal dos Direitos da Criança e do Adolescente;14;Direitos da Cidadania;422;Direitos Individuais, Coletivos e Difusos;4019;Proteção a Crianças e Adolescentes;6160;Ações Permanentes de Promoção dos Direitos da Criança e do Adolescente;FUMCAD;Criança e Adolescente;FUMCAD;3;Despesas Correntes;3;Outras Despesas Correntes;50;Transferências a Instituições Privadas sem Fins Lucrativos;39;Serviços de Assistência Social;33503900;08.1.759.0958;PMSP-SMDHC/FUMCAD;2;Outras Despesas;5;Outros Serviços de Terceiros - Pessoa Jurídica;90.10.14.422.4019.6160.33503900.08.1.759.0958;190580.0;0.0;190580.0;190580.0;190580.0;0.0;;759;0958;1;02/03/2026 09:49:02;;08;90;33503900;Contratação PJ sem Fins Lucrativos;6160;UN;"TFM/022/2025/SMDHC/FUMCAD - Projeto ""Infância Protegida, Futuro Digital Seguro""";1;190580.0
01;PREFEITURA DO MUNICÍPIO DE SÃO PAULO;7231;5689;2026;1;22/01/2026 00:00:00;6074.2024/0007502-3;15409309000107;CENTRO EDUCACIONAL JOVEM APRENDIZ DO BRASIL;7168;2025;90;FUMCAD;Fundo Municipal dos Direitos da Criança e do Adolescente;10;Fundo Municipal dos Direitos da Criança e do Adolescente;14;Direitos da Cidadania;422;Direitos Individuais, Coletivos e Difusos;4019;Proteção a Crianças e Adolescentes;6160;Ações Permanentes de Promoção dos Direitos da Criança e do Adolescente;FUMCAD;Criança e Adolescente;FUMCAD;3;Despesas Correntes;3;Outras Despesas Correntes;50;Transferências a Instituições Privadas sem Fins Lucrativos;39;Serviços de Assistência Social;33503900;08.1.759.0958;PMSP-SMDHC/FUMCAD;2;Outras Despesas;5;Outros Serviços de Terceiros - Pessoa Jurídica;90.10.14.422.4019.6160.33503900.08.1.759.0958;322772.0;0.0;322772.0;322772.0;322772.0;0.0;;759;0958;1;02/03/2026 09:49:02;;08;90;33503900;Contratação PJ sem Fins Lucrativos;6160;UN;"TFM/021/2025/SMDHC/FUMCAD - Projeto ""Escola segura, futuro digital consciente"".";1;322772.0
01;PREFEITURA DO MUNICÍPIO DE SÃO PAULO;7236;5718;2026;1;22/01/2026 00:00:00;6074.2023/0001910-5;06287685000185;INSTITUTO TOCA DO COELHO;9043;2024;90;FUMCAD;Fundo Municipal dos Direitos da Criança e do Adolescente;10;Fundo Municipal dos Direitos da Criança e do Adolescente;14;Direitos da Cidadania;422;Direitos Individuais, Coletivos e Difusos;4019;Proteção a Crianças e Adolescentes;6160;Ações Permanentes de Promoção dos Direitos da Criança e do Adolescente;FUMCAD;Criança e Adolescente;FUMCAD;3;Despesas Correntes;3;Outras Despesas Correntes;50;Transferências a Instituições Privadas sem Fins Lucrativos;39;Serviços de Assistência Social;33503900;08.1.759.0958;PMSP-SMDHC/FUMCAD;2;Outras Despesas;5;Outros Serviços de Terceiros - Pessoa Jurídica;90.10.14.422.4019.6160.33503900.08.1.759.0958;200340.0;0.0;200340.0;200340.0;0.0;0.0;;759;0958;1;02/03/2026 09:49:02;;08;90;33503900;Contratação PJ sem Fins Lucrativos;6160;UN;TFM/020/2024/SMDHC/FUMCAD - Projeto: Recuperando Talentos – Reforço Escolar e Cursinhos.;1;200340.0
01;PREFEITURA DO MUNICÍPIO DE SÃO PAULO;7250;5739;2026;1;22/01/2026 00:00:00;6074.2022/0001061-0;60507100000130;FUNDACAO DORINA NOWILL PARA CEGOS;13075;2025;90;FUMCAD;Fundo Municipal dos Direitos da Criança e do Adolescente;10;Fundo Municipal dos Direitos da Criança e do Adolescente;14;Direitos da Cidadania;422;Direitos Individuais, Coletivos e Difusos;4019;Proteção a Crianças e Adolescentes;6160;Ações Permanentes de Promoção dos Direitos da Criança e do Adolescente;FUMCAD;Criança e Adolescente;FUMCAD;3;Despesas Correntes;3;Outras Despesas Correntes;50;Transferências a Instituições Privadas sem Fins Lucrativos;39;Serviços de Assistência Social;33503900;08.1.759.0958;PMSP-SMDHC/FUMCAD;2;Outras Despesas;5;Outros Serviços de Terceiros - Pessoa Jurídica;90.10.14.422.4019.6160.33503900.08.1.759.0958;143520.4;0.0;143520.4;143520.4;143520.4;0.0;;759;0958;1;02/03/2026 09:49:02;;08;90;33503900;Contratação PJ sem Fins Lucrativos;6160;UN;"TFM/038/2025/SMDHC/FUMCAD - Projeto “Esporte para Vida: Incluindo com Práticas Esportivas""";1;143520.4
01;PREFEITURA DO MUNICÍPIO DE SÃO PAULO;7250;5743;2026;1;22/01/2026 00:00:00;6074.2022/0001061-0;60507100000130;FUNDACAO DORINA NOWILL PARA CEGOS;13075;2025;90;FUMCAD;Fundo Municipal dos Direitos da Criança e do Adolescente;10;Fundo Municipal dos Direitos da Criança e do Adolescente;14;Direitos da Cidadania;422;Direitos Individuais, Coletivos e Difusos;4019;Proteção a Crianças e Adolescentes;6160;Ações Permanentes de Promoção dos Direitos da Criança e do Adolescente;FUMCAD;Criança e Adolescente;FUMCAD;3;Despesas Correntes;3;Outras Despesas Correntes;50;Transferências a Instituições Privadas sem Fins Lucrativos;39;Serviços de Assistência Social;33503900;08.1.759.0958;PMSP-SMDHC/FUMCAD;2;Remuneração de Pessoal;5;Outros Serviços de Terceiros - Pessoa Jurídica;90.10.14.422.4019.6160.33503900.08.1.759.0958;13230.58;0.0;13230.58;13230.58;13230.58;0.0;;759;0958;1;02/03/2026 09:49:02;;08;90;33503900;Contratação PJ sem Fins Lucrativos;6160;UN;"TFM/038/2025/SMDHC/FUMCAD - Projeto “Esporte para Vida: Incluindo com Práticas Esportivas""";1;13230.58
01;PREFEITURA DO MUNICÍPIO DE SÃO PAULO;7268;5773;2026;1;22/01/2026 00:00:00;6074.2021/0004147-6;60990751000124;FUNDACAO SAO PAULO;9984;2024;90;FUMCAD;Fundo Municipal dos Direitos da Criança e do Adolescente;10;Fundo Municipal dos Direitos da Criança e do Adolescente;14;Direitos da Cidadania;422;Direitos Individuais, Coletivos e Difusos;4019;Proteção a Crianças e Adolescentes;6160;Ações Permanentes de Promoção dos Direitos da Criança e do Adolescente;FUMCAD;Criança e Adolescente;FUMCAD;3;Despesas Correntes;3;Outras Despesas Correntes;50;Transferências a Instituições Privadas sem Fins Lucrativos;39;Serviços de Assistência Social;33503900;08.1.759.0958;PMSP-SMDHC/FUMCAD;2;Outras Despesas;5;Outros Serviços de Terceiros - Pessoa Jurídica;90.10.14.422.4019.6160.33503900.08.1.759.0958;12564.0;0.0;12564.0;12564.0;12564.0;0.0;;759;0958;1;02/03/2026 09:49:02;;08;90;33503900;Contratação PJ sem Fins Lucrativos;6160;UN;"TFM/045/2024/SMDHC/FUMCAD - Projeto: ""O autoconhecimento como facilitador na promoção de autonomia, protagonismo e cidadania do adolescente surdo"".";1;12564.0
01;PREFEITURA DO MUNICÍPIO DE SÃO PAULO;7268;5777;2026;1;22/01/2026 00:00:00;6074.2021/0004147-6;60990751000124;FUNDACAO SAO PAULO;9984;2024;90;FUMCAD;Fundo Municipal dos Direitos da Criança e do Adolescente;10;Fundo Municipal dos Direitos da Criança e do Adolescente;14;Direitos da Cidadania;422;Direitos Individuais, Coletivos e Difusos;4019;Proteção a Crianças e Adolescentes;6160;Ações Permanentes de Promoção dos Direitos da Criança e do Adolescente;FUMCAD;Criança e Adolescente;FUMCAD;3;Despesas Correntes;3;Outras Despesas Correntes;50;Transferências a Instituições Privadas sem Fins Lucrativos;39;Serviços de Assistência Social;33503900;08.1.759.0958;PMSP-SMDHC/FUMCAD;2;Remuneração de Pessoal;5;Outros Serviços de Terceiros - Pessoa Jurídica;90.10.14.422.4019.6160.33503900.08.1.759.0958;36038.28;0.0;36038.28;36038.28;36038.28;0.0;;759;0958;1;02/03/2026 09:49:02;;08;90;33503900;Contratação PJ sem Fins Lucrativos;6160;UN;"TFM/045/2024/SMDHC/FUMCAD - Projeto: ""O autoconhecimento como facilitador na promoção de autonomia, protagonismo e cidadania do adolescente surdo"".";1;36038.28
01;PREFEITURA DO MUNICÍPIO DE SÃO PAULO;7286;5787;2026;1;22/01/2026 00:00:00;6074.2022/0000987-6;67185694000150;GRUPO DE APOIO AO ADOLESCENTE E A CRIANCA COM C GRAACC;17440;2025;90;FUMCAD;Fundo Municipal dos Direitos da Criança e do Adolescente;10;Fundo Municipal dos Direitos da Criança e do Adolescente;14;Direitos da Cidadania;422;Direitos Individuais, Coletivos e Difusos;4019;Proteção a Crianças e Adolescentes;6160;Ações Permanentes de Promoção dos Direitos da Criança e do Adolescente;FUMCAD;Criança e Adolescente;FUMCAD;3;Despesas Correntes;3;Outras Despesas Correntes;50;Transferências a Instituições Privadas sem Fins Lucrativos;39;Serviços de Assistência Social;33503900;08.1.759.0958;PMSP-SMDHC/FUMCAD;2;Remuneração de Pessoal;5;Outros Serviços de Terceiros - Pessoa Jurídica;90.10.14.422.4019.6160.33503900.08.1.759.0958;1168498.77;0.0;1168498.77;467570.56;467570.56;0.0;;759;0958;1;02/03/2026 09:49:02;;08;90;33503900;Contratação PJ sem Fins Lucrativos;6160;UN;"TFM/045/2025/SMDHC/FUMCAD - Projeto ""Garantia do atendimento de crianças e adolescentes com câncer no Serviço de Radioterapia Pediátrica do Hospital do GRAACC"".";1;1168498.77
01;PREFEITURA DO MUNICÍPIO DE SÃO PAULO;7304;5810;2026;1;22/01/2026 00:00:00;6074.2022/0001687-2;60502242000105;ASSOCIACAO DE PAIS E AMIGOS DOS EXCEPCIONAIS DE S PAULO;17942;2025;90;FUMCAD;Fundo Municipal dos Direitos da Criança e do Adolescente;10;Fundo Municipal dos Direitos da Criança e do Adolescente;14;Direitos da Cidadania;422;Direitos Individuais, Coletivos e Difusos;4019;Proteção a Crianças e Adolescentes;6160;Ações Permanentes de Promoção dos Direitos da Criança e do Adolescente;FUMCAD;Criança e Adolescente;FUMCAD;3;Despesas Correntes;3;Outras Despesas Correntes;50;Transferências a Instituições Privadas sem Fins Lucrativos;39;Serviços de Assistência Social;33503900;08.1.759.0958;PMSP-SMDHC/FUMCAD;2;Outras Despesas;5;Outros Serviços de Terceiros - Pessoa Jurídica;90.10.14.422.4019.6160.33503900.08.1.759.0958;164072.71;0.0;164072.71;0.0;0.0;0.0;;759;0958;1;02/03/2026 09:49:02;;08;90;33503900;Contratação PJ sem Fins Lucrativos;6160;UN;"TFM/047/2025/SMDHC/FUMCAD - Projeto ""Diagnóstico de Deficiência Intelectual, Direito de todos""";1;164072.71
01;PREFEITURA DO MUNICÍPIO DE SÃO PAULO;7304;5812;2026;1;22/01/2026 00:00:00;6074.2022/0001687-2;60502242000105;ASSOCIACAO DE PAIS E AMIGOS DOS EXCEPCIONAIS DE S PAULO;17942;2025;90;FUMCAD;Fundo Municipal dos Direitos da Criança e do Adolescente;10;Fundo Municipal dos Direitos da Criança e do Adolescente;14;Direitos da Cidadania;422;Direitos Individuais, Coletivos e Difusos;4019;Proteção a Crianças e Adolescentes;6160;Ações Permanentes de Promoção dos Direitos da Criança e do Adolescente;FUMCAD;Criança e Adolescente;FUMCAD;3;Despesas Correntes;3;Outras Despesas Correntes;50;Transferências a Instituições Privadas sem Fins Lucrativos;39;Serviços de Assistência Social;33503900;08.1.759.0958;PMSP-SMDHC/FUMCAD;2;Remuneração de Pessoal;5;Outros Serviços de Terceiros - Pessoa Jurídica;90.10.14.422.4019.6160.33503900.08.1.759.0958;528765.74;0.0;528765.74;0.0;0.0;0.0;;759;0958;1;02/03/2026 09:49:02;;08;90;33503900;Contratação PJ sem Fins Lucrativos;6160;UN;"TFM/047/2025/SMDHC/FUMCAD - Projeto ""Diagnóstico de Deficiência Intelectual, Direito de todos""";1;528765.74
01;PREFEITURA DO MUNICÍPIO DE SÃO PAULO;7403;5995;2026;1;22/01/2026 00:00:00;6074.2022/0001049-1;06042422000106;ASSOCIACAO CULTURAL RECREATIVA ESPORTIVA BLOCO DO BECO;17686;2024;90;FUMCAD;Fundo Municipal dos Direitos da Criança e do Adolescente;10;Fundo Municipal dos Direitos da Criança e do Adolescente;14;Direitos da Cidadania;422;Direitos Individuais, Coletivos e Difusos;4019;Proteção a Crianças e Adolescentes;6160;Ações Permanentes de Promoção dos Direitos da Criança e do Adolescente;FUMCAD;Criança e Adolescente;FUMCAD;3;Despesas Correntes;3;Outras Despesas Correntes;50;Transferências a Instituições Privadas sem Fins Lucrativos;39;Serviços de Assistência Social;33503900;08.1.759.0958;PMSP-SMDHC/FUMCAD;2;Outras Despesas;5;Outros Serviços de Terceiros - Pessoa Jurídica;90.10.14.422.4019.6160.33503900.08.1.759.0958;26200.0;0.0;26200.0;0.0;0.0;0.0;;759;0958;1;02/03/2026 09:49:02;;08;90;33503900;Contratação PJ sem Fins Lucrativos;6160;UN;"TFM/064/2024/SMDHC/FUMCAD - Projeto ""Favela da Erundina uma Comunidade Leitora"".";1;26200.0
01;PREFEITURA DO MUNICÍPIO DE SÃO PAULO;7403;6004;2026;1;22/01/2026 00:00:00;6074.2022/0001049-1;06042422000106;ASSOCIACAO CULTURAL RECREATIVA ESPORTIVA BLOCO DO BECO;17686;2024;90;FUMCAD;Fundo Municipal dos Direitos da Criança e do Adolescente;10;Fundo Municipal dos Direitos da Criança e do Adolescente;14;Direitos da Cidadania;422;Direitos Individuais, Coletivos e Difusos;4019;Proteção a Crianças e Adolescentes;6160;Ações Permanentes de Promoção dos Direitos da Criança e do Adolescente;FUMCAD;Criança e Adolescente;FUMCAD;3;Despesas Correntes;3;Outras Despesas Correntes;50;Transferências a Instituições Privadas sem Fins Lucrativos;39;Serviços de Assistência Social;33503900;08.1.759.0958;PMSP-SMDHC/FUMCAD;2;Remuneração de Pessoal;5;Outros Serviços de Terceiros - Pessoa Jurídica;90.10.14.422.4019.6160.33503900.08.1.759.0958;110478.83;0.0;110478.83;0.0;0.0;0.0;;759;0958;1;02/03/2026 09:49:02;;08;90;33503900;Contratação PJ sem Fins Lucrativos;6160;UN;"TFM/064/2024/SMDHC/FUMCAD - Projeto ""Favela da Erundina uma Comunidade Leitora"".";1;110478.83
01;PREFEITURA DO MUNICÍPIO DE SÃO PAULO;7418;6043;2026;1;22/01/2026 00:00:00;6074.2023/0002141-0;07069676000180;INSTITUTO BATISTA PR. SIMON HORBACZYK;6756;2024;90;FUMCAD;Fundo Municipal dos Direitos da Criança e do Adolescente;10;Fundo Municipal dos Direitos da Criança e do Adolescente;14;Direitos da Cidadania;422;Direitos Individuais, Coletivos e Difusos;4019;Proteção a Crianças e Adolescentes;6160;Ações Permanentes de Promoção dos Direitos da Criança e do Adolescente;FUMCAD;Criança e Adolescente;FUMCAD;3;Despesas Correntes;3;Outras Despesas Correntes;50;Transferências a Instituições Privadas sem Fins Lucrativos;39;Serviços de Assistência Social;33503900;08.1.759.0958;PMSP-SMDHC/FUMCAD;2;Outras Despesas;5;Outros Serviços de Terceiros - Pessoa Jurídica;90.10.14.422.4019.6160.33503900.08.1.759.0958;98700.0;0.0;98700.0;98700.0;98700.0;0.0;;759;0958;1;02/03/2026 09:49:02;;08;90;33503900;Contratação PJ sem Fins Lucrativos;6160;UN;"TFM/006/2024/SMDHC/FUMCAD - Projeto ""Acolher""";1;98700.0
01;PREFEITURA DO MUNICÍPIO DE SÃO PAULO;7434;6098;2026;1;22/01/2026 00:00:00;6074.2021/0003064-4;11861086001801;ASSOCIACAO FRANCISCANA DE SOLIDARIEDADE;16395;2022;90;FUMCAD;Fundo Municipal dos Direitos da Criança e do Adolescente;10;Fundo Municipal dos Direitos da Criança e do Adolescente;14;Direitos da Cidadania;422;Direitos Individuais, Coletivos e Difusos;4019;Proteção a Crianças e Adolescentes;6160;Ações Permanentes de Promoção dos Direitos da Criança e do Adolescente;FUMCAD;Criança e Adolescente;FUMCAD;3;Despesas Correntes;3;Outras Despesas Correntes;50;Transferências a Instituições Privadas sem Fins Lucrativos;39;Serviços de Assistência Social;33503900;08.1.759.0958;PMSP-SMDHC/FUMCAD;2;Outras Despesas;5;Outros Serviços de Terceiros - Pessoa Jurídica;90.10.14.422.4019.6160.33503900.08.1.759.0958;521259.24;0.0;521259.24;0.0;0.0;0.0;;759;0958;1;02/03/2026 09:49:02;;08;90;33503900;Contratação PJ sem Fins Lucrativos;6160;UN;TCL/004/2022/SMDHC/FUMCAD ;1;521259.24
01;PREFEITURA DO MUNICÍPIO DE SÃO PAULO;7434;6105;2026;1;22/01/2026 00:00:00;6074.2021/0003064-4;11861086001801;ASSOCIACAO FRANCISCANA DE SOLIDARIEDADE;16395;2022;90;FUMCAD;Fundo Municipal dos Direitos da Criança e do Adolescente;10;Fundo Municipal dos Direitos da Criança e do Adolescente;14;Direitos da Cidadania;422;Direitos Individuais, Coletivos e Difusos;4019;Proteção a Crianças e Adolescentes;6160;Ações Permanentes de Promoção dos Direitos da Criança e do Adolescente;FUMCAD;Criança e Adolescente;FUMCAD;3;Despesas Correntes;3;Outras Despesas Correntes;50;Transferências a Instituições Privadas sem Fins Lucrativos;39;Serviços de Assistência Social;33503900;08.1.759.0958;PMSP-SMDHC/FUMCAD;2;Remuneração de Pessoal;5;Outros Serviços de Terceiros - Pessoa Jurídica;90.10.14.422.4019.6160.33503900.08.1.759.0958;516937.92;0.0;516937.92;0.0;0.0;0.0;;759;0958;1;02/03/2026 09:49:02;;08;90;33503900;Contratação PJ sem Fins Lucrativos;6160;UN;TCL/004/2022/SMDHC/FUMCAD ;1;516937.92
01;PREFEITURA DO MUNICÍPIO DE SÃO PAULO;7488;6206;2026;1;22/01/2026 00:00:00;6074.2023/0002107-0;00686149000176;CASA JESUS AMOR E CARIDADE;6092;2024;90;FUMCAD;Fundo Municipal dos Direitos da Criança e do Adolescente;10;Fundo Municipal dos Direitos da Criança e do Adolescente;14;Direitos da Cidadania;422;Direitos Individuais, Coletivos e Difusos;4019;Proteção a Crianças e Adolescentes;6160;Ações Permanentes de Promoção dos Direitos da Criança e do Adolescente;FUMCAD;Criança e Adolescente;FUMCAD;3;Despesas Correntes;3;Outras Despesas Correntes;50;Transferências a Instituições Privadas sem Fins Lucrativos;39;Serviços de Assistência Social;33503900;08.1.759.0958;PMSP-SMDHC/FUMCAD;2;Outras Despesas;5;Outros Serviços de Terceiros - Pessoa Jurídica;90.10.14.422.4019.6160.33503900.08.1.759.0958;53638.21;0.0;53638.21;53638.21;53623.21;0.0;;759;0958;1;02/03/2026 09:49:02;;08;90;33503900;Contratação PJ sem Fins Lucrativos;6160;UN;"TFM/005/2024/SMDHC/FUMCAD - Projeto: ""Geração TOP - Luz, Câmera e Play""";1;53638.21
01;PREFEITURA DO MUNICÍPIO DE SÃO PAULO;7488;6212;2026;1;22/01/2026 00:00:00;6074.2023/0002107-0;00686149000176;CASA JESUS AMOR E CARIDADE;6092;2024;90;FUMCAD;Fundo Municipal dos Direitos da Criança e do Adolescente;10;Fundo Municipal dos Direitos da Criança e do Adolescente;14;Direitos da Cidadania;422;Direitos Individuais, Coletivos e Difusos;4019;Proteção a Crianças e Adolescentes;6160;Ações Permanentes de Promoção dos Direitos da Criança e do Adolescente;FUMCAD;Criança e Adolescente;FUMCAD;3;Despesas Correntes;3;Outras Despesas Correntes;50;Transferências a Instituições Privadas sem Fins Lucrativos;39;Serviços de Assistência Social;33503900;08.1.759.0958;PMSP-SMDHC/FUMCAD;2;Remuneração de Pessoal;5;Outros Serviços de Terceiros - Pessoa Jurídica;90.10.14.422.4019.6160.33503900.08.1.759.0958;8072.22;0.0;8072.22;8072.22;8072.22;0.0;;759;0958;1;02/03/2026 09:49:02;;08;90;33503900;Contratação PJ sem Fins Lucrativos;6160;UN;"TFM/005/2024/SMDHC/FUMCAD - Projeto: ""Geração TOP - Luz, Câmera e Play""";1;8072.22
01;PREFEITURA DO MUNICÍPIO DE SÃO PAULO;7509;6264;2026;1;22/01/2026 00:00:00;6074.2019/0002402-0;62391818000130;INSTITUTO BLANDINA MEIRELLES  EDUCACAO VINCULO E CIDADANIA;5648;2024;90;FUMCAD;Fundo Municipal dos Direitos da Criança e do Adolescente;10;Fundo Municipal dos Direitos da Criança e do Adolescente;14;Direitos da Cidadania;422;Direitos Individuais, Coletivos e Difusos;4019;Proteção a Crianças e Adolescentes;6160;Ações Permanentes de Promoção dos Direitos da Criança e do Adolescente;FUMCAD;Criança e Adolescente;FUMCAD;3;Despesas Correntes;3;Outras Despesas Correntes;50;Transferências a Instituições Privadas sem Fins Lucrativos;39;Serviços de Assistência Social;33503900;08.1.759.0958;PMSP-SMDHC/FUMCAD;2;Outras Despesas;5;Outros Serviços de Terceiros - Pessoa Jurídica;90.10.14.422.4019.6160.33503900.08.1.759.0958;10197.85;0.0;10197.85;10197.85;10197.85;0.0;;759;0958;1;02/03/2026 09:49:02;;08;90;33503900;Contratação PJ sem Fins Lucrativos;6160;UN;"TFM/001/2024/SMDHC/FUMCAD - Projeto ""Mundo Jovem"".";1;10197.85
01;PREFEITURA DO MUNICÍPIO DE SÃO PAULO;7509;6267;2026;1;22/01/2026 00:00:00;6074.2019/0002402-0;62391818000130;INSTITUTO BLANDINA MEIRELLES  EDUCACAO VINCULO E CIDADANIA;5648;2024;90;FUMCAD;Fundo Municipal dos Direitos da Criança e do Adolescente;10;Fundo Municipal dos Direitos da Criança e do Adolescente;14;Direitos da Cidadania;422;Direitos Individuais, Coletivos e Difusos;4019;Proteção a Crianças e Adolescentes;6160;Ações Permanentes de Promoção dos Direitos da Criança e do Adolescente;FUMCAD;Criança e Adolescente;FUMCAD;3;Despesas Correntes;3;Outras Despesas Correntes;50;Transferências a Instituições Privadas sem Fins Lucrativos;39;Serviços de Assistência Social;33503900;08.1.759.0958;PMSP-SMDHC/FUMCAD;2;Remuneração de Pessoal;5;Outros Serviços de Terceiros - Pessoa Jurídica;90.10.14.422.4019.6160.33503900.08.1.759.0958;27410.46;0.0;27410.46;27410.46;27410.46;0.0;;759;0958;1;02/03/2026 09:49:02;;08;90;33503900;Contratação PJ sem Fins Lucrativos;6160;UN;"TFM/001/2024/SMDHC/FUMCAD - Projeto ""Mundo Jovem"".";1;27410.46
01;PREFEITURA DO MUNICÍPIO DE SÃO PAULO;7539;6315;2026;1;22/01/2026 00:00:00;6074.2023/0002017-0;60978723000191;UNIAO BRASILEIRO ISRAELITA DO BEM ESTAR SOCIAL UNIBES;17652;2024;90;FUMCAD;Fundo Municipal dos Direitos da Criança e do Adolescente;10;Fundo Municipal dos Direitos da Criança e do Adolescente;14;Direitos da Cidadania;422;Direitos Individuais, Coletivos e Difusos;4019;Proteção a Crianças e Adolescentes;6160;Ações Permanentes de Promoção dos Direitos da Criança e do Adolescente;FUMCAD;Criança e Adolescente;FUMCAD;3;Despesas Correntes;3;Outras Despesas Correntes;50;Transferências a Instituições Privadas sem Fins Lucrativos;39;Serviços de Assistência Social;33503900;08.1.759.0958;PMSP-SMDHC/FUMCAD;2;Outras Despesas;5;Outros Serviços de Terceiros - Pessoa Jurídica;90.10.14.422.4019.6160.33503900.08.1.759.0958;71900.0;0.0;71900.0;71900.0;71900.0;0.0;;759;0958;1;02/03/2026 09:49:02;;08;90;33503900;Contratação PJ sem Fins Lucrativos;6160;UN;"TFM/066/2024/SMDHC/FUMCAD - Projeto ""Futuro em Foco"".";1;71900.0
01;PREFEITURA DO MUNICÍPIO DE SÃO PAULO;7539;6322;2026;1;22/01/2026 00:00:00;6074.2023/0002017-0;60978723000191;UNIAO BRASILEIRO ISRAELITA DO BEM ESTAR SOCIAL UNIBES;17652;2024;90;FUMCAD;Fundo Municipal dos Direitos da Criança e do Adolescente;10;Fundo Municipal dos Direitos da Criança e do Adolescente;14;Direitos da Cidadania;422;Direitos Individuais, Coletivos e Difusos;4019;Proteção a Crianças e Adolescentes;6160;Ações Permanentes de Promoção dos Direitos da Criança e do Adolescente;FUMCAD;Criança e Adolescente;FUMCAD;3;Despesas Correntes;3;Outras Despesas Correntes;50;Transferências a Instituições Privadas sem Fins Lucrativos;39;Serviços de Assistência Social;33503900;08.1.759.0958;PMSP-SMDHC/FUMCAD;2;Remuneração de Pessoal;5;Outros Serviços de Terceiros - Pessoa Jurídica;90.10.14.422.4019.6160.33503900.08.1.759.0958;166346.34;0.0;166346.34;166346.34;166346.34;0.0;;759;0958;1;02/03/2026 09:49:02;;08;90;33503900;Contratação PJ sem Fins Lucrativos;6160;UN;"TFM/066/2024/SMDHC/FUMCAD - Projeto ""Futuro em Foco"".";1;166346.34
01;PREFEITURA DO MUNICÍPIO DE SÃO PAULO;7602;6389;2026;1;22/01/2026 00:00:00;6074.2023/0002198-3;61750246000175;ACAO COMUNITARIA DO BRASIL VOCACAO;21080;2025;90;FUMCAD;Fundo Municipal dos Direitos da Criança e do Adolescente;10;Fundo Municipal dos Direitos da Criança e do Adolescente;14;Direitos da Cidadania;422;Direitos Individuais, Coletivos e Difusos;4019;Proteção a Crianças e Adolescentes;6160;Ações Permanentes de Promoção dos Direitos da Criança e do Adolescente;FUMCAD;Criança e Adolescente;FUMCAD;3;Despesas Correntes;3;Outras Despesas Correntes;50;Transferências a Instituições Privadas sem Fins Lucrativos;39;Serviços de Assistência Social;33503900;08.1.759.0958;PMSP-SMDHC/FUMCAD;2;Outras Despesas;5;Outros Serviços de Terceiros - Pessoa Jurídica;90.10.14.422.4019.6160.33503900.08.1.759.0958;171604.25;0.0;171604.25;171604.25;0.0;0.0;;759;0958;1;02/03/2026 09:49:02;;08;90;33503900;Contratação PJ sem Fins Lucrativos;6160;UN;"TFM/048/2025/SMDHC/FUMCAD - Projeto ""Despertando Vocações""";1;171604.25
01;PREFEITURA DO MUNICÍPIO DE SÃO PAULO;7602;6395;2026;1;22/01/2026 00:00:00;6074.2023/0002198-3;61750246000175;ACAO COMUNITARIA DO BRASIL VOCACAO;21080;2025;90;FUMCAD;Fundo Municipal dos Direitos da Criança e do Adolescente;10;Fundo Municipal dos Direitos da Criança e do Adolescente;14;Direitos da Cidadania;422;Direitos Individuais, Coletivos e Difusos;4019;Proteção a Crianças e Adolescentes;6160;Ações Permanentes de Promoção dos Direitos da Criança e do Adolescente;FUMCAD;Criança e Adolescente;FUMCAD;3;Despesas Correntes;3;Outras Despesas Correntes;50;Transferências a Instituições Privadas sem Fins Lucrativos;39;Serviços de Assistência Social;33503900;08.1.759.0958;PMSP-SMDHC/FUMCAD;2;Remuneração de Pessoal;5;Outros Serviços de Terceiros - Pessoa Jurídica;90.10.14.422.4019.6160.33503900.08.1.759.0958;953483.09;0.0;953483.09;953483.09;0.0;0.0;;759;0958;1;02/03/2026 09:49:02;;08;90;33503900;Contratação PJ sem Fins Lucrativos;6160;UN;"TFM/048/2025/SMDHC/FUMCAD - Projeto ""Despertando Vocações""";1;953483.09
01;PREFEITURA DO MUNICÍPIO DE SÃO PAULO;7640;6419;2026;1;22/01/2026 00:00:00;6074.2022/0001006-8;07325044000130;ASSOCIACAO FAZENDO HISTORIA;21086;2025;90;FUMCAD;Fundo Municipal dos Direitos da Criança e do Adolescente;10;Fundo Municipal dos Direitos da Criança e do Adolescente;14;Direitos da Cidadania;422;Direitos Individuais, Coletivos e Difusos;4019;Proteção a Crianças e Adolescentes;6160;Ações Permanentes de Promoção dos Direitos da Criança e do Adolescente;FUMCAD;Criança e Adolescente;FUMCAD;3;Despesas Correntes;3;Outras Despesas Correntes;50;Transferências a Instituições Privadas sem Fins Lucrativos;39;Serviços de Assistência Social;33503900;08.1.759.0958;PMSP-SMDHC/FUMCAD;2;Outras Despesas;5;Outros Serviços de Terceiros - Pessoa Jurídica;90.10.14.422.4019.6160.33503900.08.1.759.0958;129737.07;0.0;129737.07;23660.0;0.0;0.0;;759;0958;1;02/03/2026 09:49:02;;08;90;33503900;Contratação PJ sem Fins Lucrativos;6160;UN;"TFM/049/2025/SMDHC/FUMCAD - Projeto ""Redes do Conhecimento""";1;129737.07
01;PREFEITURA DO MUNICÍPIO DE SÃO PAULO;7640;6427;2026;1;22/01/2026 00:00:00;6074.2022/0001006-8;07325044000130;ASSOCIACAO FAZENDO HISTORIA;21086;2025;90;FUMCAD;Fundo Municipal dos Direitos da Criança e do Adolescente;10;Fundo Municipal dos Direitos da Criança e do Adolescente;14;Direitos da Cidadania;422;Direitos Individuais, Coletivos e Difusos;4019;Proteção a Crianças e Adolescentes;6160;Ações Permanentes de Promoção dos Direitos da Criança e do Adolescente;FUMCAD;Criança e Adolescente;FUMCAD;3;Despesas Correntes;3;Outras Despesas Correntes;50;Transferências a Instituições Privadas sem Fins Lucrativos;39;Serviços de Assistência Social;33503900;08.1.759.0958;PMSP-SMDHC/FUMCAD;2;Remuneração de Pessoal;5;Outros Serviços de Terceiros - Pessoa Jurídica;90.10.14.422.4019.6160.33503900.08.1.759.0958;378248.61;0.0;378248.61;63041.43;0.0;0.0;;759;0958;1;02/03/2026 09:49:02;;08;90;33503900;Contratação PJ sem Fins Lucrativos;6160;UN;"TFM/049/2025/SMDHC/FUMCAD - Projeto ""Redes do Conhecimento""";1;378248.61
01;PREFEITURA DO MUNICÍPIO DE SÃO PAULO;7682;6452;2026;1;22/01/2026 00:00:00;6074.2021/0004199-9;61683272000128;CENTRO ISRAELITA DE APOIO MULTIDISCIPLINAR  CIAM;21073;2025;90;FUMCAD;Fundo Municipal dos Direitos da Criança e do Adolescente;10;Fundo Municipal dos Direitos da Criança e do Adolescente;14;Direitos da Cidadania;422;Direitos Individuais, Coletivos e Difusos;4019;Proteção a Crianças e Adolescentes;6160;Ações Permanentes de Promoção dos Direitos da Criança e do Adolescente;FUMCAD;Criança e Adolescente;FUMCAD;3;Despesas Correntes;3;Outras Despesas Correntes;50;Transferências a Instituições Privadas sem Fins Lucrativos;39;Serviços de Assistência Social;33503900;08.1.759.0958;PMSP-SMDHC/FUMCAD;2;Outras Despesas;5;Outros Serviços de Terceiros - Pessoa Jurídica;90.10.14.422.4019.6160.33503900.08.1.759.0958;7164.21;7164.21;0.0;0.0;0.0;0.0;;759;0958;1;02/03/2026 09:49:02;;08;90;33503900;Contratação PJ sem Fins Lucrativos;6160;UN;"TFM/050/2025/SMDHC/FUMCAD - Projeto ""Tecnologia Assistiva de Baixo Custo: Dispositivos em Papelão"".";1;7164.21
01;PREFEITURA DO MUNICÍPIO DE SÃO PAULO;7682;6458;2026;1;22/01/2026 00:00:00;6074.2021/0004199-9;61683272000128;CENTRO ISRAELITA DE APOIO MULTIDISCIPLINAR  CIAM;21073;2025;90;FUMCAD;Fundo Municipal dos Direitos da Criança e do Adolescente;10;Fundo Municipal dos Direitos da Criança e do Adolescente;14;Direitos da Cidadania;422;Direitos Individuais, Coletivos e Difusos;4019;Proteção a Crianças e Adolescentes;6160;Ações Permanentes de Promoção dos Direitos da Criança e do Adolescente;FUMCAD;Criança e Adolescente;FUMCAD;3;Despesas Correntes;3;Outras Despesas Correntes;50;Transferências a Instituições Privadas sem Fins Lucrativos;39;Serviços de Assistência Social;33503900;08.1.759.0958;PMSP-SMDHC/FUMCAD;2;Remuneração de Pessoal;5;Outros Serviços de Terceiros - Pessoa Jurídica;90.10.14.422.4019.6160.33503900.08.1.759.0958;105032.57;105032.57;0.0;0.0;0.0;0.0;;759;0958;1;02/03/2026 09:49:02;;08;90;33503900;Contratação PJ sem Fins Lucrativos;6160;UN;"TFM/050/2025/SMDHC/FUMCAD - Projeto ""Tecnologia Assistiva de Baixo Custo: Dispositivos em Papelão"".";1;105032.57
01;PREFEITURA DO MUNICÍPIO DE SÃO PAULO;7719;6484;2026;1;22/01/2026 00:00:00;6074.2023/0002189-4;62272497000154;ASSOCIACAO SANTO AGOSTINHO ASA;19249;2025;90;FUMCAD;Fundo Municipal dos Direitos da Criança e do Adolescente;10;Fundo Municipal dos Direitos da Criança e do Adolescente;14;Direitos da Cidadania;422;Direitos Individuais, Coletivos e Difusos;4019;Proteção a Crianças e Adolescentes;6160;Ações Permanentes de Promoção dos Direitos da Criança e do Adolescente;FUMCAD;Criança e Adolescente;FUMCAD;3;Despesas Correntes;3;Outras Despesas Correntes;50;Transferências a Instituições Privadas sem Fins Lucrativos;39;Serviços de Assistência Social;33503900;08.1.759.0958;PMSP-SMDHC/FUMCAD;2;Outras Despesas;5;Outros Serviços de Terceiros - Pessoa Jurídica;90.10.14.422.4019.6160.33503900.08.1.759.0958;123400.0;0.0;123400.0;123400.0;0.0;0.0;;759;0958;1;02/03/2026 09:49:02;;08;90;33503900;Contratação PJ sem Fins Lucrativos;6160;UN;"TFM/052/2025/SMDHC/FUMCAD - Projeto ""CEIs ASA, famílias e comunidades""";1;123400.0
01;PREFEITURA DO MUNICÍPIO DE SÃO PAULO;7719;6490;2026;1;22/01/2026 00:00:00;6074.2023/0002189-4;62272497000154;ASSOCIACAO SANTO AGOSTINHO ASA;19249;2025;90;FUMCAD;Fundo Municipal dos Direitos da Criança e do Adolescente;10;Fundo Municipal dos Direitos da Criança e do Adolescente;14;Direitos da Cidadania;422;Direitos Individuais, Coletivos e Difusos;4019;Proteção a Crianças e Adolescentes;6160;Ações Permanentes de Promoção dos Direitos da Criança e do Adolescente;FUMCAD;Criança e Adolescente;FUMCAD;3;Despesas Correntes;3;Outras Despesas Correntes;50;Transferências a Instituições Privadas sem Fins Lucrativos;39;Serviços de Assistência Social;33503900;08.1.759.0958;PMSP-SMDHC/FUMCAD;2;Remuneração de Pessoal;5;Outros Serviços de Terceiros - Pessoa Jurídica;90.10.14.422.4019.6160.33503900.08.1.759.0958;51100.0;0.0;51100.0;51100.0;0.0;0.0;;759;0958;1;02/03/2026 09:49:02;;08;90;33503900;Contratação PJ sem Fins Lucrativos;6160;UN;"TFM/052/2025/SMDHC/FUMCAD - Projeto ""CEIs ASA, famílias e comunidades""";1;51100.0
01;PREFEITURA DO MUNICÍPIO DE SÃO PAULO;7734;6506;2026;1;22/01/2026 00:00:00;6074.2021/0004199-9;61683272000128;CENTRO ISRAELITA DE APOIO MULTIDISCIPLINAR  CIAM;21073;2025;90;FUMCAD;Fundo Municipal dos Direitos da Criança e do Adolescente;10;Fundo Municipal dos Direitos da Criança e do Adolescente;14;Direitos da Cidadania;422;Direitos Individuais, Coletivos e Difusos;4019;Proteção a Crianças e Adolescentes;6160;Ações Permanentes de Promoção dos Direitos da Criança e do Adolescente;FUMCAD;Criança e Adolescente;FUMCAD;3;Despesas Correntes;3;Outras Despesas Correntes;50;Transferências a Instituições Privadas sem Fins Lucrativos;39;Serviços de Assistência Social;33503900;08.1.759.0958;PMSP-SMDHC/FUMCAD;2;Outras Despesas;5;Outros Serviços de Terceiros - Pessoa Jurídica;90.10.14.422.4019.6160.33503900.08.1.759.0958;7164.21;0.0;7164.21;0.0;0.0;0.0;;759;0958;1;02/03/2026 09:49:02;;08;90;33503900;Contratação PJ sem Fins Lucrativos;6160;UN;"TFM/050/2025/SMDHC/FUMCAD - Projeto ""Tecnologia Assistiva de Baixo Custo: Dispositivos em Papelão"".";1;7164.21
01;PREFEITURA DO MUNICÍPIO DE SÃO PAULO;7734;6511;2026;1;22/01/2026 00:00:00;6074.2021/0004199-9;61683272000128;CENTRO ISRAELITA DE APOIO MULTIDISCIPLINAR  CIAM;21073;2025;90;FUMCAD;Fundo Municipal dos Direitos da Criança e do Adolescente;10;Fundo Municipal dos Direitos da Criança e do Adolescente;14;Direitos da Cidadania;422;Direitos Individuais, Coletivos e Difusos;4019;Proteção a Crianças e Adolescentes;6160;Ações Permanentes de Promoção dos Direitos da Criança e do Adolescente;FUMCAD;Criança e Adolescente;FUMCAD;3;Despesas Correntes;3;Outras Despesas Correntes;50;Transferências a Instituições Privadas sem Fins Lucrativos;39;Serviços de Assistência Social;33503900;08.1.759.0958;PMSP-SMDHC/FUMCAD;2;Remuneração de Pessoal;5;Outros Serviços de Terceiros - Pessoa Jurídica;90.10.14.422.4019.6160.33503900.08.1.759.0958;105032.58;0.0;105032.58;0.0;0.0;0.0;;759;0958;1;02/03/2026 09:49:02;;08;90;33503900;Contratação PJ sem Fins Lucrativos;6160;UN;"TFM/050/2025/SMDHC/FUMCAD - Projeto ""Tecnologia Assistiva de Baixo Custo: Dispositivos em Papelão"".";1;105032.58
01;PREFEITURA DO MUNICÍPIO DE SÃO PAULO;7746;6524;2026;1;22/01/2026 00:00:00;6074.2023/0002078-2;02449283000189;INSTITUTO DA OPORTUNIDADE SOCIAL;21093;2025;90;FUMCAD;Fundo Municipal dos Direitos da Criança e do Adolescente;10;Fundo Municipal dos Direitos da Criança e do Adolescente;14;Direitos da Cidadania;422;Direitos Individuais, Coletivos e Difusos;4019;Proteção a Crianças e Adolescentes;6160;Ações Permanentes de Promoção dos Direitos da Criança e do Adolescente;FUMCAD;Criança e Adolescente;FUMCAD;3;Despesas Correntes;3;Outras Despesas Correntes;50;Transferências a Instituições Privadas sem Fins Lucrativos;39;Serviços de Assistência Social;33503900;08.1.759.0958;PMSP-SMDHC/FUMCAD;2;Outras Despesas;5;Outros Serviços de Terceiros - Pessoa Jurídica;90.10.14.422.4019.6160.33503900.08.1.759.0958;88025.0;0.0;88025.0;88025.0;0.0;0.0;;759;0958;1;02/03/2026 09:49:02;;08;90;33503900;Contratação PJ sem Fins Lucrativos;6160;UN;"TFM/053/2025/SMDHC/FUMCAD - Projeto ""Jovens programadores formados e preparados para o mundo do trabalho""";1;88025.0
01;PREFEITURA DO MUNICÍPIO DE SÃO PAULO;7746;6526;2026;1;22/01/2026 00:00:00;6074.2023/0002078-2;02449283000189;INSTITUTO DA OPORTUNIDADE SOCIAL;21093;2025;90;FUMCAD;Fundo Municipal dos Direitos da Criança e do Adolescente;10;Fundo Municipal dos Direitos da Criança e do Adolescente;14;Direitos da Cidadania;422;Direitos Individuais, Coletivos e Difusos;4019;Proteção a Crianças e Adolescentes;6160;Ações Permanentes de Promoção dos Direitos da Criança e do Adolescente;FUMCAD;Criança e Adolescente;FUMCAD;3;Despesas Correntes;3;Outras Despesas Correntes;50;Transferências a Instituições Privadas sem Fins Lucrativos;39;Serviços de Assistência Social;33503900;08.1.759.0958;PMSP-SMDHC/FUMCAD;2;Remuneração de Pessoal;5;Outros Serviços de Terceiros - Pessoa Jurídica;90.10.14.422.4019.6160.33503900.08.1.759.0958;225935.5;0.0;225935.5;225935.5;0.0;0.0;;759;0958;1;02/03/2026 09:49:02;;08;90;33503900;Contratação PJ sem Fins Lucrativos;6160;UN;"TFM/053/2025/SMDHC/FUMCAD - Projeto ""Jovens programadores formados e preparados para o mundo do trabalho""";1;225935.5
01;PREFEITURA DO MUNICÍPIO DE SÃO PAULO;7754;6541;2026;1;22/01/2026 00:00:00;6074.2022/0000986-8;67185694000150;GRUPO DE APOIO AO ADOLESCENTE E A CRIANCA COM C GRAACC;21065;2025;90;FUMCAD;Fundo Municipal dos Direitos da Criança e do Adolescente;10;Fundo Municipal dos Direitos da Criança e do Adolescente;14;Direitos da Cidadania;422;Direitos Individuais, Coletivos e Difusos;4019;Proteção a Crianças e Adolescentes;6160;Ações Permanentes de Promoção dos Direitos da Criança e do Adolescente;FUMCAD;Criança e Adolescente;FUMCAD;3;Despesas Correntes;3;Outras Despesas Correntes;50;Transferências a Instituições Privadas sem Fins Lucrativos;39;Serviços de Assistência Social;33503900;08.1.759.0958;PMSP-SMDHC/FUMCAD;2;Remuneração de Pessoal;5;Outros Serviços de Terceiros - Pessoa Jurídica;90.10.14.422.4019.6160.33503900.08.1.759.0958;1938452.21;0.0;1938452.21;0.0;0.0;0.0;;759;0958;1;02/03/2026 09:49:02;;08;90;33503900;Contratação PJ sem Fins Lucrativos;6160;UN;"TFM/056/2025/SMDHC/FUMCAD - Projeto ""Atendimento de enfermagem no tratamento de crianças e adolescentes com câncer nos setores de internação do hospital do GRAACC""";1;1938452.21
01;PREFEITURA DO MUNICÍPIO DE SÃO PAULO;7919;6832;2026;1;23/01/2026 00:00:00;6074.2024/0007751-4;71729628000170;ASSOCIACAO BENEFICENTE SANTA FE;5564;2025;90;FUMCAD;Fundo Municipal dos Direitos da Criança e do Adolescente;10;Fundo Municipal dos Direitos da Criança e do Adolescente;14;Direitos da Cidadania;422;Direitos Individuais, Coletivos e Difusos;4019;Proteção a Crianças e Adolescentes;6160;Ações Permanentes de Promoção dos Direitos da Criança e do Adolescente;FUMCAD;Criança e Adolescente;FUMCAD;3;Despesas Correntes;3;Outras Despesas Correntes;50;Transferências a Instituições Privadas sem Fins Lucrativos;39;Serviços de Assistência Social;33503900;08.1.759.0958;PMSP-SMDHC/FUMCAD;2;Outras Despesas;5;Outros Serviços de Terceiros - Pessoa Jurídica;90.10.14.422.4019.6160.33503900.08.1.759.0958;85867.48;0.0;85867.48;85867.48;85867.48;0.0;;759;0958;1;02/03/2026 09:49:02;;08;90;33503900;Contratação PJ sem Fins Lucrativos;6160;UN;"TFM/003/2025/SMDHC/FUMCAD - Projeto ""Ponte para o Futuro"".";1;85867.48
01;PREFEITURA DO MUNICÍPIO DE SÃO PAULO;7919;6835;2026;1;23/01/2026 00:00:00;6074.2024/0007751-4;71729628000170;ASSOCIACAO BENEFICENTE SANTA FE;5564;2025;90;FUMCAD;Fundo Municipal dos Direitos da Criança e do Adolescente;10;Fundo Municipal dos Direitos da Criança e do Adolescente;14;Direitos da Cidadania;422;Direitos Individuais, Coletivos e Difusos;4019;Proteção a Crianças e Adolescentes;6160;Ações Permanentes de Promoção dos Direitos da Criança e do Adolescente;FUMCAD;Criança e Adolescente;FUMCAD;3;Despesas Correntes;3;Outras Despesas Correntes;50;Transferências a Instituições Privadas sem Fins Lucrativos;39;Serviços de Assistência Social;33503900;08.1.759.0958;PMSP-SMDHC/FUMCAD;2;Remuneração de Pessoal;5;Outros Serviços de Terceiros - Pessoa Jurídica;90.10.14.422.4019.6160.33503900.08.1.759.0958;124706.23;0.0;124706.23;124706.23;124706.23;0.0;;759;0958;1;02/03/2026 09:49:02;;08;90;33503900;Contratação PJ sem Fins Lucrativos;6160;UN;"TFM/003/2025/SMDHC/FUMCAD - Projeto ""Ponte para o Futuro"".";1;124706.23
01;PREFEITURA DO MUNICÍPIO DE SÃO PAULO;7951;6864;2026;1;23/01/2026 00:00:00;6074.2024/0007488-4;62805759000107;FUNDACAO JULITA;5587;2025;90;FUMCAD;Fundo Municipal dos Direitos da Criança e do Adolescente;10;Fundo Municipal dos Direitos da Criança e do Adolescente;14;Direitos da Cidadania;422;Direitos Individuais, Coletivos e Difusos;4019;Proteção a Crianças e Adolescentes;6160;Ações Permanentes de Promoção dos Direitos da Criança e do Adolescente;FUMCAD;Criança e Adolescente;FUMCAD;3;Despesas Correntes;3;Outras Despesas Correntes;50;Transferências a Instituições Privadas sem Fins Lucrativos;39;Serviços de Assistência Social;33503900;08.1.759.0958;PMSP-SMDHC/FUMCAD;2;Outras Despesas;5;Outros Serviços de Terceiros - Pessoa Jurídica;90.10.14.422.4019.6160.33503900.08.1.759.0958;55960.0;0.0;55960.0;55960.0;55960.0;0.0;;759;0958;1;02/03/2026 09:49:02;;08;90;33503900;Contratação PJ sem Fins Lucrativos;6160;UN;"TFM/002/2025/SMDHC/FUMCAD - Projeto ""Jovens Multiplicadores do Bem-Viver Escolar""";1;55960.0
01;PREFEITURA DO MUNICÍPIO DE SÃO PAULO;7951;6868;2026;1;23/01/2026 00:00:00;6074.2024/0007488-4;62805759000107;FUNDACAO JULITA;5587;2025;90;FUMCAD;Fundo Municipal dos Direitos da Criança e do Adolescente;10;Fundo Municipal dos Direitos da Criança e do Adolescente;14;Direitos da Cidadania;422;Direitos Individuais, Coletivos e Difusos;4019;Proteção a Crianças e Adolescentes;6160;Ações Permanentes de Promoção dos Direitos da Criança e do Adolescente;FUMCAD;Criança e Adolescente;FUMCAD;3;Despesas Correntes;3;Outras Despesas Correntes;50;Transferências a Instituições Privadas sem Fins Lucrativos;39;Serviços de Assistência Social;33503900;08.1.759.0958;PMSP-SMDHC/FUMCAD;2;Remuneração de Pessoal;5;Outros Serviços de Terceiros - Pessoa Jurídica;90.10.14.422.4019.6160.33503900.08.1.759.0958;81771.8;0.0;81771.8;81771.8;81771.8;0.0;;759;0958;1;02/03/2026 09:49:02;;08;90;33503900;Contratação PJ sem Fins Lucrativos;6160;UN;"TFM/002/2025/SMDHC/FUMCAD - Projeto ""Jovens Multiplicadores do Bem-Viver Escolar""";1;81771.8
01;PREFEITURA DO MUNICÍPIO DE SÃO PAULO;7982;6896;2026;1;23/01/2026 00:00:00;6074.2022/0001850-6;07078186000140;FUNDACAO OFTALMOLOGICA DR RUBEM CUNHA;17918;2025;90;FUMCAD;Fundo Municipal dos Direitos da Criança e do Adolescente;10;Fundo Municipal dos Direitos da Criança e do Adolescente;14;Direitos da Cidadania;422;Direitos Individuais, Coletivos e Difusos;4019;Proteção a Crianças e Adolescentes;6160;Ações Permanentes de Promoção dos Direitos da Criança e do Adolescente;FUMCAD;Criança e Adolescente;FUMCAD;3;Despesas Correntes;3;Outras Despesas Correntes;50;Transferências a Instituições Privadas sem Fins Lucrativos;39;Serviços de Assistência Social;33503900;08.1.759.0958;PMSP-SMDHC/FUMCAD;2;Outras Despesas;5;Outros Serviços de Terceiros - Pessoa Jurídica;90.10.14.422.4019.6160.33503900.08.1.759.0958;429116.0;0.0;429116.0;250556.86;0.0;0.0;;759;0958;1;02/03/2026 09:49:02;;08;90;33503900;Contratação PJ sem Fins Lucrativos;6160;UN;"TFM/044/2025/SMDHC/FUMCAD - Projeto ""Projeto Novo Olhar Prevenção e Tratamento III""";1;429116.0
01;PREFEITURA DO MUNICÍPIO DE SÃO PAULO;7982;6901;2026;1;23/01/2026 00:00:00;6074.2022/0001850-6;07078186000140;FUNDACAO OFTALMOLOGICA DR RUBEM CUNHA;17918;2025;90;FUMCAD;Fundo Municipal dos Direitos da Criança e do Adolescente;10;Fundo Municipal dos Direitos da Criança e do Adolescente;14;Direitos da Cidadania;422;Direitos Individuais, Coletivos e Difusos;4019;Proteção a Crianças e Adolescentes;6160;Ações Permanentes de Promoção dos Direitos da Criança e do Adolescente;FUMCAD;Criança e Adolescente;FUMCAD;3;Despesas Correntes;3;Outras Despesas Correntes;50;Transferências a Instituições Privadas sem Fins Lucrativos;39;Serviços de Assistência Social;33503900;08.1.759.0958;PMSP-SMDHC/FUMCAD;2;Remuneração de Pessoal;5;Outros Serviços de Terceiros - Pessoa Jurídica;90.10.14.422.4019.6160.33503900.08.1.759.0958;34202.21;0.0;34202.21;19629.46;0.0;0.0;;759;0958;1;02/03/2026 09:49:02;;08;90;33503900;Contratação PJ sem Fins Lucrativos;6160;UN;"TFM/044/2025/SMDHC/FUMCAD - Projeto ""Projeto Novo Olhar Prevenção e Tratamento III""";1;34202.21
01;PREFEITURA DO MUNICÍPIO DE SÃO PAULO;8010;6921;2026;1;23/01/2026 00:00:00;6074.2023/0002057-0;00750121000150;INSTITUTO DE RECICLAGEM DO ADOLESCENTE;17958;2025;90;FUMCAD;Fundo Municipal dos Direitos da Criança e do Adolescente;10;Fundo Municipal dos Direitos da Criança e do Adolescente;14;Direitos da Cidadania;422;Direitos Individuais, Coletivos e Difusos;4019;Proteção a Crianças e Adolescentes;6160;Ações Permanentes de Promoção dos Direitos da Criança e do Adolescente;FUMCAD;Criança e Adolescente;FUMCAD;3;Despesas Correntes;3;Outras Despesas Correntes;50;Transferências a Instituições Privadas sem Fins Lucrativos;39;Serviços de Assistência Social;33503900;08.1.759.0958;PMSP-SMDHC/FUMCAD;2;Outras Despesas;5;Outros Serviços de Terceiros - Pessoa Jurídica;90.10.14.422.4019.6160.33503900.08.1.759.0958;13666.65;0.0;13666.65;13666.65;0.0;0.0;;759;0958;1;02/03/2026 09:49:02;;08;90;33503900;Contratação PJ sem Fins Lucrativos;6160;UN;"TFM/046/2025/SMDHC/FUMCAD - Projeto "" Mentoria e Apoio à Empregabilidade""";1;13666.65
01;PREFEITURA DO MUNICÍPIO DE SÃO PAULO;8010;6924;2026;1;23/01/2026 00:00:00;6074.2023/0002057-0;00750121000150;INSTITUTO DE RECICLAGEM DO ADOLESCENTE;17958;2025;90;FUMCAD;Fundo Municipal dos Direitos da Criança e do Adolescente;10;Fundo Municipal dos Direitos da Criança e do Adolescente;14;Direitos da Cidadania;422;Direitos Individuais, Coletivos e Difusos;4019;Proteção a Crianças e Adolescentes;6160;Ações Permanentes de Promoção dos Direitos da Criança e do Adolescente;FUMCAD;Criança e Adolescente;FUMCAD;3;Despesas Correntes;3;Outras Despesas Correntes;50;Transferências a Instituições Privadas sem Fins Lucrativos;39;Serviços de Assistência Social;33503900;08.1.759.0958;PMSP-SMDHC/FUMCAD;2;Remuneração de Pessoal;5;Outros Serviços de Terceiros - Pessoa Jurídica;90.10.14.422.4019.6160.33503900.08.1.759.0958;177529.94;0.0;177529.94;177529.94;0.0;0.0;;759;0958;1;02/03/2026 09:49:02;;08;90;33503900;Contratação PJ sem Fins Lucrativos;6160;UN;"TFM/046/2025/SMDHC/FUMCAD - Projeto "" Mentoria e Apoio à Empregabilidade""";1;177529.94
01;PREFEITURA DO MUNICÍPIO DE SÃO PAULO;8051;6961;2026;1;23/01/2026 00:00:00;6074.2023/0002022-7;60978723000191;UNIAO BRASILEIRO ISRAELITA DO BEM ESTAR SOCIAL UNIBES;18656;2025;90;FUMCAD;Fundo Municipal dos Direitos da Criança e do Adolescente;10;Fundo Municipal dos Direitos da Criança e do Adolescente;14;Direitos da Cidadania;422;Direitos Individuais, Coletivos e Difusos;4019;Proteção a Crianças e Adolescentes;6160;Ações Permanentes de Promoção dos Direitos da Criança e do Adolescente;FUMCAD;Criança e Adolescente;FUMCAD;3;Despesas Correntes;3;Outras Despesas Correntes;50;Transferências a Instituições Privadas sem Fins Lucrativos;39;Serviços de Assistência Social;33503900;08.1.759.0958;PMSP-SMDHC/FUMCAD;2;Outras Despesas;5;Outros Serviços de Terceiros - Pessoa Jurídica;90.10.14.422.4019.6160.33503900.08.1.759.0958;50535.35;0.0;50535.35;19903.76;19903.76;0.0;;759;0958;1;02/03/2026 09:49:02;;08;90;33503900;Contratação PJ sem Fins Lucrativos;6160;UN;"TFM/051/2025/SMDHC/FUMCAD - Projeto ""Todos os Tons""";1;50535.35
01;PREFEITURA DO MUNICÍPIO DE SÃO PAULO;8051;6965;2026;1;23/01/2026 00:00:00;6074.2023/0002022-7;60978723000191;UNIAO BRASILEIRO ISRAELITA DO BEM ESTAR SOCIAL UNIBES;18656;2025;90;FUMCAD;Fundo Municipal dos Direitos da Criança e do Adolescente;10;Fundo Municipal dos Direitos da Criança e do Adolescente;14;Direitos da Cidadania;422;Direitos Individuais, Coletivos e Difusos;4019;Proteção a Crianças e Adolescentes;6160;Ações Permanentes de Promoção dos Direitos da Criança e do Adolescente;FUMCAD;Criança e Adolescente;FUMCAD;3;Despesas Correntes;3;Outras Despesas Correntes;50;Transferências a Instituições Privadas sem Fins Lucrativos;39;Serviços de Assistência Social;33503900;08.1.759.0958;PMSP-SMDHC/FUMCAD;2;Remuneração de Pessoal;5;Outros Serviços de Terceiros - Pessoa Jurídica;90.10.14.422.4019.6160.33503900.08.1.759.0958;370304.86;0.0;370304.86;121338.12;121338.12;0.0;;759;0958;1;02/03/2026 09:49:02;;08;90;33503900;Contratação PJ sem Fins Lucrativos;6160;UN;"TFM/051/2025/SMDHC/FUMCAD - Projeto ""Todos os Tons""";1;370304.86
01;PREFEITURA DO MUNICÍPIO DE SÃO PAULO;8999;8520;2026;1;26/01/2026 00:00:00;6074.2023/0001994-6;02449283000189;INSTITUTO DA OPORTUNIDADE SOCIAL;21;2026;90;FUMCAD;Fundo Municipal dos Direitos da Criança e do Adolescente;10;Fundo Municipal dos Direitos da Criança e do Adolescente;14;Direitos da Cidadania;422;Direitos Individuais, Coletivos e Difusos;4019;Proteção a Crianças e Adolescentes;6160;Ações Permanentes de Promoção dos Direitos da Criança e do Adolescente;FUMCAD;Criança e Adolescente;FUMCAD;3;Despesas Correntes;3;Outras Despesas Correntes;50;Transferências a Instituições Privadas sem Fins Lucrativos;39;Serviços de Assistência Social;33503900;08.1.759.0958;PMSP-SMDHC/FUMCAD;2;Outras Despesas;5;Outros Serviços de Terceiros - Pessoa Jurídica;90.10.14.422.4019.6160.33503900.08.1.759.0958;191723.68;0.0;191723.68;102329.68;102329.68;0.0;;759;0958;1;02/03/2026 09:49:02;;08;90;33503900;Contratação PJ sem Fins Lucrativos;6160;UN;"TFM/167/2025/SMDHC/FUMCAD - Projeto ""Jovens do Amanhã - Formados e Preparados em TI para as Profissões do Futuro” - Edição Zona Sul.";1;191723.68
01;PREFEITURA DO MUNICÍPIO DE SÃO PAULO;8999;8524;2026;1;26/01/2026 00:00:00;6074.2023/0001994-6;02449283000189;INSTITUTO DA OPORTUNIDADE SOCIAL;21;2026;90;FUMCAD;Fundo Municipal dos Direitos da Criança e do Adolescente;10;Fundo Municipal dos Direitos da Criança e do Adolescente;14;Direitos da Cidadania;422;Direitos Individuais, Coletivos e Difusos;4019;Proteção a Crianças e Adolescentes;6160;Ações Permanentes de Promoção dos Direitos da Criança e do Adolescente;FUMCAD;Criança e Adolescente;FUMCAD;3;Despesas Correntes;3;Outras Despesas Correntes;50;Transferências a Instituições Privadas sem Fins Lucrativos;39;Serviços de Assistência Social;33503900;08.1.759.0958;PMSP-SMDHC/FUMCAD;2;Remuneração de Pessoal;5;Outros Serviços de Terceiros - Pessoa Jurídica;90.10.14.422.4019.6160.33503900.08.1.759.0958;345514.18;0.0;345514.18;188462.25;188462.25;0.0;;759;0958;1;02/03/2026 09:49:02;;08;90;33503900;Contratação PJ sem Fins Lucrativos;6160;UN;"TFM/167/2025/SMDHC/FUMCAD - Projeto ""Jovens do Amanhã - Formados e Preparados em TI para as Profissões do Futuro” - Edição Zona Sul.";1;345514.18
01;PREFEITURA DO MUNICÍPIO DE SÃO PAULO;11019;11691;2026;1;28/01/2026 00:00:00;6074.2023/0002213-0;61750246000175;ACAO COMUNITARIA DO BRASIL VOCACAO;2663;2026;90;FUMCAD;Fundo Municipal dos Direitos da Criança e do Adolescente;10;Fundo Municipal dos Direitos da Criança e do Adolescente;14;Direitos da Cidadania;422;Direitos Individuais, Coletivos e Difusos;4019;Proteção a Crianças e Adolescentes;6160;Ações Permanentes de Promoção dos Direitos da Criança e do Adolescente;FUMCAD;Criança e Adolescente;FUMCAD;3;Despesas Correntes;3;Outras Despesas Correntes;50;Transferências a Instituições Privadas sem Fins Lucrativos;39;Serviços de Assistência Social;33503900;08.1.759.0958;PMSP-SMDHC/FUMCAD;2;Outras Despesas;5;Outros Serviços de Terceiros - Pessoa Jurídica;90.10.14.422.4019.6160.33503900.08.1.759.0958;378632.52;0.0;378632.52;258632.52;258632.52;0.0;;759;0958;1;02/03/2026 09:49:02;;08;90;33503900;Contratação PJ sem Fins Lucrativos;6160;UND;"Termo de Fomento objetivando a implementação do projeto “Semeando Sustentabilidade com Crianças e Adolescentes"", cujo escopo é ""Transmitir conhecimento sobre tema sustentabilidade e conservação, de maneira ampla para crianças, adolescentes e orientadores socioeducativos, complementando a educação ambiental formal"".";1;378632.52
01;PREFEITURA DO MUNICÍPIO DE SÃO PAULO;11019;11706;2026;1;28/01/2026 00:00:00;6074.2023/0002213-0;61750246000175;ACAO COMUNITARIA DO BRASIL VOCACAO;2663;2026;90;FUMCAD;Fundo Municipal dos Direitos da Criança e do Adolescente;10;Fundo Municipal dos Direitos da Criança e do Adolescente;14;Direitos da Cidadania;422;Direitos Individuais, Coletivos e Difusos;4019;Proteção a Crianças e Adolescentes;6160;Ações Permanentes de Promoção dos Direitos da Criança e do Adolescente;FUMCAD;Criança e Adolescente;FUMCAD;3;Despesas Correntes;3;Outras Despesas Correntes;50;Transferências a Instituições Privadas sem Fins Lucrativos;39;Serviços de Assistência Social;33503900;08.1.759.0958;PMSP-SMDHC/FUMCAD;2;Remuneração de Pessoal;5;Outros Serviços de Terceiros - Pessoa Jurídica;90.10.14.422.4019.6160.33503900.08.1.759.0958;1062349.73;0.0;1062349.73;579463.5;579463.5;0.0;;759;0958;1;02/03/2026 09:49:02;;08;90;33503900;Contratação PJ sem Fins Lucrativos;6160;UND;"Termo de Fomento objetivando a implementação do projeto “Semeando Sustentabilidade com Crianças e Adolescentes"", cujo escopo é ""Transmitir conhecimento sobre tema sustentabilidade e conservação, de maneira ampla para crianças, adolescentes e orientadores socioeducativos, complementando a educação ambiental formal"".";1;1062349.73
01;PREFEITURA DO MUNICÍPIO DE SÃO PAULO;15930;17733;2026;2;09/02/2026 00:00:00;6074.2023/0002196-7;43082197000168;ARRASTAO MOVIMENTO DE PROMOCAO HUMANA;17357;2025;90;FUMCAD;Fundo Municipal dos Direitos da Criança e do Adolescente;10;Fundo Municipal dos Direitos da Criança e do Adolescente;14;Direitos da Cidadania;422;Direitos Individuais, Coletivos e Difusos;4019;Proteção a Crianças e Adolescentes;6160;Ações Permanentes de Promoção dos Direitos da Criança e do Adolescente;FUMCAD;Criança e Adolescente;FUMCAD;3;Despesas Correntes;3;Outras Despesas Correntes;50;Transferências a Instituições Privadas sem Fins Lucrativos;39;Serviços de Assistência Social;33503900;08.1.759.0958;PMSP-SMDHC/FUMCAD;2;Outras Despesas;5;Outros Serviços de Terceiros - Pessoa Jurídica;90.10.14.422.4019.6160.33503900.08.1.759.0958;150634.81;0.0;150634.81;77846.81;0.0;0.0;;759;0958;1;02/03/2026 09:49:02;;08;90;33503900;Contratação PJ sem Fins Lucrativos;6160;UND;"TFM/043/2025/SMDHC/FUMCAD - Projeto Periferia no Futuro II, cujo escopo é ""Contribuir para o desenvolvimento local sustentável da Zona Sul de São Paulo";1;150634.81
01;PREFEITURA DO MUNICÍPIO DE SÃO PAULO;15930;17736;2026;2;09/02/2026 00:00:00;6074.2023/0002196-7;43082197000168;ARRASTAO MOVIMENTO DE PROMOCAO HUMANA;17357;2025;90;FUMCAD;Fundo Municipal dos Direitos da Criança e do Adolescente;10;Fundo Municipal dos Direitos da Criança e do Adolescente;14;Direitos da Cidadania;422;Direitos Individuais, Coletivos e Difusos;4019;Proteção a Crianças e Adolescentes;6160;Ações Permanentes de Promoção dos Direitos da Criança e do Adolescente;FUMCAD;Criança e Adolescente;FUMCAD;3;Despesas Correntes;3;Outras Despesas Correntes;50;Transferências a Instituições Privadas sem Fins Lucrativos;39;Serviços de Assistência Social;33503900;08.1.759.0958;PMSP-SMDHC/FUMCAD;2;Remuneração de Pessoal;5;Outros Serviços de Terceiros - Pessoa Jurídica;90.10.14.422.4019.6160.33503900.08.1.759.0958;110378.16;0.0;110378.16;55189.08;0.0;0.0;;759;0958;1;02/03/2026 09:49:02;;08;90;33503900;Contratação PJ sem Fins Lucrativos;6160;UND;"TFM/043/2025/SMDHC/FUMCAD - Projeto Periferia no Futuro II, cujo escopo é ""Contribuir para o desenvolvimento local sustentável da Zona Sul de São Paulo";1;110378.16
